scope,split,metric_name,stored_value,recomputed_value,absolute_difference,match_status
HYDERABAD,TEST,ROC_AUC,0.8497854077253219,0.8497854077253219,0,MATCH
HYDERABAD,TEST,PR_AUC,0.11794756655012265,0.11794756655012263,1.3877787807814457e-17,MATCH
HYDERABAD,TEST,average_precision,0.13821145100902027,0.13821145100902027,0,MATCH
HYDERABAD,TEST,TP,0,0,0,MATCH
HYDERABAD,TEST,TN,461,461,0,MATCH
HYDERABAD,TEST,FP,5,5,0,MATCH
HYDERABAD,TEST,FN,11,11,0,MATCH
HYDERABAD,TEST,sensitivity,0,0,0,MATCH
HYDERABAD,TEST,specificity,0.9892703862660944,0.9892703862660944,0,MATCH
HYDERABAD,TEST,precision,0,0,0,MATCH
HYDERABAD,TEST,NPV,0.9766949152542372,0.9766949152542372,0,MATCH
HYDERABAD,TEST,F1,NA,NA,0,BOTH_NA
HYDERABAD,TEST,balanced_accuracy,0.4946351931330472,0.4946351931330472,0,MATCH
HYDERABAD,TEST,accuracy,0.9664570230607966,0.9664570230607966,0,MATCH
INDIA,TEST,ROC_AUC,0.9345478830801728,0.9345478830801727,1.1102230246251565e-16,MATCH
INDIA,TEST,PR_AUC,0.8335440088601291,0.8335440088601291,0,MATCH
INDIA,TEST,average_precision,0.8338761058815921,0.8338761058815921,0,MATCH
INDIA,TEST,TP,192,192,0,MATCH
INDIA,TEST,TN,1049,1049,0,MATCH
INDIA,TEST,FP,46,46,0,MATCH
INDIA,TEST,FN,102,102,0,MATCH
INDIA,TEST,sensitivity,0.6530612244897959,0.6530612244897959,0,MATCH
INDIA,TEST,specificity,0.9579908675799088,0.9579908675799087,1.1102230246251565e-16,MATCH
INDIA,TEST,precision,0.8067226890756303,0.8067226890756303,0,MATCH
INDIA,TEST,NPV,0.9113814074717635,0.9113814074717637,1.1102230246251565e-16,MATCH
INDIA,TEST,F1,0.7218045112781954,0.7218045112781954,0,MATCH
INDIA,TEST,balanced_accuracy,0.8055260460348523,0.8055260460348523,0,MATCH
INDIA,TEST,accuracy,0.8934485241180705,0.8934485241180705,0,MATCH
HYDERABAD,FINAL_RECENT_HOLDOUT,ROC_AUC,NA,NA,0,BOTH_NA
HYDERABAD,FINAL_RECENT_HOLDOUT,PR_AUC,NA,NA,0,BOTH_NA
HYDERABAD,FINAL_RECENT_HOLDOUT,average_precision,NA,NA,0,BOTH_NA
HYDERABAD,FINAL_RECENT_HOLDOUT,TP,0,0,0,MATCH
HYDERABAD,FINAL_RECENT_HOLDOUT,TN,111,111,0,MATCH
HYDERABAD,FINAL_RECENT_HOLDOUT,FP,0,0,0,MATCH
HYDERABAD,FINAL_RECENT_HOLDOUT,FN,0,0,0,MATCH
HYDERABAD,FINAL_RECENT_HOLDOUT,sensitivity,NA,NA,0,BOTH_NA
HYDERABAD,FINAL_RECENT_HOLDOUT,specificity,1,1,0,MATCH
HYDERABAD,FINAL_RECENT_HOLDOUT,precision,NA,NA,0,BOTH_NA
HYDERABAD,FINAL_RECENT_HOLDOUT,NPV,1,1,0,MATCH
HYDERABAD,FINAL_RECENT_HOLDOUT,F1,NA,NA,0,BOTH_NA
HYDERABAD,FINAL_RECENT_HOLDOUT,balanced_accuracy,NA,NA,0,BOTH_NA
HYDERABAD,FINAL_RECENT_HOLDOUT,accuracy,1,1,0,MATCH
INDIA,FINAL_RECENT_HOLDOUT,ROC_AUC,0.8842592592592593,0.8842592592592593,0,MATCH
INDIA,FINAL_RECENT_HOLDOUT,PR_AUC,0.5419410375783933,0.5419410375783933,0,MATCH
INDIA,FINAL_RECENT_HOLDOUT,average_precision,0.5667060834286939,0.5667060834286939,0,MATCH
INDIA,FINAL_RECENT_HOLDOUT,TP,10,10,0,MATCH
INDIA,FINAL_RECENT_HOLDOUT,TN,211,211,0,MATCH
INDIA,FINAL_RECENT_HOLDOUT,FP,5,5,0,MATCH
INDIA,FINAL_RECENT_HOLDOUT,FN,12,12,0,MATCH
INDIA,FINAL_RECENT_HOLDOUT,sensitivity,0.4545454545454546,0.45454545454545453,5.551115123125783e-17,MATCH
INDIA,FINAL_RECENT_HOLDOUT,specificity,0.976851851851852,0.9768518518518519,1.1102230246251565e-16,MATCH
INDIA,FINAL_RECENT_HOLDOUT,precision,0.6666666666666666,0.6666666666666666,0,MATCH
INDIA,FINAL_RECENT_HOLDOUT,NPV,0.9461883408071748,0.9461883408071748,0,MATCH
INDIA,FINAL_RECENT_HOLDOUT,F1,0.5405405405405405,0.5405405405405405,0,MATCH
INDIA,FINAL_RECENT_HOLDOUT,balanced_accuracy,0.7156986531986532,0.7156986531986532,0,MATCH
INDIA,FINAL_RECENT_HOLDOUT,accuracy,0.9285714285714286,0.9285714285714286,0,MATCH
