scope,split,model_name,model_family,phase,ROC_AUC,PR_AUC,average_precision,sensitivity,specificity,precision,F1,balanced_accuracy,accuracy,TP,TN,FP,FN
HYDERABAD,TEST,RBF_SVM,Radial Basis Function SVM,Phase 5B,0.8497854077253219,0.11794756655012265,0.13821145100902027,0,0.9892703862660944,0,NA,0.4946351931330472,0.9664570230607966,0,461,5,11
HYDERABAD,TEST,MODEL_B,Logistic Model B (Persistence-Aware),Phase 4C,0.9184549356223176,0.16661591540724405,0.20579783337288823,0.18181818181818185,0.9935622317596566,0.4,0.25000000000000006,0.5876902067889193,0.9748427672955976,2,463,3,9
HYDERABAD,TEST,PERSISTENCE,Single-Day AQI Persistence,Phase 4C,0.5844713226687476,0.15716123499142365,0.06432246998284734,0.18181818181818185,0.9871244635193132,0.25,0.2105263157894737,0.5844713226687476,0.9685534591194968,2,460,6,9
HYDERABAD,FINAL_RECENT_HOLDOUT,RBF_SVM,Radial Basis Function SVM,Phase 5B,NA,NA,NA,NA,1,NA,NA,NA,1,0,111,0,0
HYDERABAD,FINAL_RECENT_HOLDOUT,MODEL_B,Logistic Model B (Persistence-Aware),Phase 4C,NA,NA,NA,NA,1,NA,NA,NA,1,0,111,0,0
HYDERABAD,FINAL_RECENT_HOLDOUT,PERSISTENCE,Single-Day AQI Persistence,Phase 4C,NA,NA,NA,NA,1,NA,NA,NA,1,0,111,0,0
INDIA,TEST,RBF_SVM,Radial Basis Function SVM,Phase 5B,0.9345478830801728,0.8335440088601291,0.8338761058815921,0.6530612244897959,0.9579908675799088,0.8067226890756303,0.7218045112781954,0.8055260460348523,0.8934485241180705,192,1049,46,102
INDIA,TEST,MODEL_B,Logistic Model B (Persistence-Aware),Phase 4C,0.93171496909266,0.8254781557712162,0.8258204998988985,0.4217687074829932,0.9908675799086758,0.9253731343283582,0.5794392523364486,0.7063181436958346,0.8704103671706264,124,1085,10,170
INDIA,TEST,PERSISTENCE,Single-Day AQI Persistence,Phase 4C,0.8269592768614294,0.6555243190368361,0.5856249092601129,0.7278911564625851,0.926027397260274,0.7254237288135593,0.7266553480475382,0.8269592768614296,0.8840892728581713,214,1014,81,80
INDIA,FINAL_RECENT_HOLDOUT,RBF_SVM,Radial Basis Function SVM,Phase 5B,0.8842592592592593,0.5419410375783933,0.5667060834286939,0.4545454545454546,0.976851851851852,0.6666666666666666,0.5405405405405405,0.7156986531986532,0.9285714285714286,10,211,5,12
INDIA,FINAL_RECENT_HOLDOUT,MODEL_B,Logistic Model B (Persistence-Aware),Phase 4C,0.8926767676767676,0.5687601987775895,0.5827637717932377,0.2727272727272727,0.9953703703703703,0.8571428571428571,0.41379310344827586,0.6340488215488216,0.9285714285714286,6,215,1,16
INDIA,FINAL_RECENT_HOLDOUT,PERSISTENCE,Single-Day AQI Persistence,Phase 4C,0.7769360269360269,0.5113318054494526,0.403615991851286,0.5909090909090909,0.9629629629629628,0.6190476190476191,0.6046511627906977,0.7769360269360269,0.9285714285714286,13,208,8,9
