dependency,required_by,project_file_exists,archive_member_exists,status
R/30_classification_metrics.R,test_phase5b.R / Phase 5B Pipeline / Review Self-Containment,TRUE,TRUE,PASS
R/32_svm_helpers.R,test_phase5b.R / Phase 5B Pipeline / Review Self-Containment,TRUE,TRUE,PASS
config/phase5B_svm_specification.yml,test_phase5b.R / Phase 5B Pipeline / Review Self-Containment,TRUE,TRUE,PASS
config/phase5B_selected_svm.yml,test_phase5b.R / Phase 5B Pipeline / Review Self-Containment,TRUE,TRUE,PASS
data/processed/UAQI_Master_Daily.csv,test_phase5b.R / Phase 5B Pipeline / Review Self-Containment,TRUE,TRUE,PASS
data/analysis/phase5B/phase5B_design_master.csv,test_phase5b.R / Phase 5B Pipeline / Review Self-Containment,TRUE,TRUE,PASS
data/analysis/phase5B/phase5B_svm_selection.csv,test_phase5b.R / Phase 5B Pipeline / Review Self-Containment,TRUE,TRUE,PASS
data/analysis/phase5B/phase5B_test_predictions.csv,test_phase5b.R / Phase 5B Pipeline / Review Self-Containment,TRUE,TRUE,PASS
data/analysis/phase5B/phase5B_holdout_predictions.csv,test_phase5b.R / Phase 5B Pipeline / Review Self-Containment,TRUE,TRUE,PASS
analysis/phase5B/tables/phase5B_validation_grid.csv,test_phase5b.R / Phase 5B Pipeline / Review Self-Containment,TRUE,TRUE,PASS
analysis/phase5B/tables/phase5B_test_metrics.csv,test_phase5b.R / Phase 5B Pipeline / Review Self-Containment,TRUE,TRUE,PASS
analysis/phase5B/tables/phase5B_holdout_metrics.csv,test_phase5b.R / Phase 5B Pipeline / Review Self-Containment,TRUE,TRUE,PASS
analysis/phase5B/tables/phase5B_prevalence_by_split.csv,test_phase5b.R / Phase 5B Pipeline / Review Self-Containment,TRUE,TRUE,PASS
analysis/phase5B/tables/phase5B_scaling_parameters_train.csv,test_phase5b.R / Phase 5B Pipeline / Review Self-Containment,TRUE,TRUE,PASS
analysis/phase5B/tables/phase5B_scaling_parameters_test_refit.csv,test_phase5b.R / Phase 5B Pipeline / Review Self-Containment,TRUE,TRUE,PASS
analysis/phase5B/tables/phase5B_scaling_parameters_final_history.csv,test_phase5b.R / Phase 5B Pipeline / Review Self-Containment,TRUE,TRUE,PASS
analysis/phase5B/tables/phase5B_support_vector_summary.csv,test_phase5b.R / Phase 5B Pipeline / Review Self-Containment,TRUE,TRUE,PASS
analysis/phase5B/tables/phase5B_comparison_to_phase4.csv,test_phase5b.R / Phase 5B Pipeline / Review Self-Containment,TRUE,TRUE,PASS
analysis/phase5B/tables/phase5B_selection_leakage_audit.csv,test_phase5b.R / Phase 5B Pipeline / Review Self-Containment,TRUE,TRUE,PASS
analysis/phase5B/tables/phase5B_metric_consistency_audit.csv,test_phase5b.R / Phase 5B Pipeline / Review Self-Containment,TRUE,TRUE,PASS
analysis/phase5B/tables/phase5B_final_report_metric_table.csv,test_phase5b.R / Phase 5B Pipeline / Review Self-Containment,TRUE,TRUE,PASS
analysis/phase5B/tables/phase5B_archive_membership_audit.csv,test_phase5b.R / Phase 5B Pipeline / Review Self-Containment,TRUE,TRUE,PASS
analysis/phase4C/tables/phase4_supervised_learning_summary.csv,test_phase5b.R / Phase 5B Pipeline / Review Self-Containment,TRUE,TRUE,PASS
analysis/phase4C/tables/phase4C_test_metrics.csv,test_phase5b.R / Phase 5B Pipeline / Review Self-Containment,TRUE,TRUE,PASS
analysis/phase4C/tables/phase4C_holdout_metrics.csv,test_phase5b.R / Phase 5B Pipeline / Review Self-Containment,TRUE,TRUE,PASS
models/phase5B/hyderabad_svm_train.rds,test_phase5b.R / Phase 5B Pipeline / Review Self-Containment,TRUE,TRUE,PASS
models/phase5B/india_svm_train.rds,test_phase5b.R / Phase 5B Pipeline / Review Self-Containment,TRUE,TRUE,PASS
models/phase5B/hyderabad_svm_test_refit.rds,test_phase5b.R / Phase 5B Pipeline / Review Self-Containment,TRUE,TRUE,PASS
models/phase5B/india_svm_test_refit.rds,test_phase5b.R / Phase 5B Pipeline / Review Self-Containment,TRUE,TRUE,PASS
models/phase5B/hyderabad_svm_final_history.rds,test_phase5b.R / Phase 5B Pipeline / Review Self-Containment,TRUE,TRUE,PASS
models/phase5B/india_svm_final_history.rds,test_phase5b.R / Phase 5B Pipeline / Review Self-Containment,TRUE,TRUE,PASS
scripts/20a_phase5B_prepare_design.R,test_phase5b.R / Phase 5B Pipeline / Review Self-Containment,TRUE,TRUE,PASS
scripts/20b_phase5B_train_validate_select.R,test_phase5b.R / Phase 5B Pipeline / Review Self-Containment,TRUE,TRUE,PASS
scripts/20c_phase5B_test_holdout_evaluation.R,test_phase5b.R / Phase 5B Pipeline / Review Self-Containment,TRUE,TRUE,PASS
scripts/20d_phase5B_figures.R,test_phase5b.R / Phase 5B Pipeline / Review Self-Containment,TRUE,TRUE,PASS
scripts/21a_phase5B1_consistency_audit.R,test_phase5b.R / Phase 5B Pipeline / Review Self-Containment,TRUE,TRUE,PASS
scripts/21b_phase5B2_archive_audit.R,test_phase5b.R / Phase 5B Pipeline / Review Self-Containment,TRUE,TRUE,PASS
tests/testthat/test_phase5b.R,test_phase5b.R / Phase 5B Pipeline / Review Self-Containment,TRUE,TRUE,PASS
docs/reports/phase5b_svm_summary.md,test_phase5b.R / Phase 5B Pipeline / Review Self-Containment,TRUE,TRUE,PASS
phase_5B_svm_classification_report.md,test_phase5b.R / Phase 5B Pipeline / Review Self-Containment,TRUE,TRUE,PASS
phase_5B2_final_svm_freeze_report.md,test_phase5b.R / Phase 5B Pipeline / Review Self-Containment,TRUE,TRUE,PASS
README.md,test_phase5b.R / Phase 5B Pipeline / Review Self-Containment,TRUE,TRUE,PASS
