scope,feature,mean,sd
HYDERABAD,pm2_5_aqi_input,36.82546494992847,17.746230979920387
HYDERABAD,pm10_aqi_input,81.12589413447783,27.89462535280962
HYDERABAD,o3_8h_max,35.414878397711014,16.59430805402657
HYDERABAD,temperature,25.858014425369575,2.9621638590932693
HYDERABAD,humidity,63.14002145922747,18.022909333738543
HYDERABAD,wind_speed,2.6640098950882214,1.1728467850309712
HYDERABAD,sin_wind_direction,-0.13026572849214496,0.8120935453818192
HYDERABAD,cos_wind_direction,0.09152732553555755,0.5620100874228112
HYDERABAD,month_sin,-0.1753388161973747,0.692670651817454
HYDERABAD,month_cos,-0.0499018558056426,0.6983305109842608
HYDERABAD,aqi_verified,85.11158798283262,30.65277160033266
INDIA,pm2_5_aqi_input,50.25964010282777,47.39334186856248
INDIA,pm10_aqi_input,103.8914595829763,71.87314371196265
INDIA,o3_8h_max,42.22107969151671,33.244784271129404
INDIA,temperature,26.655085451775683,4.118748043432042
INDIA,humidity,66.54517756831382,19.480108649782974
INDIA,wind_speed,2.4139045986860896,1.0361909735573376
INDIA,sin_wind_direction,-0.1664620001285615,0.7833249127035112
INDIA,cos_wind_direction,0.012873282309761222,0.599002931681222
INDIA,month_sin,-0.17739177385806384,0.6907720498822377
INDIA,month_cos,-0.08880409024810447,0.6955245772132361
INDIA,aqi_verified,112.35304198800343,80.68319995088875
