deployment_id,commit_sha,commit_sha_short,ref,environment,created_at,most_recent_status,active_state,associated_tag
6689624566,2d1a5e031090d1b1c3a149f4cfbefbbb954c5eff,2d1a5e03,main,github-pages,2026-09-27T07:53:01Z,failure,active,none
6689616895,9e36f20d32e2fbd63a6fc86943e97c4a92c4a72d,9e36f20d,main,github-pages,2026-09-27T07:52:04Z,success,inactive,v0.7.2-header-refinement
6689397562,92531e5f7cb46ecc05edee54cfd1a95444f66d75,92531e5f,main,github-pages,2026-09-27T07:26:24Z,success,inactive,v0.7.1-website-polish
6689382619,a7f0f6a2f3e8411bac9f765cadd31022b012bc61,a7f0f6a2,main,github-pages,2026-09-27T07:24:47Z,success,inactive,none
6689213236,cb2da812286d1f28dd3feb1a68fee99fda2810e5,cb2da812,main,github-pages,2026-09-27T07:04:27Z,success,inactive,none
6689199850,f65ca751789f8aa68e67638ef8716c27e5951d25,f65ca751,main,github-pages,2026-09-27T07:02:47Z,success,inactive,none
6689187671,ea3929c1ea18ca0ff7c0141d80eff88b804331ce,ea3929c1,main,github-pages,2026-09-27T07:01:23Z,success,inactive,none
6688919656,e0485795c1c4c4b3e94738ad71fb02c155d04c19,e0485795,main,github-pages,2026-09-27T06:28:51Z,success,inactive,none
6688917020,0e8b028e7d9e5480b72cf7ee0c98de683ad50a03,0e8b028e,main,github-pages,2026-09-27T06:28:30Z,error,inactive,none
6688585052,6ad8127368e2370e2e411c7254576b382aa11c88,6ad81273,main,github-pages,2026-09-27T05:46:05Z,success,inactive,none
6688543387,f0ec8242baa95d566246801736b56de75ddc4e11,f0ec8242,main,github-pages,2026-09-27T05:40:41Z,success,inactive,none
6684060786,ffe6ab7879c5ccb25ce7c8b654d68fd997650687,ffe6ab78,main,github-pages,2026-09-26T20:47:50Z,success,inactive,none
6684029771,b0910d129e5405b3fcf1d4d22179cd45d55587b6,b0910d12,main,github-pages,2026-09-26T20:44:40Z,success,inactive,none
