"project_station_id","source_location_id","station_name","city","sensor_id","parameter","sensor_status","audit_window_start","audit_window_end","audit_generated_at","days_with_data","days_expected","days_with_data_pct","api_percent_complete_mean","api_percent_coverage_mean","api_coverage_anomaly_count","recent_data_present","coverage_verified","recommendation_status","recommendation_reason"
"PROJ_002",17,"R K Puram, Delhi - DPCC","Delhi","12234785","o3","preferred_current","2026-08-26","2026-09-24","2026-09-24T17:44:07+0530",27,30,90,77.37,77.37,0,TRUE,TRUE,"Recommended","Adequate recent daily coverage"
"PROJ_002",17,"R K Puram, Delhi - DPCC","Delhi","12234787","pm25","preferred_current","2026-08-26","2026-09-24","2026-09-24T17:44:09+0530",27,30,90,84.37,84.37,0,TRUE,TRUE,"Recommended","Adequate recent daily coverage"
"PROJ_002",17,"R K Puram, Delhi - DPCC","Delhi","12234784","no2","preferred_current","2026-08-26","2026-09-24","2026-09-24T17:44:11+0530",27,30,90,86.37,86.37,0,TRUE,TRUE,"Recommended","Adequate recent daily coverage"
"PROJ_002",17,"R K Puram, Delhi - DPCC","Delhi","12234786","pm10","preferred_current","2026-08-26","2026-09-24","2026-09-24T17:44:13+0530",27,30,90,85,85,0,TRUE,TRUE,"Recommended","Adequate recent daily coverage"
"PROJ_002",17,"R K Puram, Delhi - DPCC","Delhi","12234782","co","preferred_current","2026-08-26","2026-09-24","2026-09-24T17:44:15+0530",27,30,90,86.37,86.37,0,TRUE,TRUE,"Recommended","Adequate recent daily coverage"
"PROJ_002",17,"R K Puram, Delhi - DPCC","Delhi","12234789","so2","preferred_current","2026-08-26","2026-09-24","2026-09-24T17:44:17+0530",27,30,90,86.37,86.37,0,TRUE,TRUE,"Recommended","Adequate recent daily coverage"
"PROJ_003",50,"Punjabi Bagh, Delhi - DPCC","Delhi","12234798","so2","preferred_current","2026-08-26","2026-09-24","2026-09-24T17:44:20+0530",26,30,86.67,92,92,0,TRUE,TRUE,"Recommended","Adequate recent daily coverage"
"PROJ_003",50,"Punjabi Bagh, Delhi - DPCC","Delhi","12234796","pm25","preferred_current","2026-08-26","2026-09-24","2026-09-24T17:44:22+0530",27,30,90,88.19,88.19,0,TRUE,TRUE,"Recommended","Adequate recent daily coverage"
"PROJ_003",50,"Punjabi Bagh, Delhi - DPCC","Delhi","12234794","o3","preferred_current","2026-08-26","2026-09-24","2026-09-24T17:44:24+0530",26,30,86.67,90.42,90.42,0,TRUE,TRUE,"Recommended","Adequate recent daily coverage"
"PROJ_003",50,"Punjabi Bagh, Delhi - DPCC","Delhi","12234793","no2","preferred_current","2026-08-26","2026-09-24","2026-09-24T17:44:25+0530",27,30,90,89.56,89.56,0,TRUE,TRUE,"Recommended","Adequate recent daily coverage"
"PROJ_003",50,"Punjabi Bagh, Delhi - DPCC","Delhi","12234791","co","preferred_current","2026-08-26","2026-09-24","2026-09-24T17:44:27+0530",26,30,86.67,92.31,92.31,0,TRUE,TRUE,"Recommended","Adequate recent daily coverage"
"PROJ_003",50,"Punjabi Bagh, Delhi - DPCC","Delhi","12234795","pm10","preferred_current","2026-08-26","2026-09-24","2026-09-24T17:44:29+0530",27,30,90,88.52,88.52,0,TRUE,TRUE,"Recommended","Adequate recent daily coverage"
"PROJ_005",235,"Anand Vihar, New Delhi - DPCC","Delhi","12235608","o3","preferred_current","2026-08-26","2026-09-24","2026-09-24T17:44:31+0530",26,30,86.67,80.35,80.35,0,TRUE,TRUE,"Recommended","Adequate recent daily coverage"
"PROJ_005",235,"Anand Vihar, New Delhi - DPCC","Delhi","12235605","co","preferred_current","2026-08-26","2026-09-24","2026-09-24T17:44:34+0530",26,30,86.67,73.08,73.08,0,TRUE,TRUE,"Recommended","Adequate recent daily coverage"
"PROJ_005",235,"Anand Vihar, New Delhi - DPCC","Delhi","12235612","so2","preferred_current","2026-08-26","2026-09-24","2026-09-24T17:44:36+0530",26,30,86.67,81.31,81.31,0,TRUE,TRUE,"Recommended","Adequate recent daily coverage"
"PROJ_005",235,"Anand Vihar, New Delhi - DPCC","Delhi","12235607","no2","preferred_current","2026-08-26","2026-09-24","2026-09-24T17:44:38+0530",26,30,86.67,81.31,81.31,0,TRUE,TRUE,"Recommended","Adequate recent daily coverage"
"PROJ_005",235,"Anand Vihar, New Delhi - DPCC","Delhi","12235609","pm10","preferred_current","2026-08-26","2026-09-24","2026-09-24T17:44:41+0530",26,30,86.67,64.96,64.96,0,TRUE,TRUE,"Recommended","Adequate recent daily coverage"
"PROJ_005",235,"Anand Vihar, New Delhi - DPCC","Delhi","12235610","pm25","preferred_current","2026-08-26","2026-09-24","2026-09-24T17:44:45+0530",26,30,86.67,79.73,79.73,0,TRUE,TRUE,"Recommended","Adequate recent daily coverage"
"PROJ_007",407,"Zoo Park, Hyderabad - TSPCB","Hyderabad","12235585","so2","preferred_current","2026-08-26","2026-09-24","2026-09-24T17:44:49+0530",27,30,90,87.56,87.56,0,TRUE,TRUE,"Recommended","Adequate recent daily coverage"
"PROJ_007",407,"Zoo Park, Hyderabad - TSPCB","Hyderabad","12235581","o3","preferred_current","2026-08-26","2026-09-24","2026-09-24T17:44:53+0530",27,30,90,87.56,87.56,0,TRUE,TRUE,"Recommended","Adequate recent daily coverage"
"PROJ_007",407,"Zoo Park, Hyderabad - TSPCB","Hyderabad","12235578","co","preferred_current","2026-08-26","2026-09-24","2026-09-24T17:44:58+0530",27,30,90,87.7,87.7,0,TRUE,TRUE,"Recommended","Adequate recent daily coverage"
"PROJ_007",407,"Zoo Park, Hyderabad - TSPCB","Hyderabad","12235580","no2","preferred_current","2026-08-26","2026-09-24","2026-09-24T17:45:01+0530",27,30,90,87.56,87.56,0,TRUE,TRUE,"Recommended","Adequate recent daily coverage"
"PROJ_007",407,"Zoo Park, Hyderabad - TSPCB","Hyderabad","12235583","pm25","preferred_current","2026-08-26","2026-09-24","2026-09-24T17:45:04+0530",27,30,90,85.33,85.33,0,TRUE,TRUE,"Recommended","Adequate recent daily coverage"
"PROJ_007",407,"Zoo Park, Hyderabad - TSPCB","Hyderabad","12235582","pm10","preferred_current","2026-08-26","2026-09-24","2026-09-24T17:45:06+0530",27,30,90,85.52,85.52,0,TRUE,TRUE,"Recommended","Adequate recent daily coverage"
"PROJ_036",5599,"Bollaram Industrial Area, Hyderabad - TSPCB","Hyderabad","12235400","pm25","preferred_current","2026-08-26","2026-09-24","2026-09-24T17:45:08+0530",24,30,80,67.83,67.83,0,TRUE,TRUE,"Recommended","Adequate recent daily coverage"
"PROJ_036",5599,"Bollaram Industrial Area, Hyderabad - TSPCB","Hyderabad","12235399","pm10","preferred_current","2026-08-26","2026-09-24","2026-09-24T17:45:10+0530",24,30,80,66.46,66.46,0,TRUE,TRUE,"Recommended","Adequate recent daily coverage"
"PROJ_036",5599,"Bollaram Industrial Area, Hyderabad - TSPCB","Hyderabad","12235402","so2","preferred_current","2026-08-26","2026-09-24","2026-09-24T17:45:12+0530",25,30,83.33,67.8,67.8,0,TRUE,TRUE,"Recommended","Adequate recent daily coverage"
"PROJ_036",5599,"Bollaram Industrial Area, Hyderabad - TSPCB","Hyderabad","12235398","o3","preferred_current","2026-08-26","2026-09-24","2026-09-24T17:45:14+0530",25,30,83.33,67.8,67.8,0,TRUE,TRUE,"Recommended","Adequate recent daily coverage"
"PROJ_036",5599,"Bollaram Industrial Area, Hyderabad - TSPCB","Hyderabad","12235395","co","preferred_current","2026-08-26","2026-09-24","2026-09-24T17:45:16+0530",25,30,83.33,67.4,67.4,0,TRUE,TRUE,"Recommended","Adequate recent daily coverage"
"PROJ_036",5599,"Bollaram Industrial Area, Hyderabad - TSPCB","Hyderabad","12235397","no2","preferred_current","2026-08-26","2026-09-24","2026-09-24T17:45:19+0530",25,30,83.33,67.8,67.8,0,TRUE,TRUE,"Recommended","Adequate recent daily coverage"
"PROJ_044",5623,"Central University, Hyderabad - TSPCB","Hyderabad","12242116","co","preferred_current","2026-08-26","2026-09-24","2026-09-24T17:45:20+0530",27,30,90,90.04,90.04,0,TRUE,TRUE,"Recommended","Adequate recent daily coverage"
"PROJ_044",5623,"Central University, Hyderabad - TSPCB","Hyderabad","12242118","no2","preferred_current","2026-08-26","2026-09-24","2026-09-24T17:45:23+0530",27,30,90,89.3,89.3,0,TRUE,TRUE,"Recommended","Adequate recent daily coverage"
"PROJ_044",5623,"Central University, Hyderabad - TSPCB","Hyderabad","12242119","o3","preferred_current","2026-08-26","2026-09-24","2026-09-24T17:45:25+0530",27,30,90,90.04,90.04,0,TRUE,TRUE,"Recommended","Adequate recent daily coverage"
"PROJ_044",5623,"Central University, Hyderabad - TSPCB","Hyderabad","12242121","pm25","preferred_current","2026-08-26","2026-09-24","2026-09-24T17:45:27+0530",27,30,90,86.52,86.52,0,TRUE,TRUE,"Recommended","Adequate recent daily coverage"
"PROJ_044",5623,"Central University, Hyderabad - TSPCB","Hyderabad","12242120","pm10","preferred_current","2026-08-26","2026-09-24","2026-09-24T17:45:29+0530",27,30,90,84.63,84.63,0,TRUE,TRUE,"Recommended","Adequate recent daily coverage"
"PROJ_044",5623,"Central University, Hyderabad - TSPCB","Hyderabad","12242123","so2","preferred_current","2026-08-26","2026-09-24","2026-09-24T17:45:32+0530",27,30,90,88.04,88.04,0,TRUE,TRUE,"Recommended","Adequate recent daily coverage"
"PROJ_030",5548,"BTM Layout, Bengaluru - CPCB","Bengaluru","12235359","o3","preferred_current","2026-08-26","2026-09-24","2026-09-24T17:45:34+0530",5,30,16.67,82.6,82.6,0,TRUE,TRUE,"Not recommended","Insufficient coverage"
"PROJ_030",5548,"BTM Layout, Bengaluru - CPCB","Bengaluru","12235356","co","preferred_current","2026-08-26","2026-09-24","2026-09-24T17:45:36+0530",0,30,0,NA,NA,0,FALSE,TRUE,"Not recommended","Insufficient coverage"
"PROJ_030",5548,"BTM Layout, Bengaluru - CPCB","Bengaluru","12235363","so2","preferred_current","2026-08-26","2026-09-24","2026-09-24T17:45:38+0530",5,30,16.67,82.6,82.6,0,TRUE,TRUE,"Not recommended","Insufficient coverage"
"PROJ_030",5548,"BTM Layout, Bengaluru - CPCB","Bengaluru","12235360","pm10","preferred_current","2026-08-26","2026-09-24","2026-09-24T17:45:40+0530",5,30,16.67,82.6,82.6,0,TRUE,TRUE,"Not recommended","Insufficient coverage"
"PROJ_030",5548,"BTM Layout, Bengaluru - CPCB","Bengaluru","12235361","pm25","preferred_current","2026-08-26","2026-09-24","2026-09-24T17:45:42+0530",5,30,16.67,82.6,82.6,0,TRUE,TRUE,"Not recommended","Insufficient coverage"
"PROJ_030",5548,"BTM Layout, Bengaluru - CPCB","Bengaluru","12235358","no2","preferred_current","2026-08-26","2026-09-24","2026-09-24T17:45:43+0530",5,30,16.67,82.6,82.6,0,TRUE,TRUE,"Not recommended","Insufficient coverage"
"PROJ_038",5607,"Peenya, Bengaluru - CPCB","Bengaluru","12235365","co","preferred_current","2026-08-26","2026-09-24","2026-09-24T17:45:46+0530",27,30,90,87.7,87.7,0,TRUE,TRUE,"Recommended","Adequate recent daily coverage"
"PROJ_038",5607,"Peenya, Bengaluru - CPCB","Bengaluru","12235370","pm25","preferred_current","2026-08-26","2026-09-24","2026-09-24T17:45:50+0530",20,30,66.67,61.9,61.9,0,TRUE,TRUE,"Recommended","Adequate recent daily coverage"
"PROJ_038",5607,"Peenya, Bengaluru - CPCB","Bengaluru","12235368","o3","preferred_current","2026-08-26","2026-09-24","2026-09-24T17:45:54+0530",27,30,90,85.37,85.37,0,TRUE,TRUE,"Recommended","Adequate recent daily coverage"
"PROJ_038",5607,"Peenya, Bengaluru - CPCB","Bengaluru","12235367","no2","preferred_current","2026-08-26","2026-09-24","2026-09-24T17:45:59+0530",27,30,90,83.19,83.19,0,TRUE,TRUE,"Recommended","Adequate recent daily coverage"
"PROJ_038",5607,"Peenya, Bengaluru - CPCB","Bengaluru","12235369","pm10","preferred_current","2026-08-26","2026-09-24","2026-09-24T17:46:01+0530",18,30,60,65.56,65.56,0,TRUE,TRUE,"Recommended","Adequate recent daily coverage"
"PROJ_038",5607,"Peenya, Bengaluru - CPCB","Bengaluru","12235372","so2","preferred_current","2026-08-26","2026-09-24","2026-09-24T17:46:03+0530",27,30,90,87.56,87.56,0,TRUE,TRUE,"Recommended","Adequate recent daily coverage"
"PROJ_101",6973,"Jayanagar 5th Block, Bengaluru - KSPCB","Bengaluru","12235269","so2","preferred_current","2026-08-26","2026-09-24","2026-09-24T17:46:05+0530",27,30,90,78.44,78.44,0,TRUE,TRUE,"Recommended","Adequate recent daily coverage"
"PROJ_101",6973,"Jayanagar 5th Block, Bengaluru - KSPCB","Bengaluru","12235264","no2","preferred_current","2026-08-26","2026-09-24","2026-09-24T17:46:07+0530",27,30,90,86.33,86.33,0,TRUE,TRUE,"Recommended","Adequate recent daily coverage"
"PROJ_101",6973,"Jayanagar 5th Block, Bengaluru - KSPCB","Bengaluru","12235266","pm10","preferred_current","2026-08-26","2026-09-24","2026-09-24T17:46:09+0530",27,30,90,85.11,85.11,0,TRUE,TRUE,"Recommended","Adequate recent daily coverage"
"PROJ_101",6973,"Jayanagar 5th Block, Bengaluru - KSPCB","Bengaluru","12235267","pm25","preferred_current","2026-08-26","2026-09-24","2026-09-24T17:46:11+0530",27,30,90,82.26,82.26,0,TRUE,TRUE,"Recommended","Adequate recent daily coverage"
"PROJ_101",6973,"Jayanagar 5th Block, Bengaluru - KSPCB","Bengaluru","12235265","o3","preferred_current","2026-08-26","2026-09-24","2026-09-24T17:46:13+0530",27,30,90,83.41,83.41,0,TRUE,TRUE,"Recommended","Adequate recent daily coverage"
"PROJ_101",6973,"Jayanagar 5th Block, Bengaluru - KSPCB","Bengaluru","12235262","co","preferred_current","2026-08-26","2026-09-24","2026-09-24T17:46:15+0530",27,30,90,83.74,83.74,0,TRUE,TRUE,"Recommended","Adequate recent daily coverage"
"PROJ_094",6950,"Jadavpur, Kolkata - WBPCB","Kolkata","12235885","o3","preferred_current","2026-08-26","2026-09-24","2026-09-24T17:46:17+0530",27,30,90,90.04,90.04,0,TRUE,TRUE,"Recommended","Adequate recent daily coverage"
"PROJ_094",6950,"Jadavpur, Kolkata - WBPCB","Kolkata","12235889","so2","preferred_current","2026-08-26","2026-09-24","2026-09-24T17:46:19+0530",27,30,90,90.04,90.04,0,TRUE,TRUE,"Recommended","Adequate recent daily coverage"
"PROJ_094",6950,"Jadavpur, Kolkata - WBPCB","Kolkata","12235884","no2","preferred_current","2026-08-26","2026-09-24","2026-09-24T17:46:21+0530",27,30,90,90.04,90.04,0,TRUE,TRUE,"Recommended","Adequate recent daily coverage"
"PROJ_094",6950,"Jadavpur, Kolkata - WBPCB","Kolkata","12235886","pm10","preferred_current","2026-08-26","2026-09-24","2026-09-24T17:46:24+0530",27,30,90,90.04,90.04,0,TRUE,TRUE,"Recommended","Adequate recent daily coverage"
"PROJ_094",6950,"Jadavpur, Kolkata - WBPCB","Kolkata","12235882","co","preferred_current","2026-08-26","2026-09-24","2026-09-24T17:46:26+0530",24,30,80,86.67,86.67,0,TRUE,TRUE,"Recommended","Adequate recent daily coverage"
"PROJ_094",6950,"Jadavpur, Kolkata - WBPCB","Kolkata","12235887","pm25","preferred_current","2026-08-26","2026-09-24","2026-09-24T17:46:27+0530",27,30,90,90.04,90.04,0,TRUE,TRUE,"Recommended","Adequate recent daily coverage"
"PROJ_104",6981,"Fort William, Kolkata - WBPCB","Kolkata","12235877","pm10","preferred_current","2026-08-26","2026-09-24","2026-09-24T17:46:29+0530",27,30,90,83.56,83.56,0,TRUE,TRUE,"Recommended","Adequate recent daily coverage"
"PROJ_104",6981,"Fort William, Kolkata - WBPCB","Kolkata","12235876","o3","preferred_current","2026-08-26","2026-09-24","2026-09-24T17:46:31+0530",27,30,90,87.26,87.26,0,TRUE,TRUE,"Recommended","Adequate recent daily coverage"
"PROJ_104",6981,"Fort William, Kolkata - WBPCB","Kolkata","12235880","so2","preferred_current","2026-08-26","2026-09-24","2026-09-24T17:46:34+0530",27,30,90,87.26,87.26,0,TRUE,TRUE,"Recommended","Adequate recent daily coverage"
"PROJ_104",6981,"Fort William, Kolkata - WBPCB","Kolkata","12235873","co","preferred_current","2026-08-26","2026-09-24","2026-09-24T17:46:36+0530",27,30,90,87.26,87.26,0,TRUE,TRUE,"Recommended","Adequate recent daily coverage"
"PROJ_104",6981,"Fort William, Kolkata - WBPCB","Kolkata","12235878","pm25","preferred_current","2026-08-26","2026-09-24","2026-09-24T17:46:38+0530",27,30,90,83.56,83.56,0,TRUE,TRUE,"Recommended","Adequate recent daily coverage"
"PROJ_104",6981,"Fort William, Kolkata - WBPCB","Kolkata","12235875","no2","preferred_current","2026-08-26","2026-09-24","2026-09-24T17:46:41+0530",27,30,90,87.26,87.26,0,TRUE,TRUE,"Recommended","Adequate recent daily coverage"
"PROJ_135",10633,"Victoria, Kolkata - WBPCB","Kolkata","12235675","co","preferred_current","2026-08-26","2026-09-24","2026-09-24T17:46:43+0530",26,30,86.67,88.54,88.54,0,TRUE,TRUE,"Recommended","Adequate recent daily coverage"
"PROJ_135",10633,"Victoria, Kolkata - WBPCB","Kolkata","12235677","no2","preferred_current","2026-08-26","2026-09-24","2026-09-24T17:46:47+0530",26,30,86.67,88.38,88.38,0,TRUE,TRUE,"Recommended","Adequate recent daily coverage"
"PROJ_135",10633,"Victoria, Kolkata - WBPCB","Kolkata","12235679","pm10","preferred_current","2026-08-26","2026-09-24","2026-09-24T17:46:52+0530",25,30,83.33,84.08,84.08,0,TRUE,TRUE,"Recommended","Adequate recent daily coverage"
"PROJ_135",10633,"Victoria, Kolkata - WBPCB","Kolkata","12235678","o3","preferred_current","2026-08-26","2026-09-24","2026-09-24T17:46:56+0530",26,30,86.67,88.69,88.69,0,TRUE,TRUE,"Recommended","Adequate recent daily coverage"
"PROJ_135",10633,"Victoria, Kolkata - WBPCB","Kolkata","12235682","so2","preferred_current","2026-08-26","2026-09-24","2026-09-24T17:47:00+0530",26,30,86.67,87.92,87.92,0,TRUE,TRUE,"Recommended","Adequate recent daily coverage"
"PROJ_135",10633,"Victoria, Kolkata - WBPCB","Kolkata","12235680","pm25","preferred_current","2026-08-26","2026-09-24","2026-09-24T17:47:02+0530",26,30,86.67,88.04,88.04,0,TRUE,TRUE,"Recommended","Adequate recent daily coverage"
"PROJ_040",5612,"Shastri Nagar, Jaipur - RSPCB","Jaipur","12234875","pm10","preferred_current","2026-08-26","2026-09-24","2026-09-24T17:47:04+0530",26,30,86.67,84.27,84.27,0,TRUE,TRUE,"Recommended","Adequate recent daily coverage"
"PROJ_040",5612,"Shastri Nagar, Jaipur - RSPCB","Jaipur","12234873","no2","preferred_current","2026-08-26","2026-09-24","2026-09-24T17:47:07+0530",26,30,86.67,82.65,82.65,0,TRUE,TRUE,"Recommended","Adequate recent daily coverage"
"PROJ_040",5612,"Shastri Nagar, Jaipur - RSPCB","Jaipur","12234874","o3","preferred_current","2026-08-26","2026-09-24","2026-09-24T17:47:09+0530",26,30,86.67,84.42,84.42,0,TRUE,TRUE,"Recommended","Adequate recent daily coverage"
"PROJ_040",5612,"Shastri Nagar, Jaipur - RSPCB","Jaipur","12234871","co","preferred_current","2026-08-26","2026-09-24","2026-09-24T17:47:12+0530",25,30,83.33,86.92,86.92,0,TRUE,TRUE,"Recommended","Adequate recent daily coverage"
"PROJ_040",5612,"Shastri Nagar, Jaipur - RSPCB","Jaipur","12234876","pm25","preferred_current","2026-08-26","2026-09-24","2026-09-24T17:47:14+0530",26,30,86.67,84.27,84.27,0,TRUE,TRUE,"Recommended","Adequate recent daily coverage"
"PROJ_040",5612,"Shastri Nagar, Jaipur - RSPCB","Jaipur","12234878","so2","preferred_current","2026-08-26","2026-09-24","2026-09-24T17:47:16+0530",25,30,83.33,83.56,83.56,0,TRUE,TRUE,"Recommended","Adequate recent daily coverage"
"PROJ_051",5633,"Police Commissionerate, Jaipur - RSPCB","Jaipur","12234804","pm10","preferred_current","2026-08-26","2026-09-24","2026-09-24T17:47:18+0530",27,30,90,88.85,88.85,0,TRUE,TRUE,"Recommended","Adequate recent daily coverage"
"PROJ_051",5633,"Police Commissionerate, Jaipur - RSPCB","Jaipur","12234807","so2","preferred_current","2026-08-26","2026-09-24","2026-09-24T17:47:20+0530",27,30,90,88.81,88.81,0,TRUE,TRUE,"Recommended","Adequate recent daily coverage"
"PROJ_051",5633,"Police Commissionerate, Jaipur - RSPCB","Jaipur","12234805","pm25","preferred_current","2026-08-26","2026-09-24","2026-09-24T17:47:22+0530",27,30,90,88.52,88.52,0,TRUE,TRUE,"Recommended","Adequate recent daily coverage"
"PROJ_051",5633,"Police Commissionerate, Jaipur - RSPCB","Jaipur","12234800","co","preferred_current","2026-08-26","2026-09-24","2026-09-24T17:47:24+0530",27,30,90,89.26,89.26,0,TRUE,TRUE,"Recommended","Adequate recent daily coverage"
"PROJ_051",5633,"Police Commissionerate, Jaipur - RSPCB","Jaipur","12234803","o3","preferred_current","2026-08-26","2026-09-24","2026-09-24T17:47:26+0530",27,30,90,89.11,89.11,0,TRUE,TRUE,"Recommended","Adequate recent daily coverage"
"PROJ_051",5633,"Police Commissionerate, Jaipur - RSPCB","Jaipur","12234802","no2","preferred_current","2026-08-26","2026-09-24","2026-09-24T17:47:29+0530",27,30,90,89.11,89.11,0,TRUE,TRUE,"Recommended","Adequate recent daily coverage"
"PROJ_053",5635,"Adarsh Nagar, Jaipur - RSPCB","Jaipur","12234849","pm10","preferred_current","2026-08-26","2026-09-24","2026-09-24T17:47:31+0530",27,30,90,89.59,89.59,0,TRUE,TRUE,"Recommended","Adequate recent daily coverage"
"PROJ_053",5635,"Adarsh Nagar, Jaipur - RSPCB","Jaipur","12234845","co","preferred_current","2026-08-26","2026-09-24","2026-09-24T17:47:33+0530",26,30,86.67,91.58,91.58,0,TRUE,TRUE,"Recommended","Adequate recent daily coverage"
"PROJ_053",5635,"Adarsh Nagar, Jaipur - RSPCB","Jaipur","12234848","o3","preferred_current","2026-08-26","2026-09-24","2026-09-24T17:47:35+0530",27,30,90,88.63,88.63,0,TRUE,TRUE,"Recommended","Adequate recent daily coverage"
"PROJ_053",5635,"Adarsh Nagar, Jaipur - RSPCB","Jaipur","12234847","no2","preferred_current","2026-08-26","2026-09-24","2026-09-24T17:47:37+0530",27,30,90,87.89,87.89,0,TRUE,TRUE,"Recommended","Adequate recent daily coverage"
"PROJ_053",5635,"Adarsh Nagar, Jaipur - RSPCB","Jaipur","12234851","so2","preferred_current","2026-08-26","2026-09-24","2026-09-24T17:47:39+0530",26,30,86.67,91.27,91.27,0,TRUE,TRUE,"Recommended","Adequate recent daily coverage"
"PROJ_053",5635,"Adarsh Nagar, Jaipur - RSPCB","Jaipur","12234850","pm25","preferred_current","2026-08-26","2026-09-24","2026-09-24T17:47:41+0530",27,30,90,89.41,89.41,0,TRUE,TRUE,"Recommended","Adequate recent daily coverage"
"PROJ_013",2456,"Talkatora District Industries Center, Lucknow - CPCB","Lucknow","12235572","o3","preferred_current","2026-08-26","2026-09-24","2026-09-24T17:47:42+0530",27,30,90,89.41,89.41,0,TRUE,TRUE,"Recommended","Adequate recent daily coverage"
"PROJ_013",2456,"Talkatora District Industries Center, Lucknow - CPCB","Lucknow","12235576","so2","preferred_current","2026-08-26","2026-09-24","2026-09-24T17:47:45+0530",26,30,86.67,91.23,91.23,0,TRUE,TRUE,"Recommended","Adequate recent daily coverage"
"PROJ_013",2456,"Talkatora District Industries Center, Lucknow - CPCB","Lucknow","12235571","no2","preferred_current","2026-08-26","2026-09-24","2026-09-24T17:47:49+0530",27,30,90,89.41,89.41,0,TRUE,TRUE,"Recommended","Adequate recent daily coverage"
"PROJ_013",2456,"Talkatora District Industries Center, Lucknow - CPCB","Lucknow","12235569","co","preferred_current","2026-08-26","2026-09-24","2026-09-24T17:47:53+0530",26,30,86.67,92.15,92.15,0,TRUE,TRUE,"Recommended","Adequate recent daily coverage"
"PROJ_013",2456,"Talkatora District Industries Center, Lucknow - CPCB","Lucknow","12235573","pm10","preferred_current","2026-08-26","2026-09-24","2026-09-24T17:47:57+0530",27,30,90,88.33,88.33,0,TRUE,TRUE,"Recommended","Adequate recent daily coverage"
"PROJ_013",2456,"Talkatora District Industries Center, Lucknow - CPCB","Lucknow","12235574","pm25","preferred_current","2026-08-26","2026-09-24","2026-09-24T17:47:59+0530",27,30,90,88.48,88.48,0,TRUE,TRUE,"Recommended","Adequate recent daily coverage"
"PROJ_063",5659,"Lalbagh, Lucknow - CPCB","Lucknow","12235521","pm10","preferred_current","2026-08-26","2026-09-24","2026-09-24T17:48:01+0530",27,30,90,83.63,83.63,0,TRUE,TRUE,"Recommended","Adequate recent daily coverage"
"PROJ_063",5659,"Lalbagh, Lucknow - CPCB","Lucknow","12235520","o3","preferred_current","2026-08-26","2026-09-24","2026-09-24T17:48:04+0530",27,30,90,88.22,88.22,0,TRUE,TRUE,"Recommended","Adequate recent daily coverage"
"PROJ_063",5659,"Lalbagh, Lucknow - CPCB","Lucknow","12235517","co","preferred_current","2026-08-26","2026-09-24","2026-09-24T17:48:06+0530",27,30,90,87.59,87.59,0,TRUE,TRUE,"Recommended","Adequate recent daily coverage"
"PROJ_063",5659,"Lalbagh, Lucknow - CPCB","Lucknow","12235524","so2","preferred_current","2026-08-26","2026-09-24","2026-09-24T17:48:08+0530",27,30,90,87.74,87.74,0,TRUE,TRUE,"Recommended","Adequate recent daily coverage"
"PROJ_063",5659,"Lalbagh, Lucknow - CPCB","Lucknow","12235519","no2","preferred_current","2026-08-26","2026-09-24","2026-09-24T17:48:10+0530",27,30,90,88.07,88.07,0,TRUE,TRUE,"Recommended","Adequate recent daily coverage"
"PROJ_063",5659,"Lalbagh, Lucknow - CPCB","Lucknow","12235522","pm25","preferred_current","2026-08-26","2026-09-24","2026-09-24T17:48:11+0530",27,30,90,82.07,82.07,0,TRUE,TRUE,"Recommended","Adequate recent daily coverage"
"PROJ_109",7140,"Gomti Nagar, Lucknow - UPPCB","Lucknow","12235980","co","preferred_current","2026-08-26","2026-09-24","2026-09-24T17:48:14+0530",27,30,90,90.04,90.04,0,TRUE,TRUE,"Recommended","Adequate recent daily coverage"
"PROJ_109",7140,"Gomti Nagar, Lucknow - UPPCB","Lucknow","12235987","so2","preferred_current","2026-08-26","2026-09-24","2026-09-24T17:48:16+0530",27,30,90,90.04,90.04,0,TRUE,TRUE,"Recommended","Adequate recent daily coverage"
"PROJ_109",7140,"Gomti Nagar, Lucknow - UPPCB","Lucknow","12235983","o3","preferred_current","2026-08-26","2026-09-24","2026-09-24T17:48:18+0530",27,30,90,90.04,90.04,0,TRUE,TRUE,"Recommended","Adequate recent daily coverage"
"PROJ_109",7140,"Gomti Nagar, Lucknow - UPPCB","Lucknow","12235982","no2","preferred_current","2026-08-26","2026-09-24","2026-09-24T17:48:20+0530",27,30,90,90.04,90.04,0,TRUE,TRUE,"Recommended","Adequate recent daily coverage"
"PROJ_109",7140,"Gomti Nagar, Lucknow - UPPCB","Lucknow","12235984","pm10","preferred_current","2026-08-26","2026-09-24","2026-09-24T17:48:22+0530",27,30,90,89.41,89.41,0,TRUE,TRUE,"Recommended","Adequate recent daily coverage"
"PROJ_109",7140,"Gomti Nagar, Lucknow - UPPCB","Lucknow","12235985","pm25","preferred_current","2026-08-26","2026-09-24","2026-09-24T17:48:25+0530",27,30,90,88.48,88.48,0,TRUE,TRUE,"Recommended","Adequate recent daily coverage"
"PROJ_019",2586,"Manali, Chennai - CPCB","Chennai","12235655","so2","preferred_current","2026-08-26","2026-09-24","2026-09-24T17:48:27+0530",27,30,90,72.33,72.33,0,TRUE,TRUE,"Recommended","Adequate recent daily coverage"
"PROJ_019",2586,"Manali, Chennai - CPCB","Chennai","12235648","co","preferred_current","2026-08-26","2026-09-24","2026-09-24T17:48:29+0530",27,30,90,89.44,89.44,0,TRUE,TRUE,"Recommended","Adequate recent daily coverage"
"PROJ_019",2586,"Manali, Chennai - CPCB","Chennai","12235653","pm25","preferred_current","2026-08-26","2026-09-24","2026-09-24T17:48:31+0530",27,30,90,73.11,73.11,0,TRUE,TRUE,"Recommended","Adequate recent daily coverage"
"PROJ_019",2586,"Manali, Chennai - CPCB","Chennai","12235652","pm10","preferred_current","2026-08-26","2026-09-24","2026-09-24T17:48:32+0530",27,30,90,66.44,66.44,0,TRUE,TRUE,"Recommended","Adequate recent daily coverage"
"PROJ_019",2586,"Manali, Chennai - CPCB","Chennai","12235650","no2","preferred_current","2026-08-26","2026-09-24","2026-09-24T17:48:35+0530",27,30,90,75.85,75.85,0,TRUE,TRUE,"Recommended","Adequate recent daily coverage"
"PROJ_019",2586,"Manali, Chennai - CPCB","Chennai","12235651","o3","preferred_current","2026-08-26","2026-09-24","2026-09-24T17:48:37+0530",27,30,90,89.59,89.59,0,TRUE,TRUE,"Recommended","Adequate recent daily coverage"
"PROJ_061",5655,"Velachery Res. Area, Chennai - CPCB","Chennai","12235530","pm10","preferred_current","2026-08-26","2026-09-24","2026-09-24T17:48:40+0530",26,30,86.67,86.77,86.77,0,TRUE,TRUE,"Recommended","Adequate recent daily coverage"
"PROJ_061",5655,"Velachery Res. Area, Chennai - CPCB","Chennai","12235526","co","preferred_current","2026-08-26","2026-09-24","2026-09-24T17:48:42+0530",26,30,86.67,87.27,87.27,0,TRUE,TRUE,"Recommended","Adequate recent daily coverage"
"PROJ_061",5655,"Velachery Res. Area, Chennai - CPCB","Chennai","12235529","o3","preferred_current","2026-08-26","2026-09-24","2026-09-24T17:48:43+0530",26,30,86.67,87.27,87.27,0,TRUE,TRUE,"Recommended","Adequate recent daily coverage"
"PROJ_061",5655,"Velachery Res. Area, Chennai - CPCB","Chennai","12235528","no2","preferred_current","2026-08-26","2026-09-24","2026-09-24T17:48:46+0530",25,30,83.33,85.2,85.2,0,TRUE,TRUE,"Recommended","Adequate recent daily coverage"
"PROJ_061",5655,"Velachery Res. Area, Chennai - CPCB","Chennai","12235533","so2","preferred_current","2026-08-26","2026-09-24","2026-09-24T17:48:48+0530",26,30,86.67,87.27,87.27,0,TRUE,TRUE,"Recommended","Adequate recent daily coverage"
"PROJ_061",5655,"Velachery Res. Area, Chennai - CPCB","Chennai","12235531","pm25","preferred_current","2026-08-26","2026-09-24","2026-09-24T17:48:50+0530",26,30,86.67,87.27,87.27,0,TRUE,TRUE,"Recommended","Adequate recent daily coverage"
"PROJ_138",10780,"Manali Village, Chennai - TNPCB","Chennai","12235794","o3","preferred_current","2026-08-26","2026-09-24","2026-09-24T17:48:52+0530",19,30,63.33,55.16,55.16,0,TRUE,TRUE,"Recommended","Adequate recent daily coverage"
"PROJ_138",10780,"Manali Village, Chennai - TNPCB","Chennai","12235796","pm25","preferred_current","2026-08-26","2026-09-24","2026-09-24T17:48:55+0530",27,30,90,83.41,83.41,0,TRUE,TRUE,"Recommended","Adequate recent daily coverage"
"PROJ_138",10780,"Manali Village, Chennai - TNPCB","Chennai","12235795","pm10","preferred_current","2026-08-26","2026-09-24","2026-09-24T17:48:57+0530",27,30,90,82.63,82.63,0,TRUE,TRUE,"Recommended","Adequate recent daily coverage"
"PROJ_138",10780,"Manali Village, Chennai - TNPCB","Chennai","12235793","no2","preferred_current","2026-08-26","2026-09-24","2026-09-24T17:48:59+0530",27,30,90,84,84,0,TRUE,TRUE,"Recommended","Adequate recent daily coverage"
"PROJ_138",10780,"Manali Village, Chennai - TNPCB","Chennai","12235791","co","preferred_current","2026-08-26","2026-09-24","2026-09-24T17:49:02+0530",27,30,90,87.85,87.85,0,TRUE,TRUE,"Recommended","Adequate recent daily coverage"
"PROJ_138",10780,"Manali Village, Chennai - TNPCB","Chennai","12235798","so2","preferred_current","2026-08-26","2026-09-24","2026-09-24T17:49:04+0530",27,30,90,84.93,84.93,0,TRUE,TRUE,"Recommended","Adequate recent daily coverage"
"PROJ_158",11613,"Revenue Colony-Shivajinagar, Pune - IITM","Pune","12236463","pm25","preferred_current","2026-08-26","2026-09-24","2026-09-24T17:49:06+0530",27,30,90,84.63,84.63,0,TRUE,TRUE,"Recommended","Adequate recent daily coverage"
"PROJ_158",11613,"Revenue Colony-Shivajinagar, Pune - IITM","Pune","12236458","co","preferred_current","2026-08-26","2026-09-24","2026-09-24T17:49:08+0530",27,30,90,86,86,0,TRUE,TRUE,"Recommended","Adequate recent daily coverage"
"PROJ_158",11613,"Revenue Colony-Shivajinagar, Pune - IITM","Pune","12236460","no2","preferred_current","2026-08-26","2026-09-24","2026-09-24T17:49:10+0530",27,30,90,86.19,86.19,0,TRUE,TRUE,"Recommended","Adequate recent daily coverage"
"PROJ_158",11613,"Revenue Colony-Shivajinagar, Pune - IITM","Pune","12236461","o3","preferred_current","2026-08-26","2026-09-24","2026-09-24T17:49:12+0530",27,30,90,86,86,0,TRUE,TRUE,"Recommended","Adequate recent daily coverage"
"PROJ_158",11613,"Revenue Colony-Shivajinagar, Pune - IITM","Pune","12236465","so2","preferred_current","2026-08-26","2026-09-24","2026-09-24T17:49:14+0530",27,30,90,86.19,86.19,0,TRUE,TRUE,"Recommended","Adequate recent daily coverage"
"PROJ_158",11613,"Revenue Colony-Shivajinagar, Pune - IITM","Pune","12236462","pm10","preferred_current","2026-08-26","2026-09-24","2026-09-24T17:49:17+0530",27,30,90,84.63,84.63,0,TRUE,TRUE,"Recommended","Adequate recent daily coverage"
"PROJ_207",3409438,"Katraj Dairy, Pune - MPCB","Pune","12248365","co","preferred_current","2026-08-26","2026-09-24","2026-09-24T17:49:19+0530",27,30,90,86.52,86.52,0,TRUE,TRUE,"Recommended","Adequate recent daily coverage"
"PROJ_207",3409438,"Katraj Dairy, Pune - MPCB","Pune","12248368","o3","preferred_current","2026-08-26","2026-09-24","2026-09-24T17:49:22+0530",27,30,90,86.52,86.52,0,TRUE,TRUE,"Recommended","Adequate recent daily coverage"
"PROJ_207",3409438,"Katraj Dairy, Pune - MPCB","Pune","12248372","so2","preferred_current","2026-08-26","2026-09-24","2026-09-24T17:49:24+0530",27,30,90,86.37,86.37,0,TRUE,TRUE,"Recommended","Adequate recent daily coverage"
"PROJ_207",3409438,"Katraj Dairy, Pune - MPCB","Pune","12248367","no2","preferred_current","2026-08-26","2026-09-24","2026-09-24T17:49:26+0530",27,30,90,84.67,84.67,0,TRUE,TRUE,"Recommended","Adequate recent daily coverage"
"PROJ_207",3409438,"Katraj Dairy, Pune - MPCB","Pune","12248370","pm25","preferred_current","2026-08-26","2026-09-24","2026-09-24T17:49:29+0530",27,30,90,85.15,85.15,0,TRUE,TRUE,"Recommended","Adequate recent daily coverage"
"PROJ_207",3409438,"Katraj Dairy, Pune - MPCB","Pune","12248369","pm10","preferred_current","2026-08-26","2026-09-24","2026-09-24T17:49:31+0530",27,30,90,84.85,84.85,0,TRUE,TRUE,"Recommended","Adequate recent daily coverage"
"PROJ_208",3409439,"Savitribai Phule Pune University, Pune - MPCB","Pune","12238005","pm25","preferred_current","2026-08-26","2026-09-24","2026-09-24T17:49:33+0530",23,30,76.67,96.83,96.83,0,TRUE,TRUE,"Recommended","Adequate recent daily coverage"
"PROJ_208",3409439,"Savitribai Phule Pune University, Pune - MPCB","Pune","12238002","no2","preferred_current","2026-08-26","2026-09-24","2026-09-24T17:49:35+0530",17,30,56.67,89.53,89.53,0,TRUE,TRUE,"Recommended","Adequate recent daily coverage"
"PROJ_208",3409439,"Savitribai Phule Pune University, Pune - MPCB","Pune","12238004","pm10","preferred_current","2026-08-26","2026-09-24","2026-09-24T17:49:37+0530",23,30,76.67,96.83,96.83,0,TRUE,TRUE,"Recommended","Adequate recent daily coverage"
"PROJ_208",3409439,"Savitribai Phule Pune University, Pune - MPCB","Pune","12238003","o3","preferred_current","2026-08-26","2026-09-24","2026-09-24T17:49:40+0530",23,30,76.67,97,97,0,TRUE,TRUE,"Recommended","Adequate recent daily coverage"
"PROJ_208",3409439,"Savitribai Phule Pune University, Pune - MPCB","Pune","12238007","so2","preferred_current","2026-08-26","2026-09-24","2026-09-24T17:49:42+0530",23,30,76.67,96.83,96.83,0,TRUE,TRUE,"Recommended","Adequate recent daily coverage"
"PROJ_208",3409439,"Savitribai Phule Pune University, Pune - MPCB","Pune","12238000","co","preferred_current","2026-08-26","2026-09-24","2026-09-24T17:49:43+0530",23,30,76.67,97,97,0,TRUE,TRUE,"Recommended","Adequate recent daily coverage"
"PROJ_111",7495,"DRM Office Danapur, Patna - BSPCB","Patna","12236191","pm25","preferred_current","2026-08-26","2026-09-24","2026-09-24T17:49:46+0530",27,30,90,86.96,86.96,0,TRUE,TRUE,"Recommended","Adequate recent daily coverage"
"PROJ_111",7495,"DRM Office Danapur, Patna - BSPCB","Patna","12236193","so2","preferred_current","2026-08-26","2026-09-24","2026-09-24T17:49:48+0530",26,30,86.67,92.81,92.81,0,TRUE,TRUE,"Recommended","Adequate recent daily coverage"
"PROJ_111",7495,"DRM Office Danapur, Patna - BSPCB","Patna","12236190","pm10","preferred_current","2026-08-26","2026-09-24","2026-09-24T17:49:50+0530",27,30,90,87.41,87.41,0,TRUE,TRUE,"Recommended","Adequate recent daily coverage"
"PROJ_111",7495,"DRM Office Danapur, Patna - BSPCB","Patna","12236186","co","preferred_current","2026-08-26","2026-09-24","2026-09-24T17:49:53+0530",27,30,90,89.85,89.85,0,TRUE,TRUE,"Recommended","Adequate recent daily coverage"
"PROJ_111",7495,"DRM Office Danapur, Patna - BSPCB","Patna","12236188","no2","preferred_current","2026-08-26","2026-09-24","2026-09-24T17:49:55+0530",27,30,90,89.85,89.85,0,TRUE,TRUE,"Recommended","Adequate recent daily coverage"
"PROJ_111",7495,"DRM Office Danapur, Patna - BSPCB","Patna","12236189","o3","preferred_current","2026-08-26","2026-09-24","2026-09-24T17:49:58+0530",27,30,90,89.85,89.85,0,TRUE,TRUE,"Recommended","Adequate recent daily coverage"
"PROJ_133",10599,"Rajbansi Nagar, Patna - BSPCB","Patna","12236100","o3","preferred_current","2026-08-26","2026-09-24","2026-09-24T17:50:02+0530",27,30,90,87,87,0,TRUE,TRUE,"Recommended","Adequate recent daily coverage"
"PROJ_133",10599,"Rajbansi Nagar, Patna - BSPCB","Patna","12236101","pm10","preferred_current","2026-08-26","2026-09-24","2026-09-24T17:50:04+0530",27,30,90,86.85,86.85,0,TRUE,TRUE,"Recommended","Adequate recent daily coverage"
"PROJ_133",10599,"Rajbansi Nagar, Patna - BSPCB","Patna","12236097","co","preferred_current","2026-08-26","2026-09-24","2026-09-24T17:50:06+0530",27,30,90,84.96,84.96,0,TRUE,TRUE,"Recommended","Adequate recent daily coverage"
"PROJ_133",10599,"Rajbansi Nagar, Patna - BSPCB","Patna","12236104","so2","preferred_current","2026-08-26","2026-09-24","2026-09-24T17:50:08+0530",27,30,90,85.11,85.11,0,TRUE,TRUE,"Recommended","Adequate recent daily coverage"
"PROJ_133",10599,"Rajbansi Nagar, Patna - BSPCB","Patna","12236102","pm25","preferred_current","2026-08-26","2026-09-24","2026-09-24T17:50:11+0530",27,30,90,87,87,0,TRUE,TRUE,"Recommended","Adequate recent daily coverage"
"PROJ_133",10599,"Rajbansi Nagar, Patna - BSPCB","Patna","12236099","no2","preferred_current","2026-08-26","2026-09-24","2026-09-24T17:50:13+0530",27,30,90,87,87,0,TRUE,TRUE,"Recommended","Adequate recent daily coverage"
"PROJ_134",10630,"Govt. High School Shikarpur, Patna - BSPCB","Patna","12236184","so2","preferred_current","2026-08-26","2026-09-24","2026-09-24T17:50:16+0530",26,30,86.67,92.65,92.65,0,TRUE,TRUE,"Recommended","Adequate recent daily coverage"
"PROJ_134",10630,"Govt. High School Shikarpur, Patna - BSPCB","Patna","12236181","pm10","preferred_current","2026-08-26","2026-09-24","2026-09-24T17:50:18+0530",27,30,90,86.37,86.37,0,TRUE,TRUE,"Recommended","Adequate recent daily coverage"
"PROJ_134",10630,"Govt. High School Shikarpur, Patna - BSPCB","Patna","12236179","no2","preferred_current","2026-08-26","2026-09-24","2026-09-24T17:50:19+0530",27,30,90,89.89,89.89,0,TRUE,TRUE,"Recommended","Adequate recent daily coverage"
"PROJ_134",10630,"Govt. High School Shikarpur, Patna - BSPCB","Patna","12236180","o3","preferred_current","2026-08-26","2026-09-24","2026-09-24T17:50:22+0530",27,30,90,89.89,89.89,0,TRUE,TRUE,"Recommended","Adequate recent daily coverage"
"PROJ_134",10630,"Govt. High School Shikarpur, Patna - BSPCB","Patna","12236177","co","preferred_current","2026-08-26","2026-09-24","2026-09-24T17:50:24+0530",27,30,90,89.7,89.7,0,TRUE,TRUE,"Recommended","Adequate recent daily coverage"
"PROJ_134",10630,"Govt. High School Shikarpur, Patna - BSPCB","Patna","12236182","pm25","preferred_current","2026-08-26","2026-09-24","2026-09-24T17:50:26+0530",27,30,90,86.07,86.07,0,TRUE,TRUE,"Recommended","Adequate recent daily coverage"
"PROJ_084",6927,"Colaba, Mumbai - MPCB","Mumbai","12235926","pm25","preferred_current","2026-08-26","2026-09-24","2026-09-24T17:50:27+0530",0,30,0,NA,NA,0,FALSE,TRUE,"Not recommended","Insufficient coverage"
"PROJ_084",6927,"Colaba, Mumbai - MPCB","Mumbai","12235924","o3","preferred_current","2026-08-26","2026-09-24","2026-09-24T17:50:29+0530",0,30,0,NA,NA,0,FALSE,TRUE,"Not recommended","Insufficient coverage"
"PROJ_084",6927,"Colaba, Mumbai - MPCB","Mumbai","12235928","so2","preferred_current","2026-08-26","2026-09-24","2026-09-24T17:50:31+0530",0,30,0,NA,NA,0,FALSE,TRUE,"Not recommended","Insufficient coverage"
"PROJ_084",6927,"Colaba, Mumbai - MPCB","Mumbai","12235925","pm10","preferred_current","2026-08-26","2026-09-24","2026-09-24T17:50:33+0530",0,30,0,NA,NA,0,FALSE,TRUE,"Not recommended","Insufficient coverage"
"PROJ_084",6927,"Colaba, Mumbai - MPCB","Mumbai","12235921","co","preferred_current","2026-08-26","2026-09-24","2026-09-24T17:50:35+0530",0,30,0,NA,NA,0,FALSE,TRUE,"Not recommended","Insufficient coverage"
"PROJ_084",6927,"Colaba, Mumbai - MPCB","Mumbai","12235923","no2","preferred_current","2026-08-26","2026-09-24","2026-09-24T17:50:36+0530",0,30,0,NA,NA,0,FALSE,TRUE,"Not recommended","Insufficient coverage"
"PROJ_085",6928,"Vasai West, Mumbai - MPCB","Mumbai","12235825","so2","preferred_current","2026-08-26","2026-09-24","2026-09-24T17:50:38+0530",0,30,0,NA,NA,0,FALSE,TRUE,"Not recommended","Insufficient coverage"
"PROJ_085",6928,"Vasai West, Mumbai - MPCB","Mumbai","12235820","no2","preferred_current","2026-08-26","2026-09-24","2026-09-24T17:50:39+0530",0,30,0,NA,NA,0,FALSE,TRUE,"Not recommended","Insufficient coverage"
"PROJ_085",6928,"Vasai West, Mumbai - MPCB","Mumbai","12235821","o3","preferred_current","2026-08-26","2026-09-24","2026-09-24T17:50:41+0530",0,30,0,NA,NA,0,FALSE,TRUE,"Not recommended","Insufficient coverage"
"PROJ_085",6928,"Vasai West, Mumbai - MPCB","Mumbai","12235822","pm10","preferred_current","2026-08-26","2026-09-24","2026-09-24T17:50:43+0530",0,30,0,NA,NA,0,FALSE,TRUE,"Not recommended","Insufficient coverage"
"PROJ_085",6928,"Vasai West, Mumbai - MPCB","Mumbai","12235818","co","preferred_current","2026-08-26","2026-09-24","2026-09-24T17:50:45+0530",0,30,0,NA,NA,0,FALSE,TRUE,"Not recommended","Insufficient coverage"
"PROJ_085",6928,"Vasai West, Mumbai - MPCB","Mumbai","12235823","pm25","preferred_current","2026-08-26","2026-09-24","2026-09-24T17:50:46+0530",0,30,0,NA,NA,0,FALSE,TRUE,"Not recommended","Insufficient coverage"
"PROJ_092",6945,"Kurla, Mumbai - MPCB","Mumbai","12289836","so2","preferred_current","2026-08-26","2026-09-24","2026-09-24T17:50:49+0530",27,30,90,89.89,89.89,0,TRUE,TRUE,"Recommended","Adequate recent daily coverage"
"PROJ_092",6945,"Kurla, Mumbai - MPCB","Mumbai","12235834","pm25","preferred_current","2026-08-26","2026-09-24","2026-09-24T17:50:51+0530",18,30,60,82.06,82.06,0,TRUE,TRUE,"Recommended","Adequate recent daily coverage"
"PROJ_092",6945,"Kurla, Mumbai - MPCB","Mumbai","12235829","co","preferred_current","2026-08-26","2026-09-24","2026-09-24T17:50:52+0530",27,30,90,89.89,89.89,0,TRUE,TRUE,"Recommended","Adequate recent daily coverage"
"PROJ_092",6945,"Kurla, Mumbai - MPCB","Mumbai","12235833","pm10","preferred_current","2026-08-26","2026-09-24","2026-09-24T17:50:55+0530",18,30,60,82.06,82.06,0,TRUE,TRUE,"Recommended","Adequate recent daily coverage"
"PROJ_092",6945,"Kurla, Mumbai - MPCB","Mumbai","12235831","no2","preferred_current","2026-08-26","2026-09-24","2026-09-24T17:50:57+0530",27,30,90,89.89,89.89,0,TRUE,TRUE,"Recommended","Adequate recent daily coverage"
"PROJ_092",6945,"Kurla, Mumbai - MPCB","Mumbai","12235832","o3","preferred_current","2026-08-26","2026-09-24","2026-09-24T17:50:59+0530",27,30,90,89.89,89.89,0,TRUE,TRUE,"Recommended","Adequate recent daily coverage"
"PROJ_042",5621,"Opp GPO Civil Lines, Nagpur - MPCB","Nagpur","12235625","pm10","preferred_current","2026-08-26","2026-09-24","2026-09-24T17:51:01+0530",27,30,90,83.3,83.3,0,TRUE,TRUE,"Recommended","Adequate recent daily coverage"
"PROJ_042",5621,"Opp GPO Civil Lines, Nagpur - MPCB","Nagpur","12235623","no2","preferred_current","2026-08-26","2026-09-24","2026-09-24T17:51:04+0530",27,30,90,87.26,87.26,0,TRUE,TRUE,"Recommended","Adequate recent daily coverage"
"PROJ_042",5621,"Opp GPO Civil Lines, Nagpur - MPCB","Nagpur","12235626","pm25","preferred_current","2026-08-26","2026-09-24","2026-09-24T17:51:06+0530",27,30,90,83.41,83.41,0,TRUE,TRUE,"Recommended","Adequate recent daily coverage"
"PROJ_042",5621,"Opp GPO Civil Lines, Nagpur - MPCB","Nagpur","12235621","co","preferred_current","2026-08-26","2026-09-24","2026-09-24T17:51:08+0530",27,30,90,87.11,87.11,0,TRUE,TRUE,"Recommended","Adequate recent daily coverage"
"PROJ_042",5621,"Opp GPO Civil Lines, Nagpur - MPCB","Nagpur","12235628","so2","preferred_current","2026-08-26","2026-09-24","2026-09-24T17:51:10+0530",27,30,90,87.11,87.11,0,TRUE,TRUE,"Recommended","Adequate recent daily coverage"
"PROJ_042",5621,"Opp GPO Civil Lines, Nagpur - MPCB","Nagpur","12235624","o3","preferred_current","2026-08-26","2026-09-24","2026-09-24T17:51:13+0530",27,30,90,87.26,87.26,0,TRUE,TRUE,"Recommended","Adequate recent daily coverage"
"PROJ_209",3409464,"Ambazari, Nagpur - MPCB","Nagpur","12238212","pm10","preferred_current","2026-08-26","2026-09-24","2026-09-24T17:51:15+0530",27,30,90,89,89,0,TRUE,TRUE,"Recommended","Adequate recent daily coverage"
"PROJ_209",3409464,"Ambazari, Nagpur - MPCB","Nagpur","12238210","no2","preferred_current","2026-08-26","2026-09-24","2026-09-24T17:51:17+0530",27,30,90,85.07,85.07,0,TRUE,TRUE,"Recommended","Adequate recent daily coverage"
"PROJ_209",3409464,"Ambazari, Nagpur - MPCB","Nagpur","12238213","pm25","preferred_current","2026-08-26","2026-09-24","2026-09-24T17:51:19+0530",27,30,90,89.3,89.3,0,TRUE,TRUE,"Recommended","Adequate recent daily coverage"
"PROJ_209",3409464,"Ambazari, Nagpur - MPCB","Nagpur","12238215","so2","preferred_current","2026-08-26","2026-09-24","2026-09-24T17:51:21+0530",26,30,86.67,86.58,86.58,0,TRUE,TRUE,"Recommended","Adequate recent daily coverage"
"PROJ_209",3409464,"Ambazari, Nagpur - MPCB","Nagpur","12238211","o3","preferred_current","2026-08-26","2026-09-24","2026-09-24T17:51:23+0530",27,30,90,89.26,89.26,0,TRUE,TRUE,"Recommended","Adequate recent daily coverage"
"PROJ_209",3409464,"Ambazari, Nagpur - MPCB","Nagpur","12238208","co","preferred_current","2026-08-26","2026-09-24","2026-09-24T17:51:25+0530",27,30,90,89.89,89.89,0,TRUE,TRUE,"Recommended","Adequate recent daily coverage"
"PROJ_210",3409465,"Ram Nagar, Nagpur - MPCB","Nagpur","12238221","pm10","preferred_current","2026-08-26","2026-09-24","2026-09-24T17:51:28+0530",27,30,90,81.41,81.41,0,TRUE,TRUE,"Recommended","Adequate recent daily coverage"
"PROJ_210",3409465,"Ram Nagar, Nagpur - MPCB","Nagpur","12238224","so2","preferred_current","2026-08-26","2026-09-24","2026-09-24T17:51:30+0530",27,30,90,86.15,86.15,0,TRUE,TRUE,"Recommended","Adequate recent daily coverage"
"PROJ_210",3409465,"Ram Nagar, Nagpur - MPCB","Nagpur","12238217","co","preferred_current","2026-08-26","2026-09-24","2026-09-24T17:51:32+0530",27,30,90,87.56,87.56,0,TRUE,TRUE,"Recommended","Adequate recent daily coverage"
"PROJ_210",3409465,"Ram Nagar, Nagpur - MPCB","Nagpur","12238219","no2","preferred_current","2026-08-26","2026-09-24","2026-09-24T17:51:35+0530",27,30,90,87.07,87.07,0,TRUE,TRUE,"Recommended","Adequate recent daily coverage"
"PROJ_210",3409465,"Ram Nagar, Nagpur - MPCB","Nagpur","12238222","pm25","preferred_current","2026-08-26","2026-09-24","2026-09-24T17:51:36+0530",27,30,90,84.26,84.26,0,TRUE,TRUE,"Recommended","Adequate recent daily coverage"
"PROJ_210",3409465,"Ram Nagar, Nagpur - MPCB","Nagpur","12238220","o3","preferred_current","2026-08-26","2026-09-24","2026-09-24T17:51:39+0530",27,30,90,87.56,87.56,0,TRUE,TRUE,"Recommended","Adequate recent daily coverage"
"PROJ_048",5628,"GVM Corporation, Visakhapatnam - APPCB","Visakhapatnam","12235460","pm25","preferred_current","2026-08-26","2026-09-24","2026-09-24T17:51:41+0530",27,30,90,83.7,83.7,0,TRUE,TRUE,"Recommended","Adequate recent daily coverage"
"PROJ_048",5628,"GVM Corporation, Visakhapatnam - APPCB","Visakhapatnam","12235458","o3","preferred_current","2026-08-26","2026-09-24","2026-09-24T17:51:43+0530",27,30,90,73.85,73.85,0,TRUE,TRUE,"Recommended","Adequate recent daily coverage"
"PROJ_048",5628,"GVM Corporation, Visakhapatnam - APPCB","Visakhapatnam","12235455","co","preferred_current","2026-08-26","2026-09-24","2026-09-24T17:51:45+0530",26,30,86.67,73.81,73.81,0,TRUE,TRUE,"Recommended","Adequate recent daily coverage"
"PROJ_048",5628,"GVM Corporation, Visakhapatnam - APPCB","Visakhapatnam","12235459","pm10","preferred_current","2026-08-26","2026-09-24","2026-09-24T17:51:48+0530",27,30,90,82.07,82.07,0,TRUE,TRUE,"Recommended","Adequate recent daily coverage"
"PROJ_048",5628,"GVM Corporation, Visakhapatnam - APPCB","Visakhapatnam","12235462","so2","preferred_current","2026-08-26","2026-09-24","2026-09-24T17:51:50+0530",27,30,90,85.74,85.74,0,TRUE,TRUE,"Recommended","Adequate recent daily coverage"
"PROJ_048",5628,"GVM Corporation, Visakhapatnam - APPCB","Visakhapatnam","12235457","no2","preferred_current","2026-08-26","2026-09-24","2026-09-24T17:51:52+0530",27,30,90,85.74,85.74,0,TRUE,TRUE,"Recommended","Adequate recent daily coverage"
"PROJ_050",5631,"Maninagar, Ahmedabad - GPCB","Ahmedabad","12235666","co","preferred_current","2026-08-26","2026-09-24","2026-09-24T17:51:54+0530",27,30,90,89.52,89.52,0,TRUE,TRUE,"Recommended","Adequate recent daily coverage"
"PROJ_050",5631,"Maninagar, Ahmedabad - GPCB","Ahmedabad","12235668","no2","preferred_current","2026-08-26","2026-09-24","2026-09-24T17:51:56+0530",27,30,90,89.85,89.85,0,TRUE,TRUE,"Recommended","Adequate recent daily coverage"
"PROJ_050",5631,"Maninagar, Ahmedabad - GPCB","Ahmedabad","12235670","pm10","preferred_current","2026-08-26","2026-09-24","2026-09-24T17:51:58+0530",27,30,90,78.81,78.81,0,TRUE,TRUE,"Recommended","Adequate recent daily coverage"
"PROJ_050",5631,"Maninagar, Ahmedabad - GPCB","Ahmedabad","12235673","so2","preferred_current","2026-08-26","2026-09-24","2026-09-24T17:52:00+0530",27,30,90,77,77,0,TRUE,TRUE,"Recommended","Adequate recent daily coverage"
"PROJ_050",5631,"Maninagar, Ahmedabad - GPCB","Ahmedabad","12235671","pm25","preferred_current","2026-08-26","2026-09-24","2026-09-24T17:52:02+0530",27,30,90,79.7,79.7,0,TRUE,TRUE,"Recommended","Adequate recent daily coverage"
"PROJ_050",5631,"Maninagar, Ahmedabad - GPCB","Ahmedabad","12235669","o3","preferred_current","2026-08-26","2026-09-24","2026-09-24T17:52:04+0530",27,30,90,89.56,89.56,0,TRUE,TRUE,"Recommended","Adequate recent daily coverage"
"PROJ_170",227533,"Rakhial, Ahmedabad - IITM","Ahmedabad","12236538","o3","preferred_current","2026-08-26","2026-09-24","2026-09-24T17:52:07+0530",27,30,90,85,85,0,TRUE,TRUE,"Recommended","Adequate recent daily coverage"
"PROJ_170",227533,"Rakhial, Ahmedabad - IITM","Ahmedabad","12236537","no2","preferred_current","2026-08-26","2026-09-24","2026-09-24T17:52:09+0530",27,30,90,88.37,88.37,0,TRUE,TRUE,"Recommended","Adequate recent daily coverage"
"PROJ_170",227533,"Rakhial, Ahmedabad - IITM","Ahmedabad","12236540","pm25","preferred_current","2026-08-26","2026-09-24","2026-09-24T17:52:12+0530",27,30,90,85.41,85.41,0,TRUE,TRUE,"Recommended","Adequate recent daily coverage"
"PROJ_170",227533,"Rakhial, Ahmedabad - IITM","Ahmedabad","12236542","so2","preferred_current","2026-08-26","2026-09-24","2026-09-24T17:52:15+0530",27,30,90,89,89,0,TRUE,TRUE,"Recommended","Adequate recent daily coverage"
"PROJ_170",227533,"Rakhial, Ahmedabad - IITM","Ahmedabad","12236535","co","preferred_current","2026-08-26","2026-09-24","2026-09-24T17:52:17+0530",27,30,90,87.59,87.59,0,TRUE,TRUE,"Recommended","Adequate recent daily coverage"
"PROJ_170",227533,"Rakhial, Ahmedabad - IITM","Ahmedabad","12236539","pm10","preferred_current","2026-08-26","2026-09-24","2026-09-24T17:52:19+0530",26,30,86.67,83.58,83.58,0,TRUE,TRUE,"Recommended","Adequate recent daily coverage"
"PROJ_171",227534,"Gyaspur, Ahmedabad - IITM","Ahmedabad","12236531","pm25","preferred_current","2026-08-26","2026-09-24","2026-09-24T17:52:21+0530",26,30,86.67,82.77,82.77,0,TRUE,TRUE,"Recommended","Adequate recent daily coverage"
"PROJ_171",227534,"Gyaspur, Ahmedabad - IITM","Ahmedabad","12236530","pm10","preferred_current","2026-08-26","2026-09-24","2026-09-24T17:52:23+0530",26,30,86.67,81.35,81.35,0,TRUE,TRUE,"Recommended","Adequate recent daily coverage"
"PROJ_171",227534,"Gyaspur, Ahmedabad - IITM","Ahmedabad","12236529","o3","preferred_current","2026-08-26","2026-09-24","2026-09-24T17:52:25+0530",25,30,83.33,68.04,68.04,0,TRUE,TRUE,"Recommended","Adequate recent daily coverage"
"PROJ_171",227534,"Gyaspur, Ahmedabad - IITM","Ahmedabad","12236533","so2","preferred_current","2026-08-26","2026-09-24","2026-09-24T17:52:28+0530",26,30,86.67,84.58,84.58,0,TRUE,TRUE,"Recommended","Adequate recent daily coverage"
"PROJ_171",227534,"Gyaspur, Ahmedabad - IITM","Ahmedabad","12236528","no2","preferred_current","2026-08-26","2026-09-24","2026-09-24T17:52:30+0530",26,30,86.67,81.04,81.04,0,TRUE,TRUE,"Recommended","Adequate recent daily coverage"
"PROJ_171",227534,"Gyaspur, Ahmedabad - IITM","Ahmedabad","12236526","co","preferred_current","2026-08-26","2026-09-24","2026-09-24T17:52:32+0530",26,30,86.67,82.96,82.96,0,TRUE,TRUE,"Recommended","Adequate recent daily coverage"
"PROJ_142",10903,"Railway Colony, Guwahati - APCB","Guwahati","12235758","no2","preferred_current","2026-08-26","2026-09-24","2026-09-24T17:52:34+0530",27,30,90,89.44,89.44,0,TRUE,TRUE,"Recommended","Adequate recent daily coverage"
"PROJ_142",10903,"Railway Colony, Guwahati - APCB","Guwahati","12235763","so2","preferred_current","2026-08-26","2026-09-24","2026-09-24T17:52:37+0530",27,30,90,89.44,89.44,0,TRUE,TRUE,"Recommended","Adequate recent daily coverage"
"PROJ_142",10903,"Railway Colony, Guwahati - APCB","Guwahati","12235756","co","preferred_current","2026-08-26","2026-09-24","2026-09-24T17:52:38+0530",27,30,90,89.74,89.74,0,TRUE,TRUE,"Recommended","Adequate recent daily coverage"
"PROJ_142",10903,"Railway Colony, Guwahati - APCB","Guwahati","12235760","pm10","preferred_current","2026-08-26","2026-09-24","2026-09-24T17:52:40+0530",27,30,90,85.96,85.96,0,TRUE,TRUE,"Recommended","Adequate recent daily coverage"
"PROJ_142",10903,"Railway Colony, Guwahati - APCB","Guwahati","12235759","o3","preferred_current","2026-08-26","2026-09-24","2026-09-24T17:52:43+0530",27,30,90,88.81,88.81,0,TRUE,TRUE,"Recommended","Adequate recent daily coverage"
"PROJ_142",10903,"Railway Colony, Guwahati - APCB","Guwahati","12235761","pm25","preferred_current","2026-08-26","2026-09-24","2026-09-24T17:52:45+0530",27,30,90,86.26,86.26,0,TRUE,TRUE,"Recommended","Adequate recent daily coverage"
"PROJ_197",3409360,"IITG, Guwahati - PCBA","Guwahati","12237366","pm10","preferred_current","2026-08-26","2026-09-24","2026-09-24T17:52:47+0530",26,30,86.67,73.62,73.62,0,TRUE,TRUE,"Recommended","Adequate recent daily coverage"
"PROJ_197",3409360,"IITG, Guwahati - PCBA","Guwahati","12237367","pm25","preferred_current","2026-08-26","2026-09-24","2026-09-24T17:52:49+0530",27,30,90,80.56,80.56,0,TRUE,TRUE,"Recommended","Adequate recent daily coverage"
"PROJ_197",3409360,"IITG, Guwahati - PCBA","Guwahati","12237369","so2","preferred_current","2026-08-26","2026-09-24","2026-09-24T17:52:51+0530",27,30,90,87.85,87.85,0,TRUE,TRUE,"Recommended","Adequate recent daily coverage"
"PROJ_197",3409360,"IITG, Guwahati - PCBA","Guwahati","12237365","o3","preferred_current","2026-08-26","2026-09-24","2026-09-24T17:52:53+0530",27,30,90,87.85,87.85,0,TRUE,TRUE,"Recommended","Adequate recent daily coverage"
"PROJ_197",3409360,"IITG, Guwahati - PCBA","Guwahati","12237364","no2","preferred_current","2026-08-26","2026-09-24","2026-09-24T17:52:54+0530",27,30,90,84.19,84.19,0,TRUE,TRUE,"Recommended","Adequate recent daily coverage"
"PROJ_197",3409360,"IITG, Guwahati - PCBA","Guwahati","12237362","co","preferred_current","2026-08-26","2026-09-24","2026-09-24T17:52:56+0530",27,30,90,90.04,90.04,0,TRUE,TRUE,"Recommended","Adequate recent daily coverage"
"PROJ_144",10913,"T T Nagar, Bhopal - MPPCB","Bhopal","12236019","o3","preferred_current","2026-08-26","2026-09-24","2026-09-24T17:52:59+0530",27,30,90,88,88,0,TRUE,TRUE,"Recommended","Adequate recent daily coverage"
"PROJ_144",10913,"T T Nagar, Bhopal - MPPCB","Bhopal","12236023","so2","preferred_current","2026-08-26","2026-09-24","2026-09-24T17:53:01+0530",27,30,90,88.3,88.3,0,TRUE,TRUE,"Recommended","Adequate recent daily coverage"
"PROJ_144",10913,"T T Nagar, Bhopal - MPPCB","Bhopal","12236021","pm25","preferred_current","2026-08-26","2026-09-24","2026-09-24T17:53:04+0530",27,30,90,87.85,87.85,0,TRUE,TRUE,"Recommended","Adequate recent daily coverage"
"PROJ_144",10913,"T T Nagar, Bhopal - MPPCB","Bhopal","12236020","pm10","preferred_current","2026-08-26","2026-09-24","2026-09-24T17:53:06+0530",27,30,90,88.48,88.48,0,TRUE,TRUE,"Recommended","Adequate recent daily coverage"
"PROJ_144",10913,"T T Nagar, Bhopal - MPPCB","Bhopal","12236016","co","preferred_current","2026-08-26","2026-09-24","2026-09-24T17:53:09+0530",27,30,90,88.48,88.48,0,TRUE,TRUE,"Recommended","Adequate recent daily coverage"
"PROJ_144",10913,"T T Nagar, Bhopal - MPPCB","Bhopal","12236018","no2","preferred_current","2026-08-26","2026-09-24","2026-09-24T17:53:10+0530",27,30,90,88.48,88.48,0,TRUE,TRUE,"Recommended","Adequate recent daily coverage"
"PROJ_187",361378,"Paryavaran Parisar, Bhopal - MPPCB","Bhopal","12237357","pm10","preferred_current","2026-08-26","2026-09-24","2026-09-24T17:53:12+0530",27,30,90,90.04,90.04,0,TRUE,TRUE,"Recommended","Adequate recent daily coverage"
"PROJ_187",361378,"Paryavaran Parisar, Bhopal - MPPCB","Bhopal","12237360","so2","preferred_current","2026-08-26","2026-09-24","2026-09-24T17:53:14+0530",27,30,90,89.59,89.59,0,TRUE,TRUE,"Recommended","Adequate recent daily coverage"
"PROJ_187",361378,"Paryavaran Parisar, Bhopal - MPPCB","Bhopal","12237353","co","preferred_current","2026-08-26","2026-09-24","2026-09-24T17:53:17+0530",27,30,90,89.74,89.74,0,TRUE,TRUE,"Recommended","Adequate recent daily coverage"
"PROJ_187",361378,"Paryavaran Parisar, Bhopal - MPPCB","Bhopal","12237356","o3","preferred_current","2026-08-26","2026-09-24","2026-09-24T17:53:19+0530",27,30,90,90.04,90.04,0,TRUE,TRUE,"Recommended","Adequate recent daily coverage"
"PROJ_187",361378,"Paryavaran Parisar, Bhopal - MPPCB","Bhopal","12237355","no2","preferred_current","2026-08-26","2026-09-24","2026-09-24T17:53:21+0530",27,30,90,89.85,89.85,0,TRUE,TRUE,"Recommended","Adequate recent daily coverage"
"PROJ_187",361378,"Paryavaran Parisar, Bhopal - MPPCB","Bhopal","12237358","pm25","preferred_current","2026-08-26","2026-09-24","2026-09-24T17:53:23+0530",27,30,90,89.7,89.7,0,TRUE,TRUE,"Recommended","Adequate recent daily coverage"
"PROJ_202",3409413,"Idgah Hills, Bhopal - MPPCB","Bhopal","12237808","no2","preferred_current","2026-08-26","2026-09-24","2026-09-24T17:53:26+0530",25,30,83.33,88.96,88.96,0,TRUE,TRUE,"Recommended","Adequate recent daily coverage"
"PROJ_202",3409413,"Idgah Hills, Bhopal - MPPCB","Bhopal","12237809","o3","preferred_current","2026-08-26","2026-09-24","2026-09-24T17:53:28+0530",25,30,83.33,89.48,89.48,0,TRUE,TRUE,"Recommended","Adequate recent daily coverage"
"PROJ_202",3409413,"Idgah Hills, Bhopal - MPPCB","Bhopal","12237806","co","preferred_current","2026-08-26","2026-09-24","2026-09-24T17:53:31+0530",25,30,83.33,88.96,88.96,0,TRUE,TRUE,"Recommended","Adequate recent daily coverage"
"PROJ_202",3409413,"Idgah Hills, Bhopal - MPPCB","Bhopal","12237810","pm10","preferred_current","2026-08-26","2026-09-24","2026-09-24T17:53:33+0530",25,30,83.33,88.8,88.8,0,TRUE,TRUE,"Recommended","Adequate recent daily coverage"
"PROJ_202",3409413,"Idgah Hills, Bhopal - MPPCB","Bhopal","12237811","pm25","preferred_current","2026-08-26","2026-09-24","2026-09-24T17:53:34+0530",25,30,83.33,88.6,88.6,0,TRUE,TRUE,"Recommended","Adequate recent daily coverage"
"PROJ_202",3409413,"Idgah Hills, Bhopal - MPPCB","Bhopal","12237813","so2","preferred_current","2026-08-26","2026-09-24","2026-09-24T17:53:37+0530",25,30,83.33,88.96,88.96,0,TRUE,TRUE,"Recommended","Adequate recent daily coverage"
"PROJ_045",5624,"IDA Pashamylaram, Hyderabad - TSPCB","Hyderabad","12235500","co","preferred_current","2026-08-26","2026-09-24","2026-09-24T18:36:13+0530",27,30,90,86.22,86.22,0,TRUE,NA,"Recommended","Adequate recent daily coverage"
"PROJ_045",5624,"IDA Pashamylaram, Hyderabad - TSPCB","Hyderabad","12235502","no2","preferred_current","2026-08-26","2026-09-24","2026-09-24T18:36:16+0530",27,30,90,86.07,86.07,0,TRUE,NA,"Recommended","Adequate recent daily coverage"
"PROJ_045",5624,"IDA Pashamylaram, Hyderabad - TSPCB","Hyderabad","12235504","pm10","preferred_current","2026-08-26","2026-09-24","2026-09-24T18:36:20+0530",27,30,90,85.44,85.44,0,TRUE,NA,"Recommended","Adequate recent daily coverage"
"PROJ_045",5624,"IDA Pashamylaram, Hyderabad - TSPCB","Hyderabad","12235507","so2","preferred_current","2026-08-26","2026-09-24","2026-09-24T18:36:23+0530",27,30,90,85.59,85.59,0,TRUE,NA,"Recommended","Adequate recent daily coverage"
"PROJ_045",5624,"IDA Pashamylaram, Hyderabad - TSPCB","Hyderabad","12235503","o3","preferred_current","2026-08-26","2026-09-24","2026-09-24T18:36:26+0530",26,30,86.67,88.38,88.38,0,TRUE,NA,"Recommended","Adequate recent daily coverage"
"PROJ_045",5624,"IDA Pashamylaram, Hyderabad - TSPCB","Hyderabad","12235505","pm25","preferred_current","2026-08-26","2026-09-24","2026-09-24T18:36:29+0530",27,30,90,85.44,85.44,0,TRUE,NA,"Recommended","Adequate recent daily coverage"
"PROJ_057",5645,"ICRISAT Patancheru, Hyderabad - TSPCB","Hyderabad","12235406","no2","preferred_current","2026-08-26","2026-09-24","2026-09-24T18:36:33+0530",26,30,86.67,86.96,86.96,0,TRUE,NA,"Recommended","Adequate recent daily coverage"
"PROJ_057",5645,"ICRISAT Patancheru, Hyderabad - TSPCB","Hyderabad","12235411","so2","preferred_current","2026-08-26","2026-09-24","2026-09-24T18:36:36+0530",26,30,86.67,83.23,83.23,0,TRUE,NA,"Recommended","Adequate recent daily coverage"
"PROJ_057",5645,"ICRISAT Patancheru, Hyderabad - TSPCB","Hyderabad","12235404","co","preferred_current","2026-08-26","2026-09-24","2026-09-24T18:36:39+0530",26,30,86.67,87.12,87.12,0,TRUE,NA,"Recommended","Adequate recent daily coverage"
"PROJ_057",5645,"ICRISAT Patancheru, Hyderabad - TSPCB","Hyderabad","12235408","pm10","preferred_current","2026-08-26","2026-09-24","2026-09-24T18:36:43+0530",26,30,86.67,85.85,85.85,0,TRUE,NA,"Recommended","Adequate recent daily coverage"
"PROJ_057",5645,"ICRISAT Patancheru, Hyderabad - TSPCB","Hyderabad","12235409","pm25","preferred_current","2026-08-26","2026-09-24","2026-09-24T18:36:46+0530",26,30,86.67,84.58,84.58,0,TRUE,NA,"Recommended","Adequate recent daily coverage"
"PROJ_057",5645,"ICRISAT Patancheru, Hyderabad - TSPCB","Hyderabad","12235407","o3","preferred_current","2026-08-26","2026-09-24","2026-09-24T18:36:49+0530",26,30,86.67,84.42,84.42,0,TRUE,NA,"Recommended","Adequate recent daily coverage"
"PROJ_058",5647,"Sanathnagar, Hyderabad - TSPCB","Hyderabad","12242125","co","preferred_current","2026-08-26","2026-09-24","2026-09-24T18:36:52+0530",27,30,90,86.78,86.78,0,TRUE,NA,"Recommended","Adequate recent daily coverage"
"PROJ_058",5647,"Sanathnagar, Hyderabad - TSPCB","Hyderabad","12242129","pm25","preferred_current","2026-08-26","2026-09-24","2026-09-24T18:36:56+0530",27,30,90,86.48,86.48,0,TRUE,NA,"Recommended","Adequate recent daily coverage"
"PROJ_058",5647,"Sanathnagar, Hyderabad - TSPCB","Hyderabad","12242127","no2","preferred_current","2026-08-26","2026-09-24","2026-09-24T18:37:00+0530",26,30,86.67,76.88,76.88,0,TRUE,NA,"Recommended","Adequate recent daily coverage"
"PROJ_058",5647,"Sanathnagar, Hyderabad - TSPCB","Hyderabad","12242128","o3","preferred_current","2026-08-26","2026-09-24","2026-09-24T18:37:03+0530",26,30,86.67,79.58,79.58,0,TRUE,NA,"Recommended","Adequate recent daily coverage"
"PROJ_058",5647,"Sanathnagar, Hyderabad - TSPCB","Hyderabad","12242131","so2","preferred_current","2026-08-26","2026-09-24","2026-09-24T18:37:06+0530",27,30,90,82.19,82.19,0,TRUE,NA,"Recommended","Adequate recent daily coverage"
"PROJ_123",8557,"Hyderabad","Hyderabad","24857","pm25","preferred_current","2026-08-26","2026-09-24","2026-09-24T18:37:09+0530",0,30,0,NA,NA,0,FALSE,NA,"Not recommended","Insufficient coverage"
"PROJ_179",344103,"ECIL Kapra, Hyderabad - TSPCB","Hyderabad","12237100","so2","preferred_current","2026-08-26","2026-09-24","2026-09-24T18:37:12+0530",27,30,90,81.19,81.19,0,TRUE,NA,"Recommended","Adequate recent daily coverage"
"PROJ_179",344103,"ECIL Kapra, Hyderabad - TSPCB","Hyderabad","12237093","co","preferred_current","2026-08-26","2026-09-24","2026-09-24T18:37:16+0530",27,30,90,84.7,84.7,0,TRUE,NA,"Recommended","Adequate recent daily coverage"
"PROJ_179",344103,"ECIL Kapra, Hyderabad - TSPCB","Hyderabad","12237096","o3","preferred_current","2026-08-26","2026-09-24","2026-09-24T18:37:19+0530",27,30,90,84.56,84.56,0,TRUE,NA,"Recommended","Adequate recent daily coverage"
"PROJ_179",344103,"ECIL Kapra, Hyderabad - TSPCB","Hyderabad","12237097","pm10","preferred_current","2026-08-26","2026-09-24","2026-09-24T18:37:23+0530",27,30,90,80.85,80.85,0,TRUE,NA,"Recommended","Adequate recent daily coverage"
"PROJ_179",344103,"ECIL Kapra, Hyderabad - TSPCB","Hyderabad","12237098","pm25","preferred_current","2026-08-26","2026-09-24","2026-09-24T18:37:27+0530",27,30,90,80.85,80.85,0,TRUE,NA,"Recommended","Adequate recent daily coverage"
"PROJ_179",344103,"ECIL Kapra, Hyderabad - TSPCB","Hyderabad","12237095","no2","preferred_current","2026-08-26","2026-09-24","2026-09-24T18:37:30+0530",27,30,90,84.41,84.41,0,TRUE,NA,"Recommended","Adequate recent daily coverage"
"PROJ_180",344104,"Kompally Municipal Office, Hyderabad - TSPCB","Hyderabad","12237125","pm25","preferred_current","2026-08-26","2026-09-24","2026-09-24T18:37:33+0530",27,30,90,89.11,89.11,0,TRUE,NA,"Recommended","Adequate recent daily coverage"
"PROJ_180",344104,"Kompally Municipal Office, Hyderabad - TSPCB","Hyderabad","12237122","no2","preferred_current","2026-08-26","2026-09-24","2026-09-24T18:37:36+0530",27,30,90,88.22,88.22,0,TRUE,NA,"Recommended","Adequate recent daily coverage"
"PROJ_180",344104,"Kompally Municipal Office, Hyderabad - TSPCB","Hyderabad","12237124","pm10","preferred_current","2026-08-26","2026-09-24","2026-09-24T18:37:40+0530",27,30,90,89.11,89.11,0,TRUE,NA,"Recommended","Adequate recent daily coverage"
"PROJ_180",344104,"Kompally Municipal Office, Hyderabad - TSPCB","Hyderabad","12237127","so2","preferred_current","2026-08-26","2026-09-24","2026-09-24T18:37:43+0530",26,30,86.67,91.54,91.54,0,TRUE,NA,"Recommended","Adequate recent daily coverage"
"PROJ_180",344104,"Kompally Municipal Office, Hyderabad - TSPCB","Hyderabad","12237123","o3","preferred_current","2026-08-26","2026-09-24","2026-09-24T18:37:47+0530",27,30,90,88.81,88.81,0,TRUE,NA,"Recommended","Adequate recent daily coverage"
"PROJ_180",344104,"Kompally Municipal Office, Hyderabad - TSPCB","Hyderabad","12237120","co","preferred_current","2026-08-26","2026-09-24","2026-09-24T18:37:50+0530",27,30,90,88.96,88.96,0,TRUE,NA,"Recommended","Adequate recent daily coverage"
"PROJ_181",344140,"Somajiguda, Hyderabad - TSPCB","Hyderabad","12237111","co","preferred_current","2026-08-26","2026-09-24","2026-09-24T18:37:53+0530",27,30,90,89.85,89.85,0,TRUE,NA,"Recommended","Adequate recent daily coverage"
"PROJ_181",344140,"Somajiguda, Hyderabad - TSPCB","Hyderabad","12237114","o3","preferred_current","2026-08-26","2026-09-24","2026-09-24T18:37:56+0530",27,30,90,86.3,86.3,0,TRUE,NA,"Recommended","Adequate recent daily coverage"
"PROJ_181",344140,"Somajiguda, Hyderabad - TSPCB","Hyderabad","12237113","no2","preferred_current","2026-08-26","2026-09-24","2026-09-24T18:37:59+0530",27,30,90,89.85,89.85,0,TRUE,NA,"Recommended","Adequate recent daily coverage"
"PROJ_181",344140,"Somajiguda, Hyderabad - TSPCB","Hyderabad","12237115","pm10","preferred_current","2026-08-26","2026-09-24","2026-09-24T18:38:03+0530",27,30,90,89.7,89.7,0,TRUE,NA,"Recommended","Adequate recent daily coverage"
"PROJ_181",344140,"Somajiguda, Hyderabad - TSPCB","Hyderabad","12237118","so2","preferred_current","2026-08-26","2026-09-24","2026-09-24T18:38:06+0530",27,30,90,89.85,89.85,0,TRUE,NA,"Recommended","Adequate recent daily coverage"
"PROJ_181",344140,"Somajiguda, Hyderabad - TSPCB","Hyderabad","12237116","pm25","preferred_current","2026-08-26","2026-09-24","2026-09-24T18:38:10+0530",27,30,90,89.7,89.7,0,TRUE,NA,"Recommended","Adequate recent daily coverage"
"PROJ_182",344142,"Nacharam_TSIIC IALA, Hyderabad - TSPCB","Hyderabad","12237136","so2","preferred_current","2026-08-26","2026-09-24","2026-09-24T18:38:13+0530",27,30,90,80.74,80.74,0,TRUE,NA,"Recommended","Adequate recent daily coverage"
"PROJ_182",344142,"Nacharam_TSIIC IALA, Hyderabad - TSPCB","Hyderabad","12237134","pm25","preferred_current","2026-08-26","2026-09-24","2026-09-24T18:38:17+0530",27,30,90,81.04,81.04,0,TRUE,NA,"Recommended","Adequate recent daily coverage"
"PROJ_182",344142,"Nacharam_TSIIC IALA, Hyderabad - TSPCB","Hyderabad","12237133","pm10","preferred_current","2026-08-26","2026-09-24","2026-09-24T18:38:20+0530",27,30,90,81.04,81.04,0,TRUE,NA,"Recommended","Adequate recent daily coverage"
"PROJ_182",344142,"Nacharam_TSIIC IALA, Hyderabad - TSPCB","Hyderabad","12237132","o3","preferred_current","2026-08-26","2026-09-24","2026-09-24T18:38:23+0530",27,30,90,81.04,81.04,0,TRUE,NA,"Recommended","Adequate recent daily coverage"
"PROJ_182",344142,"Nacharam_TSIIC IALA, Hyderabad - TSPCB","Hyderabad","12237129","co","preferred_current","2026-08-26","2026-09-24","2026-09-24T18:38:27+0530",27,30,90,80.74,80.74,0,TRUE,NA,"Recommended","Adequate recent daily coverage"
"PROJ_182",344142,"Nacharam_TSIIC IALA, Hyderabad - TSPCB","Hyderabad","12237131","no2","preferred_current","2026-08-26","2026-09-24","2026-09-24T18:38:31+0530",27,30,90,81.04,81.04,0,TRUE,NA,"Recommended","Adequate recent daily coverage"
"PROJ_183",344144,"IITH Kandi, Hyderabad - TSPCB","Hyderabad","12237106","pm10","preferred_current","2026-08-26","2026-09-24","2026-09-24T18:38:34+0530",25,30,83.33,80.12,80.12,0,TRUE,NA,"Recommended","Adequate recent daily coverage"
"PROJ_183",344144,"IITH Kandi, Hyderabad - TSPCB","Hyderabad","12237109","so2","preferred_current","2026-08-26","2026-09-24","2026-09-24T18:38:37+0530",25,30,83.33,80.12,80.12,0,TRUE,NA,"Recommended","Adequate recent daily coverage"
"PROJ_183",344144,"IITH Kandi, Hyderabad - TSPCB","Hyderabad","12237107","pm25","preferred_current","2026-08-26","2026-09-24","2026-09-24T18:38:40+0530",25,30,83.33,80.12,80.12,0,TRUE,NA,"Recommended","Adequate recent daily coverage"
"PROJ_183",344144,"IITH Kandi, Hyderabad - TSPCB","Hyderabad","12237104","no2","preferred_current","2026-08-26","2026-09-24","2026-09-24T18:38:43+0530",25,30,83.33,80.12,80.12,0,TRUE,NA,"Recommended","Adequate recent daily coverage"
"PROJ_183",344144,"IITH Kandi, Hyderabad - TSPCB","Hyderabad","12237105","o3","preferred_current","2026-08-26","2026-09-24","2026-09-24T18:38:47+0530",25,30,83.33,80.12,80.12,0,TRUE,NA,"Recommended","Adequate recent daily coverage"
"PROJ_183",344144,"IITH Kandi, Hyderabad - TSPCB","Hyderabad","12237102","co","preferred_current","2026-08-26","2026-09-24","2026-09-24T18:38:50+0530",25,30,83.33,80.12,80.12,0,TRUE,NA,"Recommended","Adequate recent daily coverage"
"PROJ_184",346257,"Ramachandrapuram, Hyderabad - TSPCB","Hyderabad","12242161","no2","preferred_current","2026-08-26","2026-09-24","2026-09-24T18:38:52+0530",27,30,90,89.59,89.59,0,TRUE,NA,"Recommended","Adequate recent daily coverage"
"PROJ_184",346257,"Ramachandrapuram, Hyderabad - TSPCB","Hyderabad","12242162","o3","preferred_current","2026-08-26","2026-09-24","2026-09-24T18:38:56+0530",27,30,90,89.7,89.7,0,TRUE,NA,"Recommended","Adequate recent daily coverage"
"PROJ_184",346257,"Ramachandrapuram, Hyderabad - TSPCB","Hyderabad","12242163","pm10","preferred_current","2026-08-26","2026-09-24","2026-09-24T18:39:00+0530",27,30,90,90.04,90.04,0,TRUE,NA,"Recommended","Adequate recent daily coverage"
"PROJ_184",346257,"Ramachandrapuram, Hyderabad - TSPCB","Hyderabad","12242166","so2","preferred_current","2026-08-26","2026-09-24","2026-09-24T18:39:03+0530",27,30,90,89.85,89.85,0,TRUE,NA,"Recommended","Adequate recent daily coverage"
"PROJ_184",346257,"Ramachandrapuram, Hyderabad - TSPCB","Hyderabad","12242159","co","preferred_current","2026-08-26","2026-09-24","2026-09-24T18:39:06+0530",27,30,90,89.89,89.89,0,TRUE,NA,"Recommended","Adequate recent daily coverage"
"PROJ_184",346257,"Ramachandrapuram, Hyderabad - TSPCB","Hyderabad","12242164","pm25","preferred_current","2026-08-26","2026-09-24","2026-09-24T18:39:09+0530",27,30,90,90.04,90.04,0,TRUE,NA,"Recommended","Adequate recent daily coverage"
"PROJ_185",346258,"Kokapet, Hyderabad - TSPCB","Hyderabad","12237161","pm25","preferred_current","2026-08-26","2026-09-24","2026-09-24T18:39:13+0530",22,30,73.33,92.95,92.95,0,TRUE,NA,"Recommended","Adequate recent daily coverage"
"PROJ_185",346258,"Kokapet, Hyderabad - TSPCB","Hyderabad","12237163","so2","preferred_current","2026-08-26","2026-09-24","2026-09-24T18:39:16+0530",22,30,73.33,92.95,92.95,0,TRUE,NA,"Recommended","Adequate recent daily coverage"
"PROJ_185",346258,"Kokapet, Hyderabad - TSPCB","Hyderabad","12237156","co","preferred_current","2026-08-26","2026-09-24","2026-09-24T18:39:20+0530",22,30,73.33,92.95,92.95,0,TRUE,NA,"Recommended","Adequate recent daily coverage"
"PROJ_185",346258,"Kokapet, Hyderabad - TSPCB","Hyderabad","12237160","pm10","preferred_current","2026-08-26","2026-09-24","2026-09-24T18:39:24+0530",22,30,73.33,92.95,92.95,0,TRUE,NA,"Recommended","Adequate recent daily coverage"
"PROJ_185",346258,"Kokapet, Hyderabad - TSPCB","Hyderabad","12237158","no2","preferred_current","2026-08-26","2026-09-24","2026-09-24T18:39:27+0530",22,30,73.33,92.18,92.18,0,TRUE,NA,"Recommended","Adequate recent daily coverage"
"PROJ_185",346258,"Kokapet, Hyderabad - TSPCB","Hyderabad","12237159","o3","preferred_current","2026-08-26","2026-09-24","2026-09-24T18:39:30+0530",22,30,73.33,92.95,92.95,0,TRUE,NA,"Recommended","Adequate recent daily coverage"
"PROJ_186",352465,"New Malakpet, Hyderabad - TSPCB","Hyderabad","12237091","so2","preferred_current","2026-08-26","2026-09-24","2026-09-24T18:39:33+0530",27,30,90,85.26,85.26,0,TRUE,NA,"Recommended","Adequate recent daily coverage"
"PROJ_186",352465,"New Malakpet, Hyderabad - TSPCB","Hyderabad","12237088","pm10","preferred_current","2026-08-26","2026-09-24","2026-09-24T18:39:36+0530",25,30,83.33,86.32,86.32,0,TRUE,NA,"Recommended","Adequate recent daily coverage"
"PROJ_186",352465,"New Malakpet, Hyderabad - TSPCB","Hyderabad","12237089","pm25","preferred_current","2026-08-26","2026-09-24","2026-09-24T18:39:39+0530",25,30,83.33,85.96,85.96,0,TRUE,NA,"Recommended","Adequate recent daily coverage"
"PROJ_186",352465,"New Malakpet, Hyderabad - TSPCB","Hyderabad","12237086","no2","preferred_current","2026-08-26","2026-09-24","2026-09-24T18:39:43+0530",27,30,90,85.44,85.44,0,TRUE,NA,"Recommended","Adequate recent daily coverage"
"PROJ_186",352465,"New Malakpet, Hyderabad - TSPCB","Hyderabad","12237087","o3","preferred_current","2026-08-26","2026-09-24","2026-09-24T18:39:47+0530",27,30,90,85.44,85.44,0,TRUE,NA,"Recommended","Adequate recent daily coverage"
"PROJ_186",352465,"New Malakpet, Hyderabad - TSPCB","Hyderabad","12237084","co","preferred_current","2026-08-26","2026-09-24","2026-09-24T18:39:50+0530",27,30,90,85.44,85.44,0,TRUE,NA,"Recommended","Adequate recent daily coverage"
"PROJ_200",3409390,"LGBI Airport, Guwahati - PCBA","Guwahati","12237618","pm25","preferred_current","2026-08-26","2026-09-24","2026-09-24T18:39:53+0530",27,30,90,86.48,86.48,0,TRUE,NA,"Recommended","Adequate recent daily coverage"
"PROJ_200",3409390,"LGBI Airport, Guwahati - PCBA","Guwahati","12237615","no2","preferred_current","2026-08-26","2026-09-24","2026-09-24T18:39:57+0530",27,30,90,87.44,87.44,0,TRUE,NA,"Recommended","Adequate recent daily coverage"
"PROJ_200",3409390,"LGBI Airport, Guwahati - PCBA","Guwahati","12237616","o3","preferred_current","2026-08-26","2026-09-24","2026-09-24T18:40:01+0530",27,30,90,87.56,87.56,0,TRUE,NA,"Recommended","Adequate recent daily coverage"
"PROJ_200",3409390,"LGBI Airport, Guwahati - PCBA","Guwahati","12237620","so2","preferred_current","2026-08-26","2026-09-24","2026-09-24T18:40:04+0530",27,30,90,85.11,85.11,0,TRUE,NA,"Recommended","Adequate recent daily coverage"
"PROJ_200",3409390,"LGBI Airport, Guwahati - PCBA","Guwahati","12237613","co","preferred_current","2026-08-26","2026-09-24","2026-09-24T18:40:08+0530",27,30,90,87.89,87.89,0,TRUE,NA,"Recommended","Adequate recent daily coverage"
"PROJ_200",3409390,"LGBI Airport, Guwahati - PCBA","Guwahati","12237617","pm10","preferred_current","2026-08-26","2026-09-24","2026-09-24T18:40:12+0530",27,30,90,86.48,86.48,0,TRUE,NA,"Recommended","Adequate recent daily coverage"
