"project_station_id","source","source_station_id","source_location_id","station_name","locality","city","state","country","latitude","longitude","timezone","first_observation_date","last_observation_date","verified_at","verification_method"
"PROJ_007","openaq",NA,407,"Zoo Park, Hyderabad - TSPCB",NA,"Hyderabad",NA,"India",17.349694,78.451437,"Asia/Kolkata","2016-03-21T19:00:00Z","2026-09-21T15:30:00Z","2026-09-24 10:14:02","openaq_v3_api"
"PROJ_014","openaq",NA,2459,"US Diplomatic Post: Hyderabad",NA,"Hyderabad",NA,"India",17.443464,78.47489,"Asia/Kolkata","2016-01-30T00:30:00Z","2016-11-09T16:30:00Z","2026-09-24 10:14:02","openaq_v3_api"
"PROJ_022","openaq",NA,2594,"Sanathnagar, Hyderabad - TSPCB",NA,"Hyderabad",NA,"India",17.42329722,78.47469722,"Asia/Kolkata","2016-03-22T10:00:00Z","2018-02-22T03:00:00Z","2026-09-24 10:14:02","openaq_v3_api"
"PROJ_036","openaq",NA,5599,"Bollaram Industrial Area, Hyderabad - TSPCB",NA,"Hyderabad",NA,"India",17.540891,78.358528,"Asia/Kolkata","2018-03-09T06:00:00Z","2026-09-21T15:30:00Z","2026-09-24 10:14:02","openaq_v3_api"
"PROJ_044","openaq",NA,5623,"Central University, Hyderabad - TSPCB",NA,"Hyderabad",NA,"India",17.460103,78.334361,"Asia/Kolkata","2018-03-09T06:00:00Z","2026-09-21T15:30:00Z","2026-09-24 10:14:02","openaq_v3_api"
"PROJ_045","openaq",NA,5624,"IDA Pashamylaram, Hyderabad - TSPCB",NA,"Hyderabad",NA,"India",17.5316895,78.218939,"Asia/Kolkata","2018-03-09T06:00:00Z","2026-09-21T15:30:00Z","2026-09-24 10:14:02","openaq_v3_api"
"PROJ_057","openaq",NA,5645,"ICRISAT Patancheru, Hyderabad - TSPCB",NA,"Hyderabad",NA,"India",17.5184,78.278777,"Asia/Kolkata","2018-03-10T19:30:00Z","2026-09-21T15:30:00Z","2026-09-24 10:14:02","openaq_v3_api"
"PROJ_058","openaq",NA,5647,"Sanathnagar, Hyderabad - TSPCB",NA,"Hyderabad",NA,"India",17.4559458,78.4332152,"Asia/Kolkata","2018-03-09T06:00:00Z","2026-09-21T15:30:00Z","2026-09-24 10:14:02","openaq_v3_api"
"PROJ_114","openaq",NA,7583,"ICRISAT Patancheru, Hyderabad - TSPCB",NA,"Hyderabad",NA,"India",17.305178,78.162863,"Asia/Kolkata","2020-04-28T07:15:00Z","2020-04-28T09:45:00Z","2026-09-24 10:14:02","openaq_v3_api"
"PROJ_125","openaq",NA,8557,"Hyderabad","India","Hyderabad",NA,"India",17.38405,78.45636,"Asia/Kolkata","2016-11-09T19:00:00Z","2026-04-06T04:30:00Z","2026-09-24 10:14:02","openaq_v3_api"
"PROJ_143","openaq",NA,10897,"ICRISAT Patancheru, Hyderabad - TSPCB",NA,"Hyderabad",NA,"India",17.5184,78.278777,"Asia/Kolkata","2020-04-28T10:45:00Z","2022-10-31T01:45:00Z","2026-09-24 10:14:02","openaq_v3_api"
"PROJ_182","openaq",NA,344103,"ECIL Kapra, Hyderabad - TSPCB",NA,"Hyderabad",NA,"India",17.470431,78.566959,"Asia/Kolkata","2022-05-26T12:00:00Z","2026-09-21T15:30:00Z","2026-09-24 10:14:03","openaq_v3_api"
"PROJ_183","openaq",NA,344104,"Kompally Municipal Office, Hyderabad - TSPCB",NA,"Hyderabad",NA,"India",17.544899,78.486949,"Asia/Kolkata","2022-05-26T12:00:00Z","2026-09-21T15:30:00Z","2026-09-24 10:14:03","openaq_v3_api"
"PROJ_184","openaq",NA,344140,"Somajiguda, Hyderabad - TSPCB",NA,"Hyderabad",NA,"India",17.417094,78.457437,"Asia/Kolkata","2022-05-26T13:00:00Z","2026-09-21T15:30:00Z","2026-09-24 10:14:03","openaq_v3_api"
"PROJ_185","openaq",NA,344142,"Nacharam_TSIIC IALA, Hyderabad - TSPCB",NA,"Hyderabad",NA,"India",17.429398,78.569354,"Asia/Kolkata","2022-05-26T13:00:00Z","2026-09-21T15:30:00Z","2026-09-24 10:14:03","openaq_v3_api"
"PROJ_186","openaq",NA,344144,"IITH Kandi, Hyderabad - TSPCB",NA,"Hyderabad",NA,"India",17.585705,78.126199,"Asia/Kolkata","2022-05-26T13:00:00Z","2026-09-21T15:30:00Z","2026-09-24 10:14:03","openaq_v3_api"
"PROJ_187","openaq",NA,346257,"Ramachandrapuram, Hyderabad - TSPCB",NA,"Hyderabad",NA,"India",17.528544,78.286195,"Asia/Kolkata","2022-06-02T08:00:00Z","2026-09-21T15:30:00Z","2026-09-24 10:14:03","openaq_v3_api"
"PROJ_188","openaq",NA,346258,"Kokapet, Hyderabad - TSPCB",NA,"Hyderabad",NA,"India",17.393559,78.339194,"Asia/Kolkata","2022-06-02T08:00:00Z","2026-09-21T15:30:00Z","2026-09-24 10:14:03","openaq_v3_api"
"PROJ_189","openaq",NA,352465,"New Malakpet, Hyderabad - TSPCB",NA,"Hyderabad",NA,"India",17.37206,78.50864,"Asia/Kolkata","2022-06-16T07:00:00Z","2026-09-21T15:30:00Z","2026-09-24 10:14:03","openaq_v3_api"
"PROJ_233","openaq",NA,4720578,"Hyderabad",NA,"Hyderabad",NA,"India",17.492676,78.405394,"Asia/Kolkata","2025-06-13T03:00:00Z","2025-07-07T05:00:00Z","2026-09-24 10:14:03","openaq_v3_api"
