"project_station_id","source_location_id","station_name","city","state","city_match_confidence","city_scope_status","activity_status","geographic_scope","duplicate_status","core_pollutants_available_count","core_pollutants_with_recent_data","pm2_5_days_with_data_pct","pm10_days_with_data_pct","no2_days_with_data_pct","so2_days_with_data_pct","co_days_with_data_pct","o3_days_with_data_pct","minimum_core_coverage_pct","mean_core_coverage_pct","first_observation_date","last_observation_date","selection_readiness","selection_notes","metadata_earliest_history","metadata_latest_history","largest_core_sensor_gap_days","historical_continuity_summary","selection_strength","strength_reason","limitations"
"PROJ_002",17,"R K Puram, Delhi - DPCC","Delhi","Delhi","high","exact_city","active_recent",NA,"unique_current",6,6,90,90,90,90,90,90,90,90,"2016-02-05T14:55:00Z","2026-09-21T15:30:00Z","Strong candidate",NA,"2016-02-05","2026-09-21",2582.44791666667,"major_gap","Strong candidate","Based on core pollutants","Major historical gap"
"PROJ_003",50,"Punjabi Bagh, Delhi - DPCC","Delhi","Delhi","high","exact_city","active_recent",NA,"unique_current",6,6,90,90,90,86.67,86.67,86.67,86.67,88.34,"2016-02-05T14:55:00Z","2026-09-21T12:15:00Z","Strong candidate",NA,"2016-02-05","2026-09-21",2582.45833333333,"major_gap","Strong candidate","Based on core pollutants","Major historical gap"
"PROJ_005",235,"Anand Vihar, New Delhi - DPCC","Delhi","Delhi","high","verified_alias_same_city","active_recent",NA,"unique_current",6,6,86.67,86.67,86.67,86.67,86.67,86.67,86.67,86.67,"2016-02-05T14:15:00Z","2026-09-21T15:30:00Z","Strong candidate",NA,"2016-02-05","2026-09-21",3256.3125,"major_gap","Strong candidate","Based on core pollutants","Major historical gap"
"PROJ_007",407,"Zoo Park, Hyderabad - TSPCB","Hyderabad","Telangana","high","exact_city","active_recent","strict_or_core_hyderabad_candidate","unique_current",6,6,90,90,90,90,90,90,90,90,"2016-03-21T19:00:00Z","2026-09-21T15:30:00Z","Strong candidate",NA,"2016-03-21","2026-09-21",841.760416666667,"major_gap","Strong candidate","Based on core pollutants","Major historical gap"
"PROJ_036",5599,"Bollaram Industrial Area, Hyderabad - TSPCB","Hyderabad","Telangana","high","exact_city","active_recent","metro_candidate","unique_current",6,6,80,80,83.33,83.33,83.33,83.33,80,82.22,"2018-03-09T06:00:00Z","2026-09-21T15:30:00Z","Strong candidate",NA,"2018-03-09","2026-09-21",841.760416666667,"major_gap","Strong candidate","Based on core pollutants","Major historical gap"
"PROJ_044",5623,"Central University, Hyderabad - TSPCB","Hyderabad","Telangana","high","exact_city","active_recent","metro_candidate","unique_current",6,6,90,90,90,90,90,90,90,90,"2018-03-09T06:00:00Z","2026-09-21T15:30:00Z","Strong candidate",NA,"2018-03-09","2026-09-21",842.177083333333,"major_gap","Strong candidate","Based on core pollutants","Major historical gap"
"PROJ_030",5548,"BTM Layout, Bengaluru - CPCB","Bengaluru","Karnataka","high","exact_city","active_recent",NA,"unique_current",6,5,16.67,16.67,16.67,16.67,0,16.67,16.67,16.67,"2018-03-09T06:00:00Z","2026-09-21T15:30:00Z","Insufficient recent data",NA,"2018-03-09","2026-09-21",856.177083333333,"major_gap","Good candidate","Based on core pollutants","Major historical gap"
"PROJ_038",5607,"Peenya, Bengaluru - CPCB","Bengaluru","Karnataka","high","exact_city","active_recent",NA,"unique_current",6,6,66.67,60,90,90,90,90,60,81.11,"2018-03-09T05:30:00Z","2026-09-21T15:30:00Z","Strong candidate",NA,"2018-03-09","2026-09-21",841.770833333333,"major_gap","Strong candidate","Based on core pollutants","Major historical gap"
"PROJ_101",6973,"Jayanagar 5th Block, Bengaluru - KSPCB","Bengaluru","Karnataka","high","exact_city","active_recent",NA,"unique_current",6,6,90,90,90,90,90,90,90,90,"2018-08-10T06:00:00Z","2026-09-21T15:30:00Z","Strong candidate",NA,"2018-08-10","2026-09-21",841.760416666667,"major_gap","Strong candidate","Based on core pollutants","Major historical gap"
"PROJ_094",6950,"Jadavpur, Kolkata - WBPCB","Kolkata","West Bengal","high","exact_city","active_recent",NA,"unique_current",6,6,90,90,90,90,80,90,80,88.33,"2019-06-18T23:00:00Z","2026-09-21T15:30:00Z","Strong candidate",NA,"2019-06-18","2026-09-21",841.760416666667,"major_gap","Strong candidate","Based on core pollutants","Major historical gap"
"PROJ_104",6981,"Fort William, Kolkata - WBPCB","Kolkata","West Bengal","high","exact_city","active_recent",NA,"unique_current",6,6,90,90,90,90,90,90,90,90,"2019-06-18T23:15:00Z","2026-09-21T15:30:00Z","Strong candidate",NA,"2019-06-18","2026-09-21",841.770833333333,"major_gap","Strong candidate","Based on core pollutants","Major historical gap"
"PROJ_135",10633,"Victoria, Kolkata - WBPCB","Kolkata","West Bengal","high","exact_city","active_recent",NA,"unique_current",6,6,86.67,83.33,86.67,86.67,86.67,86.67,83.33,86.11,"2018-04-15T22:45:00Z","2026-09-21T15:30:00Z","Strong candidate",NA,"2018-04-15","2026-09-21",841.770833333333,"major_gap","Strong candidate","Based on core pollutants","Major historical gap"
"PROJ_040",5612,"Shastri Nagar, Jaipur - RSPCB","Jaipur","Rajasthan","high","exact_city","active_recent",NA,"unique_current",6,6,86.67,86.67,86.67,83.33,83.33,86.67,83.33,85.56,"2018-03-09T05:30:00Z","2026-09-21T15:30:00Z","Strong candidate",NA,"2018-03-09","2026-09-21",841.770833333333,"major_gap","Strong candidate","Based on core pollutants","Major historical gap"
"PROJ_051",5633,"Police Commissionerate, Jaipur - RSPCB","Jaipur","Rajasthan","high","exact_city","active_recent",NA,"unique_current",6,6,90,90,90,90,90,90,90,90,"2018-03-09T05:30:00Z","2026-09-21T15:30:00Z","Strong candidate",NA,"2018-03-09","2026-09-21",841.770833333333,"major_gap","Strong candidate","Based on core pollutants","Major historical gap"
"PROJ_053",5635,"Adarsh Nagar, Jaipur - RSPCB","Jaipur","Rajasthan","high","exact_city","active_recent",NA,"unique_current",6,6,90,90,90,86.67,86.67,90,86.67,88.89,"2018-03-09T06:00:00Z","2026-09-21T15:30:00Z","Strong candidate",NA,"2018-03-09","2026-09-21",841.760416666667,"major_gap","Strong candidate","Based on core pollutants","Major historical gap"
"PROJ_013",2456,"Talkatora District Industries Center, Lucknow - CPCB","Lucknow","Uttar Pradesh","high","exact_city","active_recent",NA,"unique_current",6,6,90,90,90,86.67,86.67,90,86.67,88.89,"2016-03-21T10:00:00Z","2026-09-21T15:30:00Z","Strong candidate",NA,"2016-03-21","2026-09-21",841.760416666667,"major_gap","Strong candidate","Based on core pollutants","Major historical gap"
"PROJ_063",5659,"Lalbagh, Lucknow - CPCB","Lucknow","Uttar Pradesh","high","exact_city","active_recent",NA,"unique_current",6,6,90,90,90,90,90,90,90,90,"2018-03-09T03:30:00Z","2026-09-21T15:30:00Z","Strong candidate",NA,"2018-03-09","2026-09-21",841.770833333333,"major_gap","Strong candidate","Based on core pollutants","Major historical gap"
"PROJ_109",7140,"Gomti Nagar, Lucknow - UPPCB","Lucknow","Uttar Pradesh","high","exact_city","active_recent",NA,"unique_current",6,6,90,90,90,90,90,90,90,90,"2019-08-07T10:00:00Z","2026-09-21T15:30:00Z","Strong candidate",NA,"2019-08-07","2026-09-21",856.1875,"major_gap","Strong candidate","Based on core pollutants","Major historical gap"
"PROJ_019",2586,"Manali, Chennai - CPCB","Chennai","Tamil Nadu","high","exact_city","active_recent",NA,"unique_current",6,6,90,90,90,90,90,90,90,90,"2016-03-21T10:00:00Z","2026-09-21T15:30:00Z","Strong candidate",NA,"2016-03-21","2026-09-21",856.21875,"major_gap","Strong candidate","Based on core pollutants","Major historical gap"
"PROJ_061",5655,"Velachery Res. Area, Chennai - CPCB","Chennai","Tamil Nadu","high","exact_city","active_recent",NA,"unique_current",6,6,86.67,86.67,83.33,86.67,86.67,86.67,83.33,86.11,"2018-03-09T05:30:00Z","2026-09-21T15:30:00Z","Strong candidate",NA,"2018-03-09","2026-09-21",841.770833333333,"major_gap","Strong candidate","Based on core pollutants","Major historical gap"
"PROJ_138",10780,"Manali Village, Chennai - TNPCB","Chennai","Tamil Nadu","high","exact_city","active_recent",NA,"unique_current",6,6,90,90,90,90,90,63.33,63.33,85.56,"2019-07-19T06:00:00Z","2026-09-21T15:30:00Z","Strong candidate",NA,"2019-07-19","2026-09-21",841.760416666667,"major_gap","Strong candidate","Based on core pollutants","Major historical gap"
"PROJ_158",11613,"Revenue Colony-Shivajinagar, Pune - IITM","Pune","Maharashtra","high","exact_city","active_recent",NA,"unique_current",6,6,90,90,90,90,90,90,90,90,"2020-11-13T12:15:00Z","2026-09-21T15:30:00Z","Strong candidate",NA,"2020-11-13","2026-09-21",957.541666666667,"major_gap","Strong candidate","Based on core pollutants","Major historical gap"
"PROJ_207",3409438,"Katraj Dairy, Pune - MPCB","Pune","Maharashtra","high","exact_city","active_recent",NA,"unique_current",6,6,90,90,90,90,90,90,90,90,"2025-02-19T21:30:00Z","2026-09-21T15:30:00Z","Strong candidate",NA,"2025-02-19","2026-09-21",0,"current_only","Strong candidate","Based on core pollutants","None"
"PROJ_208",3409439,"Savitribai Phule Pune University, Pune - MPCB","Pune","Maharashtra","high","exact_city","active_recent",NA,"unique_current",6,6,76.67,76.67,56.67,76.67,76.67,76.67,56.67,73.34,"2025-02-18T20:15:00Z","2026-09-21T15:30:00Z","Strong candidate",NA,"2025-02-18","2026-09-21",0,"current_only","Good candidate","Based on core pollutants","None"
"PROJ_111",7495,"DRM Office Danapur, Patna - BSPCB","Patna","Bihar","high","exact_city","active_recent",NA,"unique_current",6,6,90,90,90,86.67,90,90,86.67,89.44,"2020-03-02T10:00:00Z","2026-09-21T15:30:00Z","Strong candidate",NA,"2020-03-02","2026-09-21",856.177083333333,"major_gap","Strong candidate","Based on core pollutants","Major historical gap"
"PROJ_133",10599,"Rajbansi Nagar, Patna - BSPCB","Patna","Bihar","high","exact_city","active_recent",NA,"unique_current",6,6,90,90,90,90,90,90,90,90,"2019-12-26T05:15:00Z","2026-09-21T15:30:00Z","Strong candidate",NA,"2019-12-26","2026-09-21",856.1875,"major_gap","Strong candidate","Based on core pollutants","Major historical gap"
"PROJ_134",10630,"Govt. High School Shikarpur, Patna - BSPCB","Patna","Bihar","high","exact_city","active_recent",NA,"unique_current",6,6,90,90,90,86.67,90,90,86.67,89.44,"2020-03-31T11:15:00Z","2026-09-21T15:30:00Z","Strong candidate",NA,"2020-03-31","2026-09-21",856.1875,"major_gap","Strong candidate","Based on core pollutants","Major historical gap"
"PROJ_084",6927,"Colaba, Mumbai - MPCB","Mumbai","Maharashtra","high","exact_city","active_recent",NA,"unique_current",6,0,0,0,0,0,0,0,NA,NA,"2019-06-28T05:30:00Z","2026-06-22T00:15:00Z","Insufficient recent data",NA,"2019-06-28","2026-06-22",841.770833333333,"major_gap","Usable with limitations","Based on core pollutants","Major historical gap"
"PROJ_085",6928,"Vasai West, Mumbai - MPCB","Mumbai","Maharashtra","high","exact_city","active_recent",NA,"unique_current",6,0,0,0,0,0,0,0,NA,NA,"2019-06-19T00:00:00Z","2026-05-13T09:15:00Z","Insufficient recent data",NA,"2019-06-19","2026-05-13",841.760416666667,"major_gap","Usable with limitations","Based on core pollutants","Major historical gap"
"PROJ_092",6945,"Kurla, Mumbai - MPCB","Mumbai","Maharashtra","high","exact_city","active_recent",NA,"unique_current",6,6,60,60,90,90,90,90,60,80,"2019-06-19T00:00:00Z","2026-09-21T15:30:00Z","Strong candidate",NA,"2019-06-19","2026-09-21",847.020833333333,"major_gap","Good candidate","Based on core pollutants","Major historical gap"
"PROJ_042",5621,"Opp GPO Civil Lines, Nagpur - MPCB","Nagpur","Maharashtra","high","exact_city","active_recent",NA,"unique_current",6,6,90,90,90,90,90,90,90,90,"2018-03-09T05:30:00Z","2026-09-21T15:30:00Z","Strong candidate",NA,"2018-03-09","2026-09-21",841.8125,"major_gap","Strong candidate","Based on core pollutants","Major historical gap"
"PROJ_209",3409464,"Ambazari, Nagpur - MPCB","Nagpur","Maharashtra","high","exact_city","active_recent",NA,"unique_current",6,6,90,90,90,86.67,90,90,86.67,89.44,"2025-02-18T20:15:00Z","2026-09-21T15:30:00Z","Strong candidate",NA,"2025-02-18","2026-09-21",0,"current_only","Strong candidate","Based on core pollutants","None"
"PROJ_210",3409465,"Ram Nagar, Nagpur - MPCB","Nagpur","Maharashtra","high","exact_city","active_recent",NA,"unique_current",6,6,90,90,90,90,90,90,90,90,"2025-02-18T20:15:00Z","2026-09-21T15:30:00Z","Strong candidate",NA,"2025-02-18","2026-09-21",0,"current_only","Strong candidate","Based on core pollutants","None"
"PROJ_048",5628,"GVM Corporation, Visakhapatnam - APPCB","Visakhapatnam","Andhra Pradesh","high","exact_city","active_recent",NA,"unique_current",6,6,90,90,90,90,86.67,90,86.67,89.44,"2018-03-09T06:00:00Z","2026-09-21T15:30:00Z","Strong candidate",NA,"2018-03-09","2026-09-21",841.760416666667,"major_gap","Strong candidate","Based on core pollutants","Major historical gap"
"PROJ_050",5631,"Maninagar, Ahmedabad - GPCB","Ahmedabad","Gujarat","high","exact_city","active_recent",NA,"unique_current",6,6,90,90,90,90,90,90,90,90,"2018-03-09T05:30:00Z","2026-09-21T15:30:00Z","Strong candidate",NA,"2018-03-09","2026-09-21",841.770833333333,"major_gap","Strong candidate","Based on core pollutants","Major historical gap"
"PROJ_170",227533,"Rakhial, Ahmedabad - IITM","Ahmedabad","Gujarat","high","exact_city","active_recent",NA,"unique_current",6,6,90,86.67,90,90,90,90,86.67,89.44,"2021-06-04T17:30:00Z","2026-09-21T15:15:00Z","Strong candidate",NA,"2021-06-04","2026-09-21",951.572916666667,"major_gap","Strong candidate","Based on core pollutants","Major historical gap"
"PROJ_171",227534,"Gyaspur, Ahmedabad - IITM","Ahmedabad","Gujarat","high","exact_city","active_recent",NA,"unique_current",6,6,86.67,86.67,86.67,86.67,86.67,83.33,83.33,86.11,"2021-06-04T17:30:00Z","2026-09-21T15:30:00Z","Strong candidate",NA,"2021-06-04","2026-09-21",957.479166666667,"major_gap","Strong candidate","Based on core pollutants","Major historical gap"
"PROJ_142",10903,"Railway Colony, Guwahati - APCB","Guwahati","Assam","high","exact_city","active_recent",NA,"unique_current",6,6,90,90,90,90,90,90,90,90,"2019-12-24T09:45:00Z","2026-09-21T15:30:00Z","Strong candidate",NA,"2019-12-24","2026-09-21",841.770833333333,"major_gap","Strong candidate","Based on core pollutants","Major historical gap"
"PROJ_197",3409360,"IITG, Guwahati - PCBA","Guwahati","Assam","high","exact_city","active_recent",NA,"unique_current",6,6,90,86.67,90,90,90,90,86.67,89.44,"2025-02-18T20:15:00Z","2026-09-21T15:30:00Z","Strong candidate",NA,"2025-02-18","2026-09-21",0,"current_only","Strong candidate","Based on core pollutants","None"
"PROJ_144",10913,"T T Nagar, Bhopal - MPPCB","Bhopal","Madhya Pradesh","high","exact_city","active_recent",NA,"unique_current",6,6,90,90,90,90,90,90,90,90,"2019-09-23T10:00:00Z","2026-09-21T15:30:00Z","Strong candidate",NA,"2019-09-23","2026-09-21",856.177083333333,"major_gap","Strong candidate","Based on core pollutants","Major historical gap"
"PROJ_187",361378,"Paryavaran Parisar, Bhopal - MPPCB","Bhopal","Madhya Pradesh","high","exact_city","active_recent",NA,"unique_current",6,6,90,90,90,90,90,90,90,90,"2022-09-19T06:45:00Z","2026-09-21T15:30:00Z","Strong candidate",NA,"2022-09-19","2026-09-21",841.770833333333,"major_gap","Strong candidate","Based on core pollutants","Major historical gap"
"PROJ_202",3409413,"Idgah Hills, Bhopal - MPPCB","Bhopal","Madhya Pradesh","high","exact_city","active_recent",NA,"unique_current",6,6,83.33,83.33,83.33,83.33,83.33,83.33,83.33,83.33,"2025-02-18T20:15:00Z","2026-09-21T15:30:00Z","Strong candidate",NA,"2025-02-18","2026-09-21",0,"current_only","Strong candidate","Based on core pollutants","None"
"PROJ_200",3409390,"LGBI Airport, Guwahati - PCBA","Guwahati","Assam","high","exact_city","active_recent",NA,"unique_current",6,0,0,0,0,0,0,0,NA,NA,"2025-02-18T20:15:00Z","2026-09-21T15:30:00Z","Insufficient recent data",NA,"2025-02-18","2026-09-21",0,"current_only","Usable with limitations","Based on core pollutants","None"
