"project_station_id","source","source_station_id","source_location_id","station_name","locality","city","state","city_match_method","city_match_confidence","matched_alias","parsed_location_token","city_scope_status","country","latitude","longitude","timezone","first_observation_date","last_observation_date","provider","owner","core_sensor_records_count","core_pollutants_available_count","verified_at","verification_method","days_since_last_observation","activity_status","shortlist_status"
"PROJ_002","openaq",NA,17,"R K Puram, Delhi - DPCC",NA,"Delhi","Delhi","station_name_city_component","high",NA,"Delhi","exact_city","India",28.563262,77.186937,"Asia/Kolkata","2016-02-05T14:55:00Z","2026-09-21T15:30:00Z","CPCB","Delhi Pollution Control Committee",12,6,"2026-09-24 17:41:15","openaq_v3_api",2.86276724251056,"active_recent","Recommended for coverage audit"
"PROJ_003","openaq",NA,50,"Punjabi Bagh, Delhi - DPCC",NA,"Delhi","Delhi","station_name_city_component","high",NA,"Delhi","exact_city","India",28.674045,77.131023,"Asia/Kolkata","2016-02-05T14:55:00Z","2026-09-21T12:15:00Z","CPCB","Delhi Pollution Control Committee",12,6,"2026-09-24 17:41:15","openaq_v3_api",2.99818390917723,"active_recent","Recommended for coverage audit"
"PROJ_005","openaq",NA,235,"Anand Vihar, New Delhi - DPCC",NA,"Delhi","Delhi","station_name_city_component","high","New Delhi","New Delhi","verified_alias_same_city","India",28.646835,77.316032,"Asia/Kolkata","2016-02-05T14:15:00Z","2026-09-21T15:30:00Z","CPCB","Delhi Pollution Control Committee",12,6,"2026-09-24 17:41:15","openaq_v3_api",2.86276724251056,"active_recent","Recommended for coverage audit"
"PROJ_007","openaq",NA,407,"Zoo Park, Hyderabad - TSPCB",NA,"Hyderabad","Telangana","station_name_city_component","high",NA,"Hyderabad","exact_city","India",17.349694,78.451437,"Asia/Kolkata","2016-03-21T19:00:00Z","2026-09-21T15:30:00Z","CPCB","Telangana State Pollution Control Board",12,6,"2026-09-24 17:41:15","openaq_v3_api",2.86276724251056,"active_recent","Recommended for coverage audit"
"PROJ_036","openaq",NA,5599,"Bollaram Industrial Area, Hyderabad - TSPCB",NA,"Hyderabad","Telangana","station_name_city_component","high",NA,"Hyderabad","exact_city","India",17.540891,78.358528,"Asia/Kolkata","2018-03-09T06:00:00Z","2026-09-21T15:30:00Z","CPCB","Telangana State Pollution Control Board",12,6,"2026-09-24 17:41:16","openaq_v3_api",2.86276724251056,"active_recent","Recommended for coverage audit"
"PROJ_044","openaq",NA,5623,"Central University, Hyderabad - TSPCB",NA,"Hyderabad","Telangana","station_name_city_component","high",NA,"Hyderabad","exact_city","India",17.460103,78.334361,"Asia/Kolkata","2018-03-09T06:00:00Z","2026-09-21T15:30:00Z","CPCB","Telangana State Pollution Control Board",12,6,"2026-09-24 17:41:16","openaq_v3_api",2.86276724251056,"active_recent","Recommended for coverage audit"
"PROJ_030","openaq",NA,5548,"BTM Layout, Bengaluru - CPCB",NA,"Bengaluru","Karnataka","station_name_city_component","high",NA,"Bengaluru","exact_city","India",12.9135218,77.5950804,"Asia/Kolkata","2018-03-09T06:00:00Z","2026-09-21T15:30:00Z","CPCB","Central Pollution Control Board",12,6,"2026-09-24 17:41:16","openaq_v3_api",2.86276724251056,"active_recent","Recommended for coverage audit"
"PROJ_038","openaq",NA,5607,"Peenya, Bengaluru - CPCB",NA,"Bengaluru","Karnataka","station_name_city_component","high",NA,"Bengaluru","exact_city","India",13.0270199,77.494094,"Asia/Kolkata","2018-03-09T05:30:00Z","2026-09-21T15:30:00Z","CPCB","Central Pollution Control Board",12,6,"2026-09-24 17:41:16","openaq_v3_api",2.86276724251056,"active_recent","Recommended for coverage audit"
"PROJ_101","openaq",NA,6973,"Jayanagar 5th Block, Bengaluru - KSPCB",NA,"Bengaluru","Karnataka","station_name_city_component","high",NA,"Bengaluru","exact_city","India",12.920984,77.584908,"Asia/Kolkata","2018-08-10T06:00:00Z","2026-09-21T15:30:00Z","CPCB","Karnataka State Pollution Control Board",12,6,"2026-09-24 17:41:17","openaq_v3_api",2.86276724251056,"active_recent","Recommended for coverage audit"
"PROJ_094","openaq",NA,6950,"Jadavpur, Kolkata - WBPCB",NA,"Kolkata","West Bengal","station_name_city_component","high",NA,"Kolkata","exact_city","India",22.49929,88.36917,"Asia/Kolkata","2019-06-18T23:00:00Z","2026-09-21T15:30:00Z","CPCB","West Bengal Pollution Control Board",12,6,"2026-09-24 17:41:17","openaq_v3_api",2.86276724251056,"active_recent","Recommended for coverage audit"
"PROJ_104","openaq",NA,6981,"Fort William, Kolkata - WBPCB",NA,"Kolkata","West Bengal","station_name_city_component","high",NA,"Kolkata","exact_city","India",22.55664,88.342674,"Asia/Kolkata","2019-06-18T23:15:00Z","2026-09-21T15:30:00Z","CPCB","West Bengal Pollution Control Board",12,6,"2026-09-24 17:41:17","openaq_v3_api",2.86276724251056,"active_recent","Recommended for coverage audit"
"PROJ_135","openaq",NA,10633,"Victoria, Kolkata - WBPCB",NA,"Kolkata","West Bengal","station_name_city_component","high",NA,"Kolkata","exact_city","India",22.5448082,88.3403691,"Asia/Kolkata","2018-04-15T22:45:00Z","2026-09-21T15:30:00Z","CPCB","West Bengal Pollution Control Board",12,6,"2026-09-24 17:41:18","openaq_v3_api",2.86276724251056,"active_recent","Recommended for coverage audit"
"PROJ_040","openaq",NA,5612,"Shastri Nagar, Jaipur - RSPCB",NA,"Jaipur","Rajasthan","station_name_city_component","high",NA,"Jaipur","exact_city","India",26.9502929,75.730943,"Asia/Kolkata","2018-03-09T05:30:00Z","2026-09-21T15:30:00Z","CPCB","Rajasthan State Pollution Control Board",12,6,"2026-09-24 17:41:16","openaq_v3_api",2.86276724251056,"active_recent","Recommended for coverage audit"
"PROJ_051","openaq",NA,5633,"Police Commissionerate, Jaipur - RSPCB",NA,"Jaipur","Rajasthan","station_name_city_component","high",NA,"Jaipur","exact_city","India",26.9164092,75.7994901,"Asia/Kolkata","2018-03-09T05:30:00Z","2026-09-21T15:30:00Z","CPCB","Rajasthan State Pollution Control Board",12,6,"2026-09-24 17:41:16","openaq_v3_api",2.86276724251056,"active_recent","Recommended for coverage audit"
"PROJ_053","openaq",NA,5635,"Adarsh Nagar, Jaipur - RSPCB",NA,"Jaipur","Rajasthan","station_name_city_component","high",NA,"Jaipur","exact_city","India",26.902909,75.836858,"Asia/Kolkata","2018-03-09T06:00:00Z","2026-09-21T15:30:00Z","CPCB","Rajasthan State Pollution Control Board",12,6,"2026-09-24 17:41:16","openaq_v3_api",2.86276724251056,"active_recent","Recommended for coverage audit"
"PROJ_013","openaq",NA,2456,"Talkatora District Industries Center, Lucknow - CPCB",NA,"Lucknow","Uttar Pradesh","station_name_city_component","high",NA,"Lucknow","exact_city","India",26.83399722,80.8917361,"Asia/Kolkata","2016-03-21T10:00:00Z","2026-09-21T15:30:00Z","CPCB","Central Pollution Control Board",12,6,"2026-09-24 17:41:15","openaq_v3_api",2.86276724251056,"active_recent","Recommended for coverage audit"
"PROJ_063","openaq",NA,5659,"Lalbagh, Lucknow - CPCB",NA,"Lucknow","Uttar Pradesh","station_name_city_component","high",NA,"Lucknow","exact_city","India",26.8458805,80.9365541,"Asia/Kolkata","2018-03-09T03:30:00Z","2026-09-21T15:30:00Z","CPCB","Central Pollution Control Board",12,6,"2026-09-24 17:41:17","openaq_v3_api",2.86276724251056,"active_recent","Recommended for coverage audit"
"PROJ_109","openaq",NA,7140,"Gomti Nagar, Lucknow - UPPCB",NA,"Lucknow","Uttar Pradesh","station_name_city_component","high",NA,"Lucknow","exact_city","India",26.86812,81.005119,"Asia/Kolkata","2019-08-07T10:00:00Z","2026-09-21T15:30:00Z","CPCB","Uttar Pradesh Pollution Control Board",12,6,"2026-09-24 17:41:18","openaq_v3_api",2.86276724251056,"active_recent","Recommended for coverage audit"
"PROJ_019","openaq",NA,2586,"Manali, Chennai - CPCB",NA,"Chennai","Tamil Nadu","station_name_city_component","high",NA,"Chennai","exact_city","India",13.164544,80.26285,"Asia/Kolkata","2016-03-21T10:00:00Z","2026-09-21T15:30:00Z","CPCB","Central Pollution Control Board",12,6,"2026-09-24 17:41:16","openaq_v3_api",2.86276724251056,"active_recent","Recommended for coverage audit"
"PROJ_061","openaq",NA,5655,"Velachery Res. Area, Chennai - CPCB",NA,"Chennai","Tamil Nadu","station_name_city_component","high",NA,"Chennai","exact_city","India",13.0052189,80.2398125,"Asia/Kolkata","2018-03-09T05:30:00Z","2026-09-21T15:30:00Z","CPCB","Central Pollution Control Board",12,6,"2026-09-24 17:41:16","openaq_v3_api",2.86276724251056,"active_recent","Recommended for coverage audit"
"PROJ_138","openaq",NA,10780,"Manali Village, Chennai - TNPCB",NA,"Chennai","Tamil Nadu","station_name_city_component","high",NA,"Chennai","exact_city","India",13.1662,80.2584,"Asia/Kolkata","2019-07-19T06:00:00Z","2026-09-21T15:30:00Z","CPCB","Tamil Nadu Pollution Control Board",12,6,"2026-09-24 17:41:18","openaq_v3_api",2.86276724251056,"active_recent","Recommended for coverage audit"
"PROJ_158","openaq",NA,11613,"Revenue Colony-Shivajinagar, Pune - IITM",NA,"Pune","Maharashtra","station_name_city_component","high",NA,"Pune","exact_city","India",18.530085,73.849598,"Asia/Kolkata","2020-11-13T12:15:00Z","2026-09-21T15:30:00Z","CPCB","Indian Institute of Tropical Meteorology",12,6,"2026-09-24 17:41:19","openaq_v3_api",2.86276724251056,"active_recent","Recommended for coverage audit"
"PROJ_207","openaq",NA,3409438,"Katraj Dairy, Pune - MPCB",NA,"Pune","Maharashtra","station_name_city_component","high",NA,"Pune","exact_city","India",18.45445,73.854155,"Asia/Kolkata","2025-02-19T21:30:00Z","2026-09-21T15:30:00Z","CPCB","Maharashtra Pollution Control Board",6,6,"2026-09-24 17:41:22","openaq_v3_api",2.86276724251056,"active_recent","Recommended for coverage audit"
"PROJ_208","openaq",NA,3409439,"Savitribai Phule Pune University, Pune - MPCB",NA,"Pune","Maharashtra","station_name_city_component","high",NA,"Pune","exact_city","India",18.547056,73.826908,"Asia/Kolkata","2025-02-18T20:15:00Z","2026-09-21T15:30:00Z","CPCB","Maharashtra Pollution Control Board",6,6,"2026-09-24 17:41:22","openaq_v3_api",2.86276724251056,"active_recent","Recommended for coverage audit"
"PROJ_111","openaq",NA,7495,"DRM Office Danapur, Patna - BSPCB",NA,"Patna","Bihar","station_name_city_component","high",NA,"Patna","exact_city","India",25.586562,85.043586,"Asia/Kolkata","2020-03-02T10:00:00Z","2026-09-21T15:30:00Z","CPCB","Bihar State Pollution Control Board",12,6,"2026-09-24 17:41:18","openaq_v3_api",2.86276724251056,"active_recent","Recommended for coverage audit"
"PROJ_133","openaq",NA,10599,"Rajbansi Nagar, Patna - BSPCB",NA,"Patna","Bihar","station_name_city_component","high",NA,"Patna","exact_city","India",25.599486,85.113666,"Asia/Kolkata","2019-12-26T05:15:00Z","2026-09-21T15:30:00Z","CPCB","Bihar State Pollution Control Board",12,6,"2026-09-24 17:41:18","openaq_v3_api",2.86276724251056,"active_recent","Recommended for coverage audit"
"PROJ_134","openaq",NA,10630,"Govt. High School Shikarpur, Patna - BSPCB",NA,"Patna","Bihar","station_name_city_component","high",NA,"Patna","exact_city","India",25.592539,85.227158,"Asia/Kolkata","2020-03-31T11:15:00Z","2026-09-21T15:30:00Z","CPCB","Bihar State Pollution Control Board",12,6,"2026-09-24 17:41:18","openaq_v3_api",2.86276724251056,"active_recent","Recommended for coverage audit"
"PROJ_084","openaq",NA,6927,"Colaba, Mumbai - MPCB",NA,"Mumbai","Maharashtra","station_name_city_component","high",NA,"Mumbai","exact_city","India",18.91,72.82,"Asia/Kolkata","2019-06-28T05:30:00Z","2026-06-22T00:15:00Z","CPCB","Maharashtra Pollution Control Board",12,6,"2026-09-24 17:41:17","openaq_v3_api",94.4981839091772,"active_recent","Recommended for coverage audit"
"PROJ_085","openaq",NA,6928,"Vasai West, Mumbai - MPCB",NA,"Mumbai","Maharashtra","station_name_city_component","high",NA,"Mumbai","exact_city","India",19.3832,72.8204,"Asia/Kolkata","2019-06-19T00:00:00Z","2026-05-13T09:15:00Z","CPCB","Maharashtra Pollution Control Board",12,6,"2026-09-24 17:41:17","openaq_v3_api",134.123183909177,"active_recent","Recommended for coverage audit"
"PROJ_092","openaq",NA,6945,"Kurla, Mumbai - MPCB",NA,"Mumbai","Maharashtra","station_name_city_component","high",NA,"Mumbai","exact_city","India",19.0863,72.8888,"Asia/Kolkata","2019-06-19T00:00:00Z","2026-09-21T15:30:00Z","CPCB","Maharashtra Pollution Control Board",12,6,"2026-09-24 17:41:17","openaq_v3_api",2.86276724251056,"active_recent","Recommended for coverage audit"
"PROJ_042","openaq",NA,5621,"Opp GPO Civil Lines, Nagpur - MPCB",NA,"Nagpur","Maharashtra","station_name_city_component","high",NA,"Nagpur","exact_city","India",21.152875,79.0517531,"Asia/Kolkata","2018-03-09T05:30:00Z","2026-09-21T15:30:00Z","CPCB","Maharashtra Pollution Control Board",12,6,"2026-09-24 17:41:16","openaq_v3_api",2.86276724251056,"active_recent","Recommended for coverage audit"
"PROJ_209","openaq",NA,3409464,"Ambazari, Nagpur - MPCB",NA,"Nagpur","Maharashtra","station_name_city_component","high",NA,"Nagpur","exact_city","India",21.121801,79.04952,"Asia/Kolkata","2025-02-18T20:15:00Z","2026-09-21T15:30:00Z","CPCB","Maharashtra Pollution Control Board",6,6,"2026-09-24 17:41:22","openaq_v3_api",2.86276724251056,"active_recent","Recommended for coverage audit"
"PROJ_210","openaq",NA,3409465,"Ram Nagar, Nagpur - MPCB",NA,"Nagpur","Maharashtra","station_name_city_component","high",NA,"Nagpur","exact_city","India",21.143383,79.048912,"Asia/Kolkata","2025-02-18T20:15:00Z","2026-09-21T15:30:00Z","CPCB","Maharashtra Pollution Control Board",6,6,"2026-09-24 17:41:22","openaq_v3_api",2.86276724251056,"active_recent","Recommended for coverage audit"
"PROJ_048","openaq",NA,5628,"GVM Corporation, Visakhapatnam - APPCB",NA,"Visakhapatnam","Andhra Pradesh","station_name_city_component","high",NA,"Visakhapatnam","exact_city","India",17.722682,83.308197,"Asia/Kolkata","2018-03-09T06:00:00Z","2026-09-21T15:30:00Z","CPCB","Andhra Pradesh Pollution Control Board",12,6,"2026-09-24 17:41:16","openaq_v3_api",2.86276724251056,"active_recent","Recommended for coverage audit"
"PROJ_050","openaq",NA,5631,"Maninagar, Ahmedabad - GPCB",NA,"Ahmedabad","Gujarat","station_name_city_component","high",NA,"Ahmedabad","exact_city","India",23.002657,72.591912,"Asia/Kolkata","2018-03-09T05:30:00Z","2026-09-21T15:30:00Z","CPCB","Gujarat Pollution Control Board",12,6,"2026-09-24 17:41:16","openaq_v3_api",2.86276724251056,"active_recent","Recommended for coverage audit"
"PROJ_170","openaq",NA,227533,"Rakhial, Ahmedabad - IITM",NA,"Ahmedabad","Gujarat","station_name_city_component","high",NA,"Ahmedabad","exact_city","India",23.016834,72.625775,"Asia/Kolkata","2021-06-04T17:30:00Z","2026-09-21T15:15:00Z","CPCB","Indian Institute of Tropical Meteorology",12,6,"2026-09-24 17:41:19","openaq_v3_api",2.87318390917723,"active_recent","Recommended for coverage audit"
"PROJ_171","openaq",NA,227534,"Gyaspur, Ahmedabad - IITM",NA,"Ahmedabad","Gujarat","station_name_city_component","high",NA,"Ahmedabad","exact_city","India",22.977134,72.553024,"Asia/Kolkata","2021-06-04T17:30:00Z","2026-09-21T15:30:00Z","CPCB","Indian Institute of Tropical Meteorology",12,6,"2026-09-24 17:41:19","openaq_v3_api",2.86276724251056,"active_recent","Recommended for coverage audit"
"PROJ_142","openaq",NA,10903,"Railway Colony, Guwahati - APCB",NA,"Guwahati","Assam","station_name_city_component","high",NA,"Guwahati","exact_city","India",26.181742,91.78063,"Asia/Kolkata","2019-12-24T09:45:00Z","2026-09-21T15:30:00Z","CPCB","Unknown Governmental Organization",12,6,"2026-09-24 17:41:18","openaq_v3_api",2.86276724251056,"active_recent","Recommended for coverage audit"
"PROJ_197","openaq",NA,3409360,"IITG, Guwahati - PCBA",NA,"Guwahati","Assam","station_name_city_component","high",NA,"Guwahati","exact_city","India",26.2028636,91.70046436,"Asia/Kolkata","2025-02-18T20:15:00Z","2026-09-21T15:30:00Z","CPCB","Assam Pollution Control Board",6,6,"2026-09-24 17:41:21","openaq_v3_api",2.86276724251056,"active_recent","Recommended for coverage audit"
"PROJ_144","openaq",NA,10913,"T T Nagar, Bhopal - MPPCB",NA,"Bhopal","Madhya Pradesh","station_name_city_component","high",NA,"Bhopal","exact_city","India",23.233584,77.400574,"Asia/Kolkata","2019-09-23T10:00:00Z","2026-09-21T15:30:00Z","CPCB","Madhya Pradesh Pollution Control Board",12,6,"2026-09-24 17:41:19","openaq_v3_api",2.86276724251056,"active_recent","Recommended for coverage audit"
"PROJ_187","openaq",NA,361378,"Paryavaran Parisar, Bhopal - MPPCB",NA,"Bhopal","Madhya Pradesh","station_name_city_component","high",NA,"Bhopal","exact_city","India",23.210494,77.425409,"Asia/Kolkata","2022-09-19T06:45:00Z","2026-09-21T15:30:00Z","CPCB","Madhya Pradesh Pollution Control Board",12,6,"2026-09-24 17:41:20","openaq_v3_api",2.86276724251056,"active_recent","Recommended for coverage audit"
"PROJ_202","openaq",NA,3409413,"Idgah Hills, Bhopal - MPPCB",NA,"Bhopal","Madhya Pradesh","station_name_city_component","high",NA,"Bhopal","exact_city","India",23.264759,77.381568,"Asia/Kolkata","2025-02-18T20:15:00Z","2026-09-21T15:30:00Z","CPCB","Madhya Pradesh Pollution Control Board",6,6,"2026-09-24 17:41:22","openaq_v3_api",2.86276724251056,"active_recent","Recommended for coverage audit"
"PROJ_200","openaq",NA,3409390,"LGBI Airport, Guwahati - PCBA",NA,"Guwahati","Assam","station_name_city_component","high",NA,"Guwahati","exact_city","India",26.10887,91.589544,"Asia/Kolkata","2025-02-18T20:15:00Z","2026-09-21T15:30:00Z","CPCB","Assam Pollution Control Board",6,6,"2026-09-24 17:41:21","openaq_v3_api",NA,"active_recent","selected"
