"City","Station","PM2_5","PM10","NO2","SO2","CO","O3","Weather","Status"
"Delhi","R K Puram, Delhi - DPCC",92.47,90.86,88.31,94.09,87.37,94.09,100,"Pass"
"Hyderabad","Zoo Park, Hyderabad - TSPCB",93.95,94.49,94.49,94.49,94.49,94.49,100,"Pass"
"Chennai","Manali, Chennai - CPCB",90.19,90.19,90.73,90.73,90.73,90.73,100,"Pass"
"Nagpur","Opp GPO Civil Lines, Nagpur - MPCB",99.33,99.33,99.33,99.33,99.33,99.33,100,"Pass"
"Visakhapatnam","GVM Corporation, Visakhapatnam - APPCB",97.18,96.64,99.46,97.04,98.52,95.7,100,"Pass"
"Ahmedabad","Maninagar, Ahmedabad - GPCB",92.88,92.88,92.88,92.88,92.88,92.88,100,"Pass"
"Jaipur","Police Commissionerate, Jaipur - RSPCB",94.35,94.35,93.82,94.09,94.35,94.35,100,"Pass"
"Lucknow","Lalbagh, Lucknow - CPCB",95.3,95.3,95.3,95.3,95.3,95.16,100,"Pass"
"Mumbai","Kurla, Mumbai - MPCB",88.44,88.17,88.44,86.02,86.96,86.96,100,"Pass"
"Bengaluru","Jayanagar 5th Block, Bengaluru - KSPCB",97.58,97.45,91.4,97.45,88.04,91.4,100,"Pass"
"Kolkata","Fort William, Kolkata - WBPCB",59.95,59.95,59.95,59.95,59.95,59.95,100,"Review Required"
"Patna","Rajbansi Nagar, Patna - BSPCB",97.85,97.85,97.85,97.85,97.72,97.72,100,"Pass"
"Guwahati","Railway Colony, Guwahati - APCB",90.86,90.86,90.86,90.86,90.86,90.86,100,"Pass"
"Bhopal","T T Nagar, Bhopal - MPPCB",96.64,95.83,96.77,96.64,94.49,96.1,100,"Pass"
"Pune","Revenue Colony-Shivajinagar, Pune - IITM",88.04,88.04,88.04,88.04,88.04,88.04,100,"Pass"
