"column_name","data_type","unit","description","source","derived_or_observed","aqi_methodology_status"
"date","Date","YYYY-MM-DD","Local calendar date in Asia/Kolkata","master_spine","derived","metadata"
"project_station_id","String","NA","Internal project station identifier","master_spine","metadata","metadata"
"source_location_id","Integer","NA","Original OpenAQ location ID","master_spine","metadata","metadata"
"station_name","String","NA","Full name of the monitoring station","master_spine","metadata","metadata"
"city","String","NA","City where station is located","master_spine","metadata","metadata"
"state","String","NA","State where station is located","master_spine","metadata","metadata"
"latitude","Numeric","Decimal Degrees","Latitude of station","master_spine","metadata","metadata"
"longitude","Numeric","Decimal Degrees","Longitude of station","master_spine","metadata","metadata"
"use_hyderabad","Boolean","NA","Whether station is in Hyderabad cohort","master_spine","metadata","metadata"
"use_india","Boolean","NA","Whether station is in India cohort","master_spine","metadata","metadata"
"day_of_week","String","NA","Day of the week","master_spine","derived","metadata"
"month_name","String","NA","Name of the month","master_spine","derived","metadata"
"month","String","NA","Zero-padded month string","master_spine","derived","metadata"
"month_number","Integer","NA","Numeric month","master_spine","derived","metadata"
"year","Integer","NA","Year","master_spine","derived","metadata"
"season","String","NA","Analytical season (Winter, Summer / Pre-monsoon, Monsoon, Post-monsoon)","master_spine","derived","metadata"
"pm2_5_source_mean","Numeric","µg/m³","Daily arithmetic mean of PM2.5 in source units","OpenAQ","derived","descriptive_aggregate"
"pm2_5_valid_hours","Integer","Count","Number of distinct valid hourly timestamps for PM2.5","OpenAQ","derived","descriptive_aggregate"
"pm2_5_source_null_hour_count","Integer","Count","Number of missing/null hours for PM2.5","OpenAQ","derived","descriptive_aggregate"
"pm2_5_hourly_coverage_pct","Numeric","Percentage","Percentage of expected hours with valid PM2.5 data","OpenAQ","derived","descriptive_aggregate"
"pm2_5_source_unit","String","NA","Source unit for PM2.5 (µg/m³)","OpenAQ","observed","metadata"
"pm10_source_mean","Numeric","µg/m³","Daily arithmetic mean of PM10 in source units","OpenAQ","derived","descriptive_aggregate"
"pm10_valid_hours","Integer","Count","Number of distinct valid hourly timestamps for PM10","OpenAQ","derived","descriptive_aggregate"
"pm10_source_null_hour_count","Integer","Count","Number of missing/null hours for PM10","OpenAQ","derived","descriptive_aggregate"
"pm10_hourly_coverage_pct","Numeric","Percentage","Percentage of expected hours with valid PM10 data","OpenAQ","derived","descriptive_aggregate"
"pm10_source_unit","String","NA","Source unit for PM10 (µg/m³)","OpenAQ","observed","metadata"
"no2_source_mean","Numeric","ppb","Daily arithmetic mean of NO2 in source units (NOT YET CONVERTED)","OpenAQ","derived","awaiting_cpcb_methodology"
"no2_valid_hours","Integer","Count","Number of distinct valid hourly timestamps for NO2","OpenAQ","derived","descriptive_aggregate"
"no2_source_null_hour_count","Integer","Count","Number of missing/null hours for NO2","OpenAQ","derived","descriptive_aggregate"
"no2_hourly_coverage_pct","Numeric","Percentage","Percentage of expected hours with valid NO2 data","OpenAQ","derived","descriptive_aggregate"
"no2_source_unit","String","NA","Source unit for NO2 (ppb)","OpenAQ","observed","metadata"
"so2_source_mean","Numeric","ppb","Daily arithmetic mean of SO2 in source units (NOT YET CONVERTED)","OpenAQ","derived","awaiting_cpcb_methodology"
"so2_valid_hours","Integer","Count","Number of distinct valid hourly timestamps for SO2","OpenAQ","derived","descriptive_aggregate"
"so2_source_null_hour_count","Integer","Count","Number of missing/null hours for SO2","OpenAQ","derived","descriptive_aggregate"
"so2_hourly_coverage_pct","Numeric","Percentage","Percentage of expected hours with valid SO2 data","OpenAQ","derived","descriptive_aggregate"
"so2_source_unit","String","NA","Source unit for SO2 (ppb)","OpenAQ","observed","metadata"
"co_source_mean","Numeric","ppb","Daily arithmetic mean of CO in source units (NOT YET CONVERTED)","OpenAQ","derived","awaiting_cpcb_methodology"
"co_valid_hours","Integer","Count","Number of distinct valid hourly timestamps for CO","OpenAQ","derived","descriptive_aggregate"
"co_source_null_hour_count","Integer","Count","Number of missing/null hours for CO","OpenAQ","derived","descriptive_aggregate"
"co_hourly_coverage_pct","Numeric","Percentage","Percentage of expected hours with valid CO data","OpenAQ","derived","descriptive_aggregate"
"co_source_unit","String","NA","Source unit for CO (ppb)","OpenAQ","observed","metadata"
"o3_source_mean","Numeric","µg/m³","Daily arithmetic mean of O3 in source units","OpenAQ","derived","descriptive_aggregate"
"o3_valid_hours","Integer","Count","Number of distinct valid hourly timestamps for O3","OpenAQ","derived","descriptive_aggregate"
"o3_source_null_hour_count","Integer","Count","Number of missing/null hours for O3","OpenAQ","derived","descriptive_aggregate"
"o3_hourly_coverage_pct","Numeric","Percentage","Percentage of expected hours with valid O3 data","OpenAQ","derived","descriptive_aggregate"
"o3_source_unit","String","NA","Source unit for O3 (µg/m³)","OpenAQ","observed","metadata"
"temperature","Numeric","°C","Daily arithmetic mean temperature","Open-Meteo","derived","weather_aggregate"
"humidity","Numeric","Percentage","Daily arithmetic mean relative humidity","Open-Meteo","derived","weather_aggregate"
"wind_speed","Numeric","m/s","Daily arithmetic mean wind speed","Open-Meteo","derived","weather_aggregate"
"wind_direction","Numeric","Degrees","Daily resultant vector wind direction","Open-Meteo","derived","weather_aggregate"
"wind_direction_resultant_strength","Numeric","Magnitude","Resultant vector strength of wind","Open-Meteo","derived","weather_aggregate"
"weather_valid_hours","Integer","Count","Number of valid hourly weather observations","Open-Meteo","derived","weather_aggregate"
"weather_completeness_pct","Numeric","Percentage","Percentage of expected weather hours (24)","Open-Meteo","derived","weather_aggregate"
"core_pollutants_with_any_data","Integer","Count","Count of canonical pollutants with >0 valid hours today","Project","derived","descriptive_aggregate"
"all_six_have_any_data","Boolean","NA","Whether all 6 canonical pollutants have >0 valid hours today","Project","derived","descriptive_aggregate"
"pm_pair_have_any_data","Boolean","NA","Whether both PM2.5 and PM10 have >0 valid hours today","Project","derived","descriptive_aggregate"
"daily_air_availability_status","String","NA","Descriptive status of air data availability today","Project","derived","descriptive_aggregate"
