"project_station_id","city","parameter","expected_hour_count","distinct_valid_hour_count","source_null_value_count","hourly_completeness_pct","first_observed_timestamp","last_observed_timestamp"
"PROJ_002","Delhi","pm2_5",744,688,0,92.47,"2025-03-01T00:00:00+05:30","2025-03-31T22:00:00+05:30"
"PROJ_002","Delhi","pm10",744,676,0,90.86,"2025-03-01T00:00:00+05:30","2025-03-31T22:00:00+05:30"
"PROJ_002","Delhi","no2",744,657,0,88.31,"2025-03-01T00:00:00+05:30","2025-03-31T22:00:00+05:30"
"PROJ_002","Delhi","so2",744,700,0,94.09,"2025-03-01T00:00:00+05:30","2025-03-31T22:00:00+05:30"
"PROJ_002","Delhi","co",744,650,0,87.37,"2025-03-01T00:00:00+05:30","2025-03-31T22:00:00+05:30"
"PROJ_002","Delhi","o3",744,700,0,94.09,"2025-03-01T00:00:00+05:30","2025-03-31T22:00:00+05:30"
"PROJ_007","Hyderabad","pm2_5",744,699,0,93.95,"2025-03-01T00:00:00+05:30","2025-03-31T22:00:00+05:30"
"PROJ_007","Hyderabad","pm10",744,703,0,94.49,"2025-03-01T00:00:00+05:30","2025-03-31T22:00:00+05:30"
"PROJ_007","Hyderabad","no2",744,703,0,94.49,"2025-03-01T00:00:00+05:30","2025-03-31T22:00:00+05:30"
"PROJ_007","Hyderabad","so2",744,703,0,94.49,"2025-03-01T00:00:00+05:30","2025-03-31T22:00:00+05:30"
"PROJ_007","Hyderabad","co",744,703,0,94.49,"2025-03-01T00:00:00+05:30","2025-03-31T22:00:00+05:30"
"PROJ_007","Hyderabad","o3",744,703,0,94.49,"2025-03-01T00:00:00+05:30","2025-03-31T22:00:00+05:30"
"PROJ_019","Chennai","pm2_5",744,671,0,90.19,"2025-03-01T00:00:00+05:30","2025-03-31T22:00:00+05:30"
"PROJ_019","Chennai","pm10",744,671,0,90.19,"2025-03-01T00:00:00+05:30","2025-03-31T22:00:00+05:30"
"PROJ_019","Chennai","no2",744,675,0,90.73,"2025-03-01T00:00:00+05:30","2025-03-31T22:00:00+05:30"
"PROJ_019","Chennai","so2",744,675,0,90.73,"2025-03-01T00:00:00+05:30","2025-03-31T22:00:00+05:30"
"PROJ_019","Chennai","co",744,675,0,90.73,"2025-03-01T00:00:00+05:30","2025-03-31T22:00:00+05:30"
"PROJ_019","Chennai","o3",744,675,0,90.73,"2025-03-01T00:00:00+05:30","2025-03-31T22:00:00+05:30"
"PROJ_036","Hyderabad","pm2_5",744,591,0,79.44,"2025-03-01T00:00:00+05:30","2025-03-31T22:00:00+05:30"
"PROJ_036","Hyderabad","pm10",744,595,0,79.97,"2025-03-01T00:00:00+05:30","2025-03-31T22:00:00+05:30"
"PROJ_036","Hyderabad","no2",744,660,0,88.71,"2025-03-01T00:00:00+05:30","2025-03-31T22:00:00+05:30"
"PROJ_036","Hyderabad","so2",744,660,0,88.71,"2025-03-01T00:00:00+05:30","2025-03-31T22:00:00+05:30"
"PROJ_036","Hyderabad","co",744,661,0,88.84,"2025-03-01T00:00:00+05:30","2025-03-31T22:00:00+05:30"
"PROJ_036","Hyderabad","o3",744,661,0,88.84,"2025-03-01T00:00:00+05:30","2025-03-31T22:00:00+05:30"
"PROJ_042","Nagpur","pm2_5",744,739,0,99.33,"2025-03-01T00:00:00+05:30","2025-03-31T22:00:00+05:30"
"PROJ_042","Nagpur","pm10",744,739,0,99.33,"2025-03-01T00:00:00+05:30","2025-03-31T22:00:00+05:30"
"PROJ_042","Nagpur","no2",744,739,0,99.33,"2025-03-01T00:00:00+05:30","2025-03-31T22:00:00+05:30"
"PROJ_042","Nagpur","so2",744,739,0,99.33,"2025-03-01T00:00:00+05:30","2025-03-31T22:00:00+05:30"
"PROJ_042","Nagpur","co",744,739,0,99.33,"2025-03-01T00:00:00+05:30","2025-03-31T22:00:00+05:30"
"PROJ_042","Nagpur","o3",744,739,0,99.33,"2025-03-01T00:00:00+05:30","2025-03-31T22:00:00+05:30"
"PROJ_044","Hyderabad","pm2_5",744,710,0,95.43,"2025-03-01T00:00:00+05:30","2025-03-31T22:00:00+05:30"
"PROJ_044","Hyderabad","pm10",744,680,0,91.4,"2025-03-01T00:00:00+05:30","2025-03-31T22:00:00+05:30"
"PROJ_044","Hyderabad","no2",744,725,0,97.45,"2025-03-01T00:00:00+05:30","2025-03-31T22:00:00+05:30"
"PROJ_044","Hyderabad","so2",744,725,0,97.45,"2025-03-01T00:00:00+05:30","2025-03-31T22:00:00+05:30"
"PROJ_044","Hyderabad","co",744,725,0,97.45,"2025-03-01T00:00:00+05:30","2025-03-31T22:00:00+05:30"
"PROJ_044","Hyderabad","o3",744,725,0,97.45,"2025-03-01T00:00:00+05:30","2025-03-31T22:00:00+05:30"
"PROJ_048","Visakhapatnam","pm2_5",744,723,0,97.18,"2025-03-01T00:00:00+05:30","2025-03-31T22:00:00+05:30"
"PROJ_048","Visakhapatnam","pm10",744,719,0,96.64,"2025-03-01T00:00:00+05:30","2025-03-31T22:00:00+05:30"
"PROJ_048","Visakhapatnam","no2",744,740,0,99.46,"2025-03-01T00:00:00+05:30","2025-03-31T22:00:00+05:30"
"PROJ_048","Visakhapatnam","so2",744,722,0,97.04,"2025-03-01T00:00:00+05:30","2025-03-31T22:00:00+05:30"
"PROJ_048","Visakhapatnam","co",744,733,0,98.52,"2025-03-01T00:00:00+05:30","2025-03-31T22:00:00+05:30"
"PROJ_048","Visakhapatnam","o3",744,712,0,95.7,"2025-03-01T00:00:00+05:30","2025-03-31T22:00:00+05:30"
"PROJ_050","Ahmedabad","pm2_5",744,691,0,92.88,"2025-03-01T00:00:00+05:30","2025-03-31T22:00:00+05:30"
"PROJ_050","Ahmedabad","pm10",744,691,0,92.88,"2025-03-01T00:00:00+05:30","2025-03-31T22:00:00+05:30"
"PROJ_050","Ahmedabad","no2",744,691,0,92.88,"2025-03-01T00:00:00+05:30","2025-03-31T22:00:00+05:30"
"PROJ_050","Ahmedabad","so2",744,691,0,92.88,"2025-03-01T00:00:00+05:30","2025-03-31T22:00:00+05:30"
"PROJ_050","Ahmedabad","co",744,691,0,92.88,"2025-03-01T00:00:00+05:30","2025-03-31T22:00:00+05:30"
"PROJ_050","Ahmedabad","o3",744,691,0,92.88,"2025-03-01T00:00:00+05:30","2025-03-31T22:00:00+05:30"
"PROJ_051","Jaipur","pm2_5",744,702,0,94.35,"2025-03-01T00:00:00+05:30","2025-03-31T22:00:00+05:30"
"PROJ_051","Jaipur","pm10",744,702,0,94.35,"2025-03-01T00:00:00+05:30","2025-03-31T22:00:00+05:30"
"PROJ_051","Jaipur","no2",744,698,0,93.82,"2025-03-01T00:00:00+05:30","2025-03-31T22:00:00+05:30"
"PROJ_051","Jaipur","so2",744,700,0,94.09,"2025-03-01T00:00:00+05:30","2025-03-31T22:00:00+05:30"
"PROJ_051","Jaipur","co",744,702,0,94.35,"2025-03-01T00:00:00+05:30","2025-03-31T22:00:00+05:30"
"PROJ_051","Jaipur","o3",744,702,0,94.35,"2025-03-01T00:00:00+05:30","2025-03-31T22:00:00+05:30"
"PROJ_063","Lucknow","pm2_5",744,709,0,95.3,"2025-03-01T00:00:00+05:30","2025-03-31T22:00:00+05:30"
"PROJ_063","Lucknow","pm10",744,709,0,95.3,"2025-03-01T00:00:00+05:30","2025-03-31T22:00:00+05:30"
"PROJ_063","Lucknow","no2",744,709,0,95.3,"2025-03-01T00:00:00+05:30","2025-03-31T22:00:00+05:30"
"PROJ_063","Lucknow","so2",744,709,0,95.3,"2025-03-01T00:00:00+05:30","2025-03-31T22:00:00+05:30"
"PROJ_063","Lucknow","co",744,709,0,95.3,"2025-03-01T00:00:00+05:30","2025-03-31T22:00:00+05:30"
"PROJ_063","Lucknow","o3",744,708,0,95.16,"2025-03-01T00:00:00+05:30","2025-03-31T22:00:00+05:30"
"PROJ_092","Mumbai","pm2_5",744,658,0,88.44,"2025-03-01T00:00:00+05:30","2025-03-31T22:00:00+05:30"
"PROJ_092","Mumbai","pm10",744,656,0,88.17,"2025-03-01T00:00:00+05:30","2025-03-31T22:00:00+05:30"
"PROJ_092","Mumbai","no2",744,658,0,88.44,"2025-03-01T00:00:00+05:30","2025-03-31T22:00:00+05:30"
"PROJ_092","Mumbai","so2",744,640,0,86.02,"2025-03-01T00:00:00+05:30","2025-03-31T22:00:00+05:30"
"PROJ_092","Mumbai","co",744,647,0,86.96,"2025-03-01T00:00:00+05:30","2025-03-31T22:00:00+05:30"
"PROJ_092","Mumbai","o3",744,647,0,86.96,"2025-03-01T00:00:00+05:30","2025-03-31T22:00:00+05:30"
"PROJ_101","Bengaluru","pm2_5",744,726,0,97.58,"2025-03-01T00:00:00+05:30","2025-03-31T22:00:00+05:30"
"PROJ_101","Bengaluru","pm10",744,725,0,97.45,"2025-03-01T00:00:00+05:30","2025-03-31T22:00:00+05:30"
"PROJ_101","Bengaluru","no2",744,680,0,91.4,"2025-03-01T00:00:00+05:30","2025-03-31T22:00:00+05:30"
"PROJ_101","Bengaluru","so2",744,725,0,97.45,"2025-03-01T00:00:00+05:30","2025-03-31T22:00:00+05:30"
"PROJ_101","Bengaluru","co",744,655,0,88.04,"2025-03-01T00:00:00+05:30","2025-03-31T22:00:00+05:30"
"PROJ_101","Bengaluru","o3",744,680,0,91.4,"2025-03-01T00:00:00+05:30","2025-03-31T22:00:00+05:30"
"PROJ_133","Patna","pm2_5",744,728,0,97.85,"2025-03-01T00:00:00+05:30","2025-03-31T22:00:00+05:30"
"PROJ_133","Patna","pm10",744,728,0,97.85,"2025-03-01T00:00:00+05:30","2025-03-31T22:00:00+05:30"
"PROJ_133","Patna","no2",744,728,0,97.85,"2025-03-01T00:00:00+05:30","2025-03-31T22:00:00+05:30"
"PROJ_133","Patna","so2",744,728,0,97.85,"2025-03-01T00:00:00+05:30","2025-03-31T22:00:00+05:30"
"PROJ_133","Patna","co",744,727,0,97.72,"2025-03-01T00:00:00+05:30","2025-03-31T22:00:00+05:30"
"PROJ_133","Patna","o3",744,727,0,97.72,"2025-03-01T00:00:00+05:30","2025-03-31T22:00:00+05:30"
"PROJ_142","Guwahati","pm2_5",744,676,0,90.86,"2025-03-01T00:00:00+05:30","2025-03-31T22:00:00+05:30"
"PROJ_142","Guwahati","pm10",744,676,0,90.86,"2025-03-01T00:00:00+05:30","2025-03-31T22:00:00+05:30"
"PROJ_142","Guwahati","no2",744,676,0,90.86,"2025-03-01T00:00:00+05:30","2025-03-31T22:00:00+05:30"
"PROJ_142","Guwahati","so2",744,676,0,90.86,"2025-03-01T00:00:00+05:30","2025-03-31T22:00:00+05:30"
"PROJ_142","Guwahati","co",744,676,0,90.86,"2025-03-01T00:00:00+05:30","2025-03-31T22:00:00+05:30"
"PROJ_142","Guwahati","o3",744,676,0,90.86,"2025-03-01T00:00:00+05:30","2025-03-31T22:00:00+05:30"
"PROJ_144","Bhopal","pm2_5",744,719,0,96.64,"2025-03-01T00:00:00+05:30","2025-03-31T22:00:00+05:30"
"PROJ_144","Bhopal","pm10",744,713,0,95.83,"2025-03-01T00:00:00+05:30","2025-03-31T22:00:00+05:30"
"PROJ_144","Bhopal","no2",744,720,0,96.77,"2025-03-01T00:00:00+05:30","2025-03-31T22:00:00+05:30"
"PROJ_144","Bhopal","so2",744,719,0,96.64,"2025-03-01T00:00:00+05:30","2025-03-31T22:00:00+05:30"
"PROJ_144","Bhopal","co",744,703,0,94.49,"2025-03-01T00:00:00+05:30","2025-03-31T22:00:00+05:30"
"PROJ_144","Bhopal","o3",744,715,0,96.1,"2025-03-01T00:00:00+05:30","2025-03-31T22:00:00+05:30"
"PROJ_158","Pune","pm2_5",744,655,0,88.04,"2025-03-01T00:00:00+05:30","2025-03-29T20:00:00+05:30"
"PROJ_158","Pune","pm10",744,655,0,88.04,"2025-03-01T00:00:00+05:30","2025-03-29T20:00:00+05:30"
"PROJ_158","Pune","no2",744,655,0,88.04,"2025-03-01T00:00:00+05:30","2025-03-29T20:00:00+05:30"
"PROJ_158","Pune","so2",744,655,0,88.04,"2025-03-01T00:00:00+05:30","2025-03-29T20:00:00+05:30"
"PROJ_158","Pune","co",744,655,0,88.04,"2025-03-01T00:00:00+05:30","2025-03-29T20:00:00+05:30"
"PROJ_158","Pune","o3",744,655,0,88.04,"2025-03-01T00:00:00+05:30","2025-03-29T20:00:00+05:30"
"PROJ_179","Hyderabad","pm2_5",744,675,0,90.73,"2025-03-01T00:00:00+05:30","2025-03-31T22:00:00+05:30"
"PROJ_179","Hyderabad","pm10",744,675,0,90.73,"2025-03-01T00:00:00+05:30","2025-03-31T22:00:00+05:30"
"PROJ_179","Hyderabad","no2",744,675,0,90.73,"2025-03-01T00:00:00+05:30","2025-03-31T22:00:00+05:30"
"PROJ_179","Hyderabad","so2",744,674,0,90.59,"2025-03-01T00:00:00+05:30","2025-03-31T22:00:00+05:30"
"PROJ_179","Hyderabad","co",744,674,0,90.59,"2025-03-01T00:00:00+05:30","2025-03-31T22:00:00+05:30"
"PROJ_179","Hyderabad","o3",744,674,0,90.59,"2025-03-01T00:00:00+05:30","2025-03-31T22:00:00+05:30"
"PROJ_180","Hyderabad","pm2_5",744,683,0,91.8,"2025-03-01T00:00:00+05:30","2025-03-31T14:00:00+05:30"
"PROJ_180","Hyderabad","pm10",744,683,0,91.8,"2025-03-01T00:00:00+05:30","2025-03-31T14:00:00+05:30"
"PROJ_180","Hyderabad","no2",744,683,0,91.8,"2025-03-01T00:00:00+05:30","2025-03-31T14:00:00+05:30"
"PROJ_180","Hyderabad","so2",744,683,0,91.8,"2025-03-01T00:00:00+05:30","2025-03-31T14:00:00+05:30"
"PROJ_180","Hyderabad","co",744,683,0,91.8,"2025-03-01T00:00:00+05:30","2025-03-31T14:00:00+05:30"
"PROJ_180","Hyderabad","o3",744,683,0,91.8,"2025-03-01T00:00:00+05:30","2025-03-31T14:00:00+05:30"
"PROJ_181","Hyderabad","pm2_5",744,662,0,88.98,"2025-03-01T00:00:00+05:30","2025-03-31T22:00:00+05:30"
"PROJ_181","Hyderabad","pm10",744,662,0,88.98,"2025-03-01T00:00:00+05:30","2025-03-31T22:00:00+05:30"
"PROJ_181","Hyderabad","no2",744,662,0,88.98,"2025-03-01T00:00:00+05:30","2025-03-31T22:00:00+05:30"
"PROJ_181","Hyderabad","so2",744,662,0,88.98,"2025-03-01T00:00:00+05:30","2025-03-31T22:00:00+05:30"
"PROJ_181","Hyderabad","co",744,662,0,88.98,"2025-03-01T00:00:00+05:30","2025-03-31T22:00:00+05:30"
"PROJ_181","Hyderabad","o3",744,662,0,88.98,"2025-03-01T00:00:00+05:30","2025-03-31T22:00:00+05:30"
"PROJ_186","Hyderabad","pm2_5",744,727,0,97.72,"2025-03-01T00:00:00+05:30","2025-03-31T22:00:00+05:30"
"PROJ_186","Hyderabad","pm10",744,727,0,97.72,"2025-03-01T00:00:00+05:30","2025-03-31T22:00:00+05:30"
"PROJ_186","Hyderabad","no2",744,727,0,97.72,"2025-03-01T00:00:00+05:30","2025-03-31T22:00:00+05:30"
"PROJ_186","Hyderabad","so2",744,722,0,97.04,"2025-03-01T00:00:00+05:30","2025-03-31T22:00:00+05:30"
"PROJ_186","Hyderabad","co",744,727,0,97.72,"2025-03-01T00:00:00+05:30","2025-03-31T22:00:00+05:30"
"PROJ_186","Hyderabad","o3",744,727,0,97.72,"2025-03-01T00:00:00+05:30","2025-03-31T22:00:00+05:30"
"PROJ_094","Kolkata","pm2_5",744,742,0,99.73,"2025-03-01T00:00:00+05:30","2025-03-31T22:00:00+05:30"
"PROJ_094","Kolkata","pm10",744,742,0,99.73,"2025-03-01T00:00:00+05:30","2025-03-31T22:00:00+05:30"
"PROJ_094","Kolkata","no2",744,742,0,99.73,"2025-03-01T00:00:00+05:30","2025-03-31T22:00:00+05:30"
"PROJ_094","Kolkata","so2",744,742,0,99.73,"2025-03-01T00:00:00+05:30","2025-03-31T22:00:00+05:30"
"PROJ_094","Kolkata","co",744,742,0,99.73,"2025-03-01T00:00:00+05:30","2025-03-31T22:00:00+05:30"
"PROJ_094","Kolkata","o3",744,741,0,99.6,"2025-03-01T00:00:00+05:30","2025-03-31T22:00:00+05:30"
