"project_station_id","sensor_id","parameter","period","page","status","raw_file","completed_at"
"PROJ_094",12235885,"o3","2025_03",1,"SUCCESS","data/raw/air_quality/openaq/historical_alternate_pilot/PROJ_094/o3/PROJ_094_12235885_o3_2025_03_p1_20260924T203635.json","2026-09-24T20:36:35Z"
"PROJ_094",12235889,"so2","2025_03",1,"SUCCESS","data/raw/air_quality/openaq/historical_alternate_pilot/PROJ_094/so2/PROJ_094_12235889_so2_2025_03_p1_20260924T203639.json","2026-09-24T20:36:39Z"
"PROJ_094",12235884,"no2","2025_03",1,"SUCCESS","data/raw/air_quality/openaq/historical_alternate_pilot/PROJ_094/no2/PROJ_094_12235884_no2_2025_03_p1_20260924T203643.json","2026-09-24T20:36:43Z"
"PROJ_094",12235886,"pm10","2025_03",1,"SUCCESS","data/raw/air_quality/openaq/historical_alternate_pilot/PROJ_094/pm10/PROJ_094_12235886_pm10_2025_03_p1_20260924T203647.json","2026-09-24T20:36:47Z"
"PROJ_094",12235882,"co","2025_03",1,"SUCCESS","data/raw/air_quality/openaq/historical_alternate_pilot/PROJ_094/co/PROJ_094_12235882_co_2025_03_p1_20260924T203651.json","2026-09-24T20:36:51Z"
"PROJ_094",12235887,"pm2_5","2025_03",1,"SUCCESS","data/raw/air_quality/openaq/historical_alternate_pilot/PROJ_094/pm2_5/PROJ_094_12235887_pm2_5_2025_03_p1_20260924T203654.json","2026-09-24T20:36:54Z"
"PROJ_135",12235675,"co","2025_03",1,"SUCCESS","data/raw/air_quality/openaq/historical_alternate_pilot/PROJ_135/co/PROJ_135_12235675_co_2025_03_p1_20260924T203658.json","2026-09-24T20:36:58Z"
"PROJ_135",12235677,"no2","2025_03",1,"SUCCESS","data/raw/air_quality/openaq/historical_alternate_pilot/PROJ_135/no2/PROJ_135_12235677_no2_2025_03_p1_20260924T203701.json","2026-09-24T20:37:01Z"
"PROJ_135",12235679,"pm10","2025_03",1,"SUCCESS","data/raw/air_quality/openaq/historical_alternate_pilot/PROJ_135/pm10/PROJ_135_12235679_pm10_2025_03_p1_20260924T203705.json","2026-09-24T20:37:05Z"
"PROJ_135",12235678,"o3","2025_03",1,"SUCCESS","data/raw/air_quality/openaq/historical_alternate_pilot/PROJ_135/o3/PROJ_135_12235678_o3_2025_03_p1_20260924T203709.json","2026-09-24T20:37:09Z"
"PROJ_135",12235682,"so2","2025_03",1,"SUCCESS","data/raw/air_quality/openaq/historical_alternate_pilot/PROJ_135/so2/PROJ_135_12235682_so2_2025_03_p1_20260924T203712.json","2026-09-24T20:37:12Z"
"PROJ_135",12235680,"pm2_5","2025_03",1,"SUCCESS","data/raw/air_quality/openaq/historical_alternate_pilot/PROJ_135/pm2_5/PROJ_135_12235680_pm2_5_2025_03_p1_20260924T203716.json","2026-09-24T20:37:16Z"
