project_station_id,days_evaluated_using_8hour_path,days_1hour_upper_band_selected,days_insufficient_source_hours,days_no_valid_rolling_window
PROJ_002,503,0,67,0
PROJ_007,486,0,84,0
PROJ_019,491,0,77,0
PROJ_036,330,0,240,0
PROJ_042,523,0,47,0
PROJ_044,471,0,99,0
PROJ_048,503,0,67,0
PROJ_050,509,0,61,0
PROJ_051,505,0,65,0
PROJ_063,513,0,57,0
PROJ_092,441,0,129,0
PROJ_094,533,0,37,0
PROJ_101,490,0,80,0
PROJ_133,519,0,51,0
PROJ_142,443,0,104,0
PROJ_144,516,0,53,0
PROJ_158,473,0,97,0
PROJ_179,504,0,66,0
PROJ_180,476,0,94,0
PROJ_181,489,0,81,0
PROJ_186,492,0,78,0
OVERALL,10210,0,1734,0
