"chunk_id","local_start_date","local_end_date","expected_local_hours","sensor_count","planned_primary_requests","status","completed_sensor_requests","empty_valid_responses","failed_requests","chunk_status"
1,"2025-04-01","2025-04-30",720,126,126,"PLANNED",126,0,0,"COMPLETE"
2,"2025-05-01","2025-05-31",744,126,126,"PLANNED",126,0,0,"COMPLETE"
3,"2025-06-01","2025-06-30",720,126,126,"PLANNED",126,0,0,"COMPLETE"
4,"2025-07-01","2025-07-31",744,126,126,"PLANNED",126,0,0,"COMPLETE"
5,"2025-08-01","2025-08-31",744,126,126,"PLANNED",126,0,0,"COMPLETE"
6,"2025-09-01","2025-09-30",720,126,126,"PLANNED",125,1,0,"COMPLETE_WITH_EMPTY_DATA"
7,"2025-10-01","2025-10-31",744,126,126,"PLANNED",126,0,0,"COMPLETE"
8,"2025-11-01","2025-11-30",720,126,126,"PLANNED",126,0,0,"COMPLETE"
9,"2025-12-01","2025-12-31",744,126,126,"PLANNED",126,0,0,"COMPLETE"
10,"2026-01-01","2026-01-31",744,126,126,"PLANNED",126,0,0,"COMPLETE"
11,"2026-02-01","2026-02-28",672,126,126,"PLANNED",126,0,0,"COMPLETE"
12,"2026-03-01","2026-03-31",744,126,126,"PLANNED",126,0,0,"COMPLETE"
13,"2026-04-01","2026-04-30",720,126,126,"PLANNED",120,6,0,"COMPLETE_WITH_EMPTY_DATA"
14,"2026-05-01","2026-05-31",744,126,126,"PLANNED",120,6,0,"COMPLETE_WITH_EMPTY_DATA"
15,"2026-06-01","2026-06-30",720,126,126,"PLANNED",120,6,0,"COMPLETE_WITH_EMPTY_DATA"
16,"2026-07-01","2026-07-31",744,126,126,"PLANNED",120,6,0,"COMPLETE_WITH_EMPTY_DATA"
17,"2026-08-01","2026-08-31",744,126,126,"PLANNED",126,0,0,"COMPLETE"
18,"2026-09-01","2026-09-21",504,126,126,"PLANNED",126,0,0,"COMPLETE"
