"project_station_id","total_days","days_all_6_observed","days_4_or_5_observed","days_1_to_3_observed","days_no_air_observations","days_weather_complete","days_weather_incomplete","first_day_with_air_data","last_day_with_air_data"
"PROJ_002",570,557,0,0,13,570,0,"2025-03-01","2026-09-21"
"PROJ_007",570,537,9,2,22,570,0,"2025-03-01","2026-09-21"
"PROJ_019",570,535,3,2,30,570,0,"2025-03-01","2026-09-21"
"PROJ_036",570,383,5,0,182,570,0,"2025-03-01","2026-09-21"
"PROJ_042",570,559,0,0,11,570,0,"2025-03-01","2026-09-21"
"PROJ_044",570,518,15,0,37,570,0,"2025-03-01","2026-09-21"
"PROJ_048",570,557,1,0,12,570,0,"2025-03-01","2026-09-21"
"PROJ_050",570,558,0,0,12,570,0,"2025-03-01","2026-09-21"
"PROJ_051",570,550,0,1,19,570,0,"2025-03-01","2026-09-21"
"PROJ_063",570,553,0,0,17,570,0,"2025-03-01","2026-09-21"
"PROJ_092",570,483,44,0,43,570,0,"2025-03-01","2026-09-21"
"PROJ_094",570,556,3,0,11,570,0,"2025-03-01","2026-09-21"
"PROJ_101",570,508,47,1,14,570,0,"2025-03-01","2026-09-21"
"PROJ_133",570,559,0,0,11,570,0,"2025-03-01","2026-09-21"
"PROJ_142",570,522,3,0,45,570,0,"2025-03-01","2026-09-21"
"PROJ_144",570,556,3,0,11,570,0,"2025-03-01","2026-09-21"
"PROJ_158",570,494,23,0,53,570,0,"2025-03-01","2026-09-21"
"PROJ_179",570,557,0,0,13,570,0,"2025-03-01","2026-09-21"
"PROJ_180",570,555,1,0,14,570,0,"2025-03-01","2026-09-21"
"PROJ_181",570,548,4,1,17,570,0,"2025-03-01","2026-09-21"
"PROJ_186",570,550,2,0,18,570,0,"2025-03-01","2026-09-21"
