"project_station_id","parameter","distinct_hour_count","expected_hour_count","hourly_completeness_pct","first_observed_timestamp","last_observed_timestamp","missing_hour_count"
"PROJ_002","o3",700,744,94.09,"2025-03-01T00:00:00+05:30","2025-03-31T22:00:00+05:30",44
"PROJ_002","pm2_5",688,744,92.47,"2025-03-01T00:00:00+05:30","2025-03-31T22:00:00+05:30",56
"PROJ_002","no2",657,744,88.31,"2025-03-01T00:00:00+05:30","2025-03-31T22:00:00+05:30",87
"PROJ_002","pm10",676,744,90.86,"2025-03-01T00:00:00+05:30","2025-03-31T22:00:00+05:30",68
"PROJ_002","co",650,744,87.37,"2025-03-01T00:00:00+05:30","2025-03-31T22:00:00+05:30",94
"PROJ_002","so2",700,744,94.09,"2025-03-01T00:00:00+05:30","2025-03-31T22:00:00+05:30",44
"PROJ_007","so2",703,744,94.49,"2025-03-01T00:00:00+05:30","2025-03-31T22:00:00+05:30",41
"PROJ_007","o3",703,744,94.49,"2025-03-01T00:00:00+05:30","2025-03-31T22:00:00+05:30",41
"PROJ_007","co",703,744,94.49,"2025-03-01T00:00:00+05:30","2025-03-31T22:00:00+05:30",41
"PROJ_007","no2",703,744,94.49,"2025-03-01T00:00:00+05:30","2025-03-31T22:00:00+05:30",41
"PROJ_007","pm2_5",699,744,93.95,"2025-03-01T00:00:00+05:30","2025-03-31T22:00:00+05:30",45
"PROJ_007","pm10",703,744,94.49,"2025-03-01T00:00:00+05:30","2025-03-31T22:00:00+05:30",41
"PROJ_019","so2",675,744,90.73,"2025-03-01T00:00:00+05:30","2025-03-31T22:00:00+05:30",69
"PROJ_019","co",675,744,90.73,"2025-03-01T00:00:00+05:30","2025-03-31T22:00:00+05:30",69
"PROJ_019","pm2_5",671,744,90.19,"2025-03-01T00:00:00+05:30","2025-03-31T22:00:00+05:30",73
"PROJ_019","pm10",671,744,90.19,"2025-03-01T00:00:00+05:30","2025-03-31T22:00:00+05:30",73
"PROJ_019","no2",675,744,90.73,"2025-03-01T00:00:00+05:30","2025-03-31T22:00:00+05:30",69
"PROJ_019","o3",675,744,90.73,"2025-03-01T00:00:00+05:30","2025-03-31T22:00:00+05:30",69
"PROJ_036","pm2_5",591,744,79.44,"2025-03-01T00:00:00+05:30","2025-03-31T22:00:00+05:30",153
"PROJ_036","pm10",595,744,79.97,"2025-03-01T00:00:00+05:30","2025-03-31T22:00:00+05:30",149
"PROJ_036","so2",660,744,88.71,"2025-03-01T00:00:00+05:30","2025-03-31T22:00:00+05:30",84
"PROJ_036","o3",661,744,88.84,"2025-03-01T00:00:00+05:30","2025-03-31T22:00:00+05:30",83
"PROJ_036","co",661,744,88.84,"2025-03-01T00:00:00+05:30","2025-03-31T22:00:00+05:30",83
"PROJ_036","no2",660,744,88.71,"2025-03-01T00:00:00+05:30","2025-03-31T22:00:00+05:30",84
"PROJ_042","pm10",739,744,99.33,"2025-03-01T00:00:00+05:30","2025-03-31T22:00:00+05:30",5
"PROJ_042","no2",739,744,99.33,"2025-03-01T00:00:00+05:30","2025-03-31T22:00:00+05:30",5
"PROJ_042","pm2_5",739,744,99.33,"2025-03-01T00:00:00+05:30","2025-03-31T22:00:00+05:30",5
"PROJ_042","co",739,744,99.33,"2025-03-01T00:00:00+05:30","2025-03-31T22:00:00+05:30",5
"PROJ_042","so2",739,744,99.33,"2025-03-01T00:00:00+05:30","2025-03-31T22:00:00+05:30",5
"PROJ_042","o3",739,744,99.33,"2025-03-01T00:00:00+05:30","2025-03-31T22:00:00+05:30",5
"PROJ_044","co",725,744,97.45,"2025-03-01T00:00:00+05:30","2025-03-31T22:00:00+05:30",19
"PROJ_044","no2",725,744,97.45,"2025-03-01T00:00:00+05:30","2025-03-31T22:00:00+05:30",19
"PROJ_044","o3",725,744,97.45,"2025-03-01T00:00:00+05:30","2025-03-31T22:00:00+05:30",19
"PROJ_044","pm2_5",710,744,95.43,"2025-03-01T00:00:00+05:30","2025-03-31T22:00:00+05:30",34
"PROJ_044","pm10",680,744,91.4,"2025-03-01T00:00:00+05:30","2025-03-31T22:00:00+05:30",64
"PROJ_044","so2",725,744,97.45,"2025-03-01T00:00:00+05:30","2025-03-31T22:00:00+05:30",19
"PROJ_048","pm2_5",723,744,97.18,"2025-03-01T00:00:00+05:30","2025-03-31T22:00:00+05:30",21
"PROJ_048","o3",712,744,95.7,"2025-03-01T00:00:00+05:30","2025-03-31T22:00:00+05:30",32
"PROJ_048","co",733,744,98.52,"2025-03-01T00:00:00+05:30","2025-03-31T22:00:00+05:30",11
"PROJ_048","pm10",719,744,96.64,"2025-03-01T00:00:00+05:30","2025-03-31T22:00:00+05:30",25
"PROJ_048","so2",722,744,97.04,"2025-03-01T00:00:00+05:30","2025-03-31T22:00:00+05:30",22
"PROJ_048","no2",740,744,99.46,"2025-03-01T00:00:00+05:30","2025-03-31T22:00:00+05:30",4
"PROJ_050","co",691,744,92.88,"2025-03-01T00:00:00+05:30","2025-03-31T22:00:00+05:30",53
"PROJ_050","no2",691,744,92.88,"2025-03-01T00:00:00+05:30","2025-03-31T22:00:00+05:30",53
"PROJ_050","pm10",691,744,92.88,"2025-03-01T00:00:00+05:30","2025-03-31T22:00:00+05:30",53
"PROJ_050","so2",691,744,92.88,"2025-03-01T00:00:00+05:30","2025-03-31T22:00:00+05:30",53
"PROJ_050","pm2_5",691,744,92.88,"2025-03-01T00:00:00+05:30","2025-03-31T22:00:00+05:30",53
"PROJ_050","o3",691,744,92.88,"2025-03-01T00:00:00+05:30","2025-03-31T22:00:00+05:30",53
"PROJ_051","pm10",702,744,94.35,"2025-03-01T00:00:00+05:30","2025-03-31T22:00:00+05:30",42
"PROJ_051","so2",700,744,94.09,"2025-03-01T00:00:00+05:30","2025-03-31T22:00:00+05:30",44
"PROJ_051","pm2_5",702,744,94.35,"2025-03-01T00:00:00+05:30","2025-03-31T22:00:00+05:30",42
"PROJ_051","co",702,744,94.35,"2025-03-01T00:00:00+05:30","2025-03-31T22:00:00+05:30",42
"PROJ_051","o3",702,744,94.35,"2025-03-01T00:00:00+05:30","2025-03-31T22:00:00+05:30",42
"PROJ_051","no2",698,744,93.82,"2025-03-01T00:00:00+05:30","2025-03-31T22:00:00+05:30",46
"PROJ_063","pm10",709,744,95.3,"2025-03-01T00:00:00+05:30","2025-03-31T22:00:00+05:30",35
"PROJ_063","o3",708,744,95.16,"2025-03-01T00:00:00+05:30","2025-03-31T22:00:00+05:30",36
"PROJ_063","co",709,744,95.3,"2025-03-01T00:00:00+05:30","2025-03-31T22:00:00+05:30",35
"PROJ_063","so2",709,744,95.3,"2025-03-01T00:00:00+05:30","2025-03-31T22:00:00+05:30",35
"PROJ_063","no2",709,744,95.3,"2025-03-01T00:00:00+05:30","2025-03-31T22:00:00+05:30",35
"PROJ_063","pm2_5",709,744,95.3,"2025-03-01T00:00:00+05:30","2025-03-31T22:00:00+05:30",35
"PROJ_092","so2",640,744,86.02,"2025-03-01T00:00:00+05:30","2025-03-31T22:00:00+05:30",104
"PROJ_092","pm2_5",658,744,88.44,"2025-03-01T00:00:00+05:30","2025-03-31T22:00:00+05:30",86
"PROJ_092","co",647,744,86.96,"2025-03-01T00:00:00+05:30","2025-03-31T22:00:00+05:30",97
"PROJ_092","pm10",656,744,88.17,"2025-03-01T00:00:00+05:30","2025-03-31T22:00:00+05:30",88
"PROJ_092","no2",658,744,88.44,"2025-03-01T00:00:00+05:30","2025-03-31T22:00:00+05:30",86
"PROJ_092","o3",647,744,86.96,"2025-03-01T00:00:00+05:30","2025-03-31T22:00:00+05:30",97
"PROJ_101","so2",725,744,97.45,"2025-03-01T00:00:00+05:30","2025-03-31T22:00:00+05:30",19
"PROJ_101","no2",680,744,91.4,"2025-03-01T00:00:00+05:30","2025-03-31T22:00:00+05:30",64
"PROJ_101","pm10",725,744,97.45,"2025-03-01T00:00:00+05:30","2025-03-31T22:00:00+05:30",19
"PROJ_101","pm2_5",726,744,97.58,"2025-03-01T00:00:00+05:30","2025-03-31T22:00:00+05:30",18
"PROJ_101","o3",680,744,91.4,"2025-03-01T00:00:00+05:30","2025-03-31T22:00:00+05:30",64
"PROJ_101","co",655,744,88.04,"2025-03-01T00:00:00+05:30","2025-03-31T22:00:00+05:30",89
"PROJ_104","pm10",446,744,59.95,"2025-03-01T00:00:00+05:30","2025-03-19T14:00:00+05:30",298
"PROJ_104","o3",446,744,59.95,"2025-03-01T00:00:00+05:30","2025-03-19T14:00:00+05:30",298
"PROJ_104","so2",446,744,59.95,"2025-03-01T00:00:00+05:30","2025-03-19T14:00:00+05:30",298
"PROJ_104","co",446,744,59.95,"2025-03-01T00:00:00+05:30","2025-03-19T14:00:00+05:30",298
"PROJ_104","pm2_5",446,744,59.95,"2025-03-01T00:00:00+05:30","2025-03-19T14:00:00+05:30",298
"PROJ_104","no2",446,744,59.95,"2025-03-01T00:00:00+05:30","2025-03-19T14:00:00+05:30",298
"PROJ_133","o3",727,744,97.72,"2025-03-01T00:00:00+05:30","2025-03-31T22:00:00+05:30",17
"PROJ_133","pm10",728,744,97.85,"2025-03-01T00:00:00+05:30","2025-03-31T22:00:00+05:30",16
"PROJ_133","co",727,744,97.72,"2025-03-01T00:00:00+05:30","2025-03-31T22:00:00+05:30",17
"PROJ_133","so2",728,744,97.85,"2025-03-01T00:00:00+05:30","2025-03-31T22:00:00+05:30",16
"PROJ_133","pm2_5",728,744,97.85,"2025-03-01T00:00:00+05:30","2025-03-31T22:00:00+05:30",16
"PROJ_133","no2",728,744,97.85,"2025-03-01T00:00:00+05:30","2025-03-31T22:00:00+05:30",16
"PROJ_142","no2",676,744,90.86,"2025-03-01T00:00:00+05:30","2025-03-31T22:00:00+05:30",68
"PROJ_142","so2",676,744,90.86,"2025-03-01T00:00:00+05:30","2025-03-31T22:00:00+05:30",68
"PROJ_142","co",676,744,90.86,"2025-03-01T00:00:00+05:30","2025-03-31T22:00:00+05:30",68
"PROJ_142","pm10",676,744,90.86,"2025-03-01T00:00:00+05:30","2025-03-31T22:00:00+05:30",68
"PROJ_142","o3",676,744,90.86,"2025-03-01T00:00:00+05:30","2025-03-31T22:00:00+05:30",68
"PROJ_142","pm2_5",676,744,90.86,"2025-03-01T00:00:00+05:30","2025-03-31T22:00:00+05:30",68
"PROJ_144","o3",715,744,96.1,"2025-03-01T00:00:00+05:30","2025-03-31T22:00:00+05:30",29
"PROJ_144","so2",719,744,96.64,"2025-03-01T00:00:00+05:30","2025-03-31T22:00:00+05:30",25
"PROJ_144","pm2_5",719,744,96.64,"2025-03-01T00:00:00+05:30","2025-03-31T22:00:00+05:30",25
"PROJ_144","pm10",713,744,95.83,"2025-03-01T00:00:00+05:30","2025-03-31T22:00:00+05:30",31
"PROJ_144","co",703,744,94.49,"2025-03-01T00:00:00+05:30","2025-03-31T22:00:00+05:30",41
"PROJ_144","no2",720,744,96.77,"2025-03-01T00:00:00+05:30","2025-03-31T22:00:00+05:30",24
"PROJ_158","pm2_5",655,744,88.04,"2025-03-01T00:00:00+05:30","2025-03-29T20:00:00+05:30",89
"PROJ_158","co",655,744,88.04,"2025-03-01T00:00:00+05:30","2025-03-29T20:00:00+05:30",89
"PROJ_158","no2",655,744,88.04,"2025-03-01T00:00:00+05:30","2025-03-29T20:00:00+05:30",89
"PROJ_158","o3",655,744,88.04,"2025-03-01T00:00:00+05:30","2025-03-29T20:00:00+05:30",89
"PROJ_158","so2",655,744,88.04,"2025-03-01T00:00:00+05:30","2025-03-29T20:00:00+05:30",89
"PROJ_158","pm10",655,744,88.04,"2025-03-01T00:00:00+05:30","2025-03-29T20:00:00+05:30",89
"PROJ_179","so2",674,744,90.59,"2025-03-01T00:00:00+05:30","2025-03-31T22:00:00+05:30",70
"PROJ_179","co",674,744,90.59,"2025-03-01T00:00:00+05:30","2025-03-31T22:00:00+05:30",70
"PROJ_179","o3",674,744,90.59,"2025-03-01T00:00:00+05:30","2025-03-31T22:00:00+05:30",70
"PROJ_179","pm10",675,744,90.73,"2025-03-01T00:00:00+05:30","2025-03-31T22:00:00+05:30",69
"PROJ_179","pm2_5",675,744,90.73,"2025-03-01T00:00:00+05:30","2025-03-31T22:00:00+05:30",69
"PROJ_179","no2",675,744,90.73,"2025-03-01T00:00:00+05:30","2025-03-31T22:00:00+05:30",69
"PROJ_180","pm2_5",683,744,91.8,"2025-03-01T00:00:00+05:30","2025-03-31T14:00:00+05:30",61
"PROJ_180","no2",683,744,91.8,"2025-03-01T00:00:00+05:30","2025-03-31T14:00:00+05:30",61
"PROJ_180","pm10",683,744,91.8,"2025-03-01T00:00:00+05:30","2025-03-31T14:00:00+05:30",61
"PROJ_180","so2",683,744,91.8,"2025-03-01T00:00:00+05:30","2025-03-31T14:00:00+05:30",61
"PROJ_180","o3",683,744,91.8,"2025-03-01T00:00:00+05:30","2025-03-31T14:00:00+05:30",61
"PROJ_180","co",683,744,91.8,"2025-03-01T00:00:00+05:30","2025-03-31T14:00:00+05:30",61
"PROJ_181","co",662,744,88.98,"2025-03-01T00:00:00+05:30","2025-03-31T22:00:00+05:30",82
"PROJ_181","o3",662,744,88.98,"2025-03-01T00:00:00+05:30","2025-03-31T22:00:00+05:30",82
"PROJ_181","no2",662,744,88.98,"2025-03-01T00:00:00+05:30","2025-03-31T22:00:00+05:30",82
"PROJ_181","pm10",662,744,88.98,"2025-03-01T00:00:00+05:30","2025-03-31T22:00:00+05:30",82
"PROJ_181","so2",662,744,88.98,"2025-03-01T00:00:00+05:30","2025-03-31T22:00:00+05:30",82
"PROJ_181","pm2_5",662,744,88.98,"2025-03-01T00:00:00+05:30","2025-03-31T22:00:00+05:30",82
"PROJ_186","so2",722,744,97.04,"2025-03-01T00:00:00+05:30","2025-03-31T22:00:00+05:30",22
"PROJ_186","pm10",727,744,97.72,"2025-03-01T00:00:00+05:30","2025-03-31T22:00:00+05:30",17
"PROJ_186","pm2_5",727,744,97.72,"2025-03-01T00:00:00+05:30","2025-03-31T22:00:00+05:30",17
"PROJ_186","no2",727,744,97.72,"2025-03-01T00:00:00+05:30","2025-03-31T22:00:00+05:30",17
"PROJ_186","o3",727,744,97.72,"2025-03-01T00:00:00+05:30","2025-03-31T22:00:00+05:30",17
"PROJ_186","co",727,744,97.72,"2025-03-01T00:00:00+05:30","2025-03-31T22:00:00+05:30",17
