"project_station_id","source","source_station_id","source_location_id","station_name","locality","city","state","city_match_method","city_match_confidence","matched_alias","parsed_location_token","city_scope_status","country","latitude","longitude","timezone","first_observation_date","last_observation_date","provider","owner","core_sensor_records_count","core_pollutants_available_count","verified_at","verification_method"
"PROJ_001","openaq",NA,13,"Delhi Technological University, Delhi - CPCB",NA,"Delhi","Delhi","station_name_city_component","high",NA,"Delhi","exact_city","India",28.744,77.12,"Asia/Kolkata","2016-11-02T19:00:00Z","2018-02-22T04:00:00Z","CPCB","Unknown Governmental Organization",3,3,"2026-09-24 17:41:15","openaq_v3_api"
"PROJ_002","openaq",NA,17,"R K Puram, Delhi - DPCC",NA,"Delhi","Delhi","station_name_city_component","high",NA,"Delhi","exact_city","India",28.563262,77.186937,"Asia/Kolkata","2016-02-05T14:55:00Z","2026-09-21T15:30:00Z","CPCB","Delhi Pollution Control Committee",12,6,"2026-09-24 17:41:15","openaq_v3_api"
"PROJ_003","openaq",NA,50,"Punjabi Bagh, Delhi - DPCC",NA,"Delhi","Delhi","station_name_city_component","high",NA,"Delhi","exact_city","India",28.674045,77.131023,"Asia/Kolkata","2016-02-05T14:55:00Z","2026-09-21T12:15:00Z","CPCB","Delhi Pollution Control Committee",12,6,"2026-09-24 17:41:15","openaq_v3_api"
"PROJ_004","openaq",NA,103,"Income Tax Office, Delhi - CPCB",NA,"Delhi","Delhi","station_name_city_component","high",NA,"Delhi","exact_city","India",28.6235,77.2494,"Asia/Kolkata","2016-11-02T18:30:00Z","2018-02-22T03:45:00Z","CPCB","Unknown Governmental Organization",5,5,"2026-09-24 17:41:15","openaq_v3_api"
"PROJ_005","openaq",NA,235,"Anand Vihar, New Delhi - DPCC",NA,"Delhi","Delhi","station_name_city_component","high","New Delhi","New Delhi","verified_alias_same_city","India",28.646835,77.316032,"Asia/Kolkata","2016-02-05T14:15:00Z","2026-09-21T15:30:00Z","CPCB","Delhi Pollution Control Committee",12,6,"2026-09-24 17:41:15","openaq_v3_api"
"PROJ_006","openaq",NA,236,"Mandir Marg, Delhi - DPCC",NA,"Delhi","Delhi","station_name_city_component","high",NA,"Delhi","exact_city","India",28.6341,77.2005,"Asia/Kolkata","2016-02-05T15:00:00Z","2018-02-21T21:15:00Z","CPCB","Unknown Governmental Organization",6,6,"2026-09-24 17:41:15","openaq_v3_api"
"PROJ_007","openaq",NA,407,"Zoo Park, Hyderabad - TSPCB",NA,"Hyderabad","Telangana","station_name_city_component","high",NA,"Hyderabad","exact_city","India",17.349694,78.451437,"Asia/Kolkata","2016-03-21T19:00:00Z","2026-09-21T15:30:00Z","CPCB","Telangana State Pollution Control Board",12,6,"2026-09-24 17:41:15","openaq_v3_api"
"PROJ_008","openaq",NA,412,"Peenya, Bengaluru - KSPCB",NA,"Bengaluru","Karnataka","station_name_city_component","high",NA,"Bengaluru","exact_city","India",13.0339,77.51321111,"Asia/Kolkata","2016-03-22T03:15:00Z","2018-02-22T02:45:00Z","CPCB","Unknown Governmental Organization",4,4,"2026-09-24 17:41:15","openaq_v3_api"
"PROJ_009","openaq",NA,431,"IHBAS, Delhi - CPCB",NA,"Delhi","Delhi","station_name_city_component","high",NA,"Delhi","exact_city","India",28.6821,77.305,"Asia/Kolkata","2016-04-10T18:30:00Z","2018-02-22T02:45:00Z","CPCB","Unknown Governmental Organization",4,4,"2026-09-24 17:41:15","openaq_v3_api"
"PROJ_010","openaq",NA,594,"BTM Layout, Bengaluru - KSPCB",NA,"Bengaluru","Karnataka","station_name_city_component","high",NA,"Bengaluru","exact_city","India",12.91281111,77.60921944,"Asia/Kolkata","2016-03-22T01:00:00Z","2018-02-22T03:00:00Z","CPCB","Unknown Governmental Organization",5,5,"2026-09-24 17:41:15","openaq_v3_api"
"PROJ_011","openaq",NA,716,"Rabindra Bharati University, Kolkata - WBSPCB",NA,"Kolkata","West Bengal","station_name_city_component","high",NA,"Kolkata","exact_city","India",22.627875,88.3804,"Asia/Kolkata","2016-06-28T04:32:00Z","2017-10-28T14:30:00Z","CPCB","Unknown Governmental Organization",6,6,"2026-09-24 17:41:15","openaq_v3_api"
"PROJ_012","openaq",NA,2345,"VK Industrial Area Jaipur - RSPCB",NA,"Jaipur","Rajasthan","name_only_fallback","low",NA,NA,"exact_city","India",26.9738778,75.7738777777777,"Asia/Kolkata","2016-03-21T18:30:00Z","2017-06-12T05:30:00Z","CPCB","Unknown Governmental Organization",6,6,"2026-09-24 17:41:15","openaq_v3_api"
"PROJ_013","openaq",NA,2456,"Talkatora District Industries Center, Lucknow - CPCB",NA,"Lucknow","Uttar Pradesh","station_name_city_component","high",NA,"Lucknow","exact_city","India",26.83399722,80.8917361,"Asia/Kolkata","2016-03-21T10:00:00Z","2026-09-21T15:30:00Z","CPCB","Central Pollution Control Board",12,6,"2026-09-24 17:41:15","openaq_v3_api"
"PROJ_014","openaq",NA,2459,"US Diplomatic Post: Hyderabad",NA,"Hyderabad","Telangana","name_only_fallback","low",NA,NA,"exact_city","India",17.443464,78.47489,"Asia/Kolkata","2016-01-30T00:30:00Z","2016-11-09T16:30:00Z","StateAir Hyderabad","Unknown Governmental Organization",1,1,"2026-09-24 17:41:15","openaq_v3_api"
"PROJ_015","openaq",NA,2460,"US Diplomatic Post: Kolkata",NA,"Kolkata","West Bengal","name_only_fallback","low",NA,NA,"exact_city","India",22.547142,88.351048,"Asia/Kolkata","2016-01-30T00:30:00Z","2016-11-09T16:30:00Z","StateAir Kolkata","Unknown Governmental Organization",1,1,"2026-09-24 17:41:15","openaq_v3_api"
"PROJ_016","openaq",NA,2461,"US Diplomatic Post: Chennai",NA,"Chennai","Tamil Nadu","name_only_fallback","low",NA,NA,"exact_city","India",13.052371,80.251932,"Asia/Kolkata","2016-01-30T00:30:00Z","2016-11-09T16:30:00Z","StateAir Chennai","Unknown Governmental Organization",1,1,"2026-09-24 17:41:15","openaq_v3_api"
"PROJ_017","openaq",NA,2503,"Shadipur, Delhi - CPCB",NA,"Delhi","Delhi","station_name_city_component","high",NA,"Delhi","exact_city","India",28.6517,77.1581,"Asia/Kolkata","2016-03-21T23:30:00Z","2018-02-22T02:45:00Z","CPCB","Unknown Governmental Organization",5,5,"2026-09-24 17:41:16","openaq_v3_api"
"PROJ_018","openaq",NA,2585,"AAQMS Karve Road Pune",NA,"Pune","Maharashtra","name_only_fallback","low",NA,NA,"exact_city","India",18.497484,73.81349,"Asia/Kolkata","2016-03-21T08:00:00Z","2018-02-22T03:00:00Z","CPCB","Unknown Governmental Organization",5,5,"2026-09-24 17:41:16","openaq_v3_api"
"PROJ_019","openaq",NA,2586,"Manali, Chennai - CPCB",NA,"Chennai","Tamil Nadu","station_name_city_component","high",NA,"Chennai","exact_city","India",13.164544,80.26285,"Asia/Kolkata","2016-03-21T10:00:00Z","2026-09-21T15:30:00Z","CPCB","Central Pollution Control Board",12,6,"2026-09-24 17:41:16","openaq_v3_api"
"PROJ_020","openaq",NA,2592,"BWSSB Kadabesanahalli, Bengaluru - KSPCB",NA,"Bengaluru","Karnataka","station_name_city_component","high",NA,"Bengaluru","exact_city","India",12.93890556,77.69727222,"Asia/Kolkata","2016-03-22T01:00:00Z","2018-02-22T03:00:00Z","CPCB","Unknown Governmental Organization",5,5,"2026-09-24 17:41:16","openaq_v3_api"
"PROJ_021","openaq",NA,2593,"IGSC Planetarium Complex - Patna - BSPCB",NA,"Patna","Bihar","name_only_fallback","low",NA,NA,"exact_city","India",25.3636,85.0755,"Asia/Kolkata","2016-03-21T19:30:00Z","2018-02-22T03:45:00Z","CPCB","Unknown Governmental Organization",5,5,"2026-09-24 17:41:16","openaq_v3_api"
"PROJ_022","openaq",NA,2594,"Sanathnagar, Hyderabad - TSPCB",NA,"Hyderabad","Telangana","station_name_city_component","high",NA,"Hyderabad","exact_city","India",17.42329722,78.47469722,"Asia/Kolkata","2016-03-22T10:00:00Z","2018-02-22T03:00:00Z","CPCB","Unknown Governmental Organization",4,4,"2026-09-24 17:41:16","openaq_v3_api"
"PROJ_023","openaq",NA,2597,"US Diplomatic Post: New Delhi",NA,"Delhi","Delhi","name_only_fallback","low",NA,NA,"exact_city","India",28.598096,77.189066,"Asia/Kolkata","2016-01-30T00:30:00Z","2016-11-09T16:30:00Z","StateAir NewDelhi","Unknown Governmental Organization",1,1,"2026-09-24 17:41:16","openaq_v3_api"
"PROJ_024","openaq",NA,2598,"Navi Mumbai Municipal Corporation Airoli",NA,"Mumbai","Maharashtra","name_only_fallback","low",NA,NA,"metro_adjacent","India",19.1494,72.9986,"Asia/Kolkata","2016-03-21T18:30:00Z","2020-04-09T00:15:00Z","CPCB","Unknown Governmental Organization",4,4,"2026-09-24 17:41:16","openaq_v3_api"
"PROJ_025","openaq",NA,5404,"Pusa, Delhi - IMD",NA,"Delhi","Delhi","station_name_city_component","high",NA,"Delhi","exact_city","India",28.639645,77.146263,"Asia/Kolkata","2017-09-15T06:00:00Z","2026-09-21T15:30:00Z","CPCB","India Meteorological Department",9,5,"2026-09-24 17:41:16","openaq_v3_api"
"PROJ_026","openaq",NA,5509,"Anand Vihar, Delhi - DPCC",NA,"Delhi","Delhi","station_name_city_component","high",NA,"Delhi","exact_city","India",28.647622,77.315809,"Asia/Kolkata","2018-03-09T03:30:00Z","2022-10-31T00:30:00Z","caaqm","Unknown Governmental Organization",6,6,"2026-09-24 17:41:16","openaq_v3_api"
"PROJ_027","openaq",NA,5540,"Punjabi Bagh, Delhi - DPCC",NA,"Delhi","Delhi","station_name_city_component","high",NA,"Delhi","exact_city","India",28.6670856,77.1301247,"Asia/Kolkata","2018-03-09T03:30:00Z","2018-05-13T11:30:00Z","caaqm","Unknown Governmental Organization",6,6,"2026-09-24 17:41:16","openaq_v3_api"
"PROJ_028","openaq",NA,5541,"Burari Crossing, New Delhi - IMD",NA,"Delhi","Delhi","station_name_city_component","high","New Delhi","New Delhi","verified_alias_same_city","India",28.7256504,77.2011573,"Asia/Kolkata","2018-03-09T06:00:00Z","2026-09-21T15:30:00Z","CPCB","India Meteorological Department",10,5,"2026-09-24 17:41:16","openaq_v3_api"
"PROJ_029","openaq",NA,5547,"BWSSB Kadabesanahalli, Bengaluru - CPCB",NA,"Bengaluru","Karnataka","station_name_city_component","high",NA,"Bengaluru","exact_city","India",12.9352049,77.6814488,"Asia/Kolkata","2018-03-09T05:30:00Z","2022-08-02T05:15:00Z","caaqm","Unknown Governmental Organization",6,6,"2026-09-24 17:41:16","openaq_v3_api"
"PROJ_030","openaq",NA,5548,"BTM Layout, Bengaluru - CPCB",NA,"Bengaluru","Karnataka","station_name_city_component","high",NA,"Bengaluru","exact_city","India",12.9135218,77.5950804,"Asia/Kolkata","2018-03-09T06:00:00Z","2026-09-21T15:30:00Z","CPCB","Central Pollution Control Board",12,6,"2026-09-24 17:41:16","openaq_v3_api"
"PROJ_031","openaq",NA,5558,"Alandur Bus Depot, Chennai - CPCB",NA,"Chennai","Tamil Nadu","station_name_city_component","high",NA,"Chennai","exact_city","India",12.9099161,80.1076538,"Asia/Kolkata","2018-03-09T05:30:00Z","2022-10-31T01:45:00Z","caaqm","Unknown Governmental Organization",6,6,"2026-09-24 17:41:16","openaq_v3_api"
"PROJ_032","openaq",NA,5570,"Aya Nagar, New Delhi - IMD",NA,"Delhi","Delhi","station_name_city_component","high","New Delhi","New Delhi","verified_alias_same_city","India",28.474261,77.131606,"Asia/Kolkata","2018-03-09T05:30:00Z","2026-09-21T15:30:00Z","CPCB","India Meteorological Department",10,5,"2026-09-24 17:41:16","openaq_v3_api"
"PROJ_033","openaq",NA,5574,"City Railway Station, Bengaluru - KSPCB",NA,"Bengaluru","Karnataka","station_name_city_component","high",NA,"Bengaluru","exact_city","India",12.9756843,77.5660749,"Asia/Kolkata","2018-03-09T03:30:00Z","2026-09-21T15:30:00Z","CPCB","Karnataka State Pollution Control Board",8,4,"2026-09-24 17:41:16","openaq_v3_api"
"PROJ_034","openaq",NA,5581,"Pusa, New Delhi - IMD",NA,"Delhi","Delhi","station_name_city_component","high","New Delhi","New Delhi","verified_alias_same_city","India",28.610304,77.0996943,"Asia/Kolkata","2018-03-09T06:00:00Z","2018-05-14T02:00:00Z","caaqm","Unknown Governmental Organization",5,5,"2026-09-24 17:41:16","openaq_v3_api"
"PROJ_035","openaq",NA,5586,"Sirifort, Delhi - CPCB",NA,"Delhi","Delhi","station_name_city_component","high",NA,"Delhi","exact_city","India",28.5504249,77.2159377,"Asia/Kolkata","2025-02-18T20:15:00Z","2026-09-21T15:30:00Z","CPCB","Central Pollution Control Board",6,6,"2026-09-24 17:41:16","openaq_v3_api"
"PROJ_036","openaq",NA,5599,"Bollaram Industrial Area, Hyderabad - TSPCB",NA,"Hyderabad","Telangana","station_name_city_component","high",NA,"Hyderabad","exact_city","India",17.540891,78.358528,"Asia/Kolkata","2018-03-09T06:00:00Z","2026-09-21T15:30:00Z","CPCB","Telangana State Pollution Control Board",12,6,"2026-09-24 17:41:16","openaq_v3_api"
"PROJ_037","openaq",NA,5604,"Nishant Ganj, Lucknow - UPPCB",NA,"Lucknow","Uttar Pradesh","station_name_city_component","high",NA,"Lucknow","exact_city","India",26.871428,80.957145,"Asia/Kolkata","2018-03-09T05:30:00Z","2019-08-21T08:15:00Z","caaqm","Unknown Governmental Organization",5,5,"2026-09-24 17:41:16","openaq_v3_api"
"PROJ_038","openaq",NA,5607,"Peenya, Bengaluru - CPCB",NA,"Bengaluru","Karnataka","station_name_city_component","high",NA,"Bengaluru","exact_city","India",13.0270199,77.494094,"Asia/Kolkata","2018-03-09T05:30:00Z","2026-09-21T15:30:00Z","CPCB","Central Pollution Control Board",12,6,"2026-09-24 17:41:16","openaq_v3_api"
"PROJ_039","openaq",NA,5610,"North Campus, DU, Delhi - IMD",NA,"Delhi","Delhi","station_name_city_component","high",NA,"Delhi","exact_city","India",28.6573814,77.1585447,"Asia/Kolkata","2018-03-09T05:30:00Z","2026-09-21T15:30:00Z","CPCB","India Meteorological Department",11,5,"2026-09-24 17:41:16","openaq_v3_api"
"PROJ_040","openaq",NA,5612,"Shastri Nagar, Jaipur - RSPCB",NA,"Jaipur","Rajasthan","station_name_city_component","high",NA,"Jaipur","exact_city","India",26.9502929,75.730943,"Asia/Kolkata","2018-03-09T05:30:00Z","2026-09-21T15:30:00Z","CPCB","Rajasthan State Pollution Control Board",12,6,"2026-09-24 17:41:16","openaq_v3_api"
"PROJ_041","openaq",NA,5613,"ITO, New Delhi - CPCB",NA,"Delhi","Delhi","station_name_city_component","high","New Delhi","New Delhi","verified_alias_same_city","India",28.628624,77.24106,"Asia/Kolkata","2018-03-09T05:30:00Z","2026-09-21T15:30:00Z","CPCB","Central Pollution Control Board",12,6,"2026-09-24 17:41:16","openaq_v3_api"
"PROJ_042","openaq",NA,5621,"Opp GPO Civil Lines, Nagpur - MPCB",NA,"Nagpur","Maharashtra","station_name_city_component","high",NA,"Nagpur","exact_city","India",21.152875,79.0517531,"Asia/Kolkata","2018-03-09T05:30:00Z","2026-09-21T15:30:00Z","CPCB","Maharashtra Pollution Control Board",12,6,"2026-09-24 17:41:16","openaq_v3_api"
"PROJ_043","openaq",NA,5622,"NSIT Dwarka, Delhi - CPCB",NA,"Delhi","Delhi","station_name_city_component","high",NA,"Delhi","exact_city","India",28.60909,77.0325413,"Asia/Kolkata","2018-03-09T06:00:00Z","2026-09-21T15:30:00Z","CPCB","Central Pollution Control Board",12,6,"2026-09-24 17:41:16","openaq_v3_api"
"PROJ_044","openaq",NA,5623,"Central University, Hyderabad - TSPCB",NA,"Hyderabad","Telangana","station_name_city_component","high",NA,"Hyderabad","exact_city","India",17.460103,78.334361,"Asia/Kolkata","2018-03-09T06:00:00Z","2026-09-21T15:30:00Z","CPCB","Telangana State Pollution Control Board",12,6,"2026-09-24 17:41:16","openaq_v3_api"
"PROJ_045","openaq",NA,5624,"IDA Pashamylaram, Hyderabad - TSPCB",NA,"Hyderabad","Telangana","station_name_city_component","high",NA,"Hyderabad","exact_city","India",17.5316895,78.218939,"Asia/Kolkata","2018-03-09T06:00:00Z","2026-09-21T15:30:00Z","CPCB","Telangana State Pollution Control Board",12,6,"2026-09-24 17:41:16","openaq_v3_api"
"PROJ_046","openaq",NA,5626,"DTU, New Delhi - CPCB",NA,"Delhi","Delhi","station_name_city_component","high","New Delhi","New Delhi","verified_alias_same_city","India",28.7500499,77.1112615,"Asia/Kolkata","2018-03-09T05:30:00Z","2026-09-21T15:30:00Z","CPCB","Central Pollution Control Board",12,6,"2026-09-24 17:41:16","openaq_v3_api"
"PROJ_047","openaq",NA,5627,"CRRI Mathura Road, New Delhi - IMD",NA,"Delhi","Delhi","station_name_city_component","high","New Delhi","New Delhi","verified_alias_same_city","India",28.5512005,77.2735737,"Asia/Kolkata","2018-03-09T05:30:00Z","2026-09-21T15:30:00Z","CPCB","India Meteorological Department",10,5,"2026-09-24 17:41:16","openaq_v3_api"
"PROJ_048","openaq",NA,5628,"GVM Corporation, Visakhapatnam - APPCB",NA,"Visakhapatnam","Andhra Pradesh","station_name_city_component","high",NA,"Visakhapatnam","exact_city","India",17.722682,83.308197,"Asia/Kolkata","2018-03-09T06:00:00Z","2026-09-21T15:30:00Z","CPCB","Andhra Pradesh Pollution Control Board",12,6,"2026-09-24 17:41:16","openaq_v3_api"
"PROJ_049","openaq",NA,5630,"Shadipur, Delhi - CPCB",NA,"Delhi","Delhi","station_name_city_component","high",NA,"Delhi","exact_city","India",28.6514781,77.1473105,"Asia/Kolkata","2018-03-09T06:00:00Z","2026-09-21T15:30:00Z","CPCB","Central Pollution Control Board",12,6,"2026-09-24 17:41:16","openaq_v3_api"
"PROJ_050","openaq",NA,5631,"Maninagar, Ahmedabad - GPCB",NA,"Ahmedabad","Gujarat","station_name_city_component","high",NA,"Ahmedabad","exact_city","India",23.002657,72.591912,"Asia/Kolkata","2018-03-09T05:30:00Z","2026-09-21T15:30:00Z","CPCB","Gujarat Pollution Control Board",12,6,"2026-09-24 17:41:16","openaq_v3_api"
"PROJ_051","openaq",NA,5633,"Police Commissionerate, Jaipur - RSPCB",NA,"Jaipur","Rajasthan","station_name_city_component","high",NA,"Jaipur","exact_city","India",26.9164092,75.7994901,"Asia/Kolkata","2018-03-09T05:30:00Z","2026-09-21T15:30:00Z","CPCB","Rajasthan State Pollution Control Board",12,6,"2026-09-24 17:41:16","openaq_v3_api"
"PROJ_052","openaq",NA,5634,"Lodhi Road, New Delhi - IMD",NA,"Delhi","Delhi","station_name_city_component","high","New Delhi","New Delhi","verified_alias_same_city","India",28.5918245,77.2273074,"Asia/Kolkata","2018-03-09T05:30:00Z","2026-09-21T15:30:00Z","CPCB","India Meteorological Department",10,5,"2026-09-24 17:41:16","openaq_v3_api"
"PROJ_053","openaq",NA,5635,"Adarsh Nagar, Jaipur - RSPCB",NA,"Jaipur","Rajasthan","station_name_city_component","high",NA,"Jaipur","exact_city","India",26.902909,75.836858,"Asia/Kolkata","2018-03-09T06:00:00Z","2026-09-21T15:30:00Z","CPCB","Rajasthan State Pollution Control Board",12,6,"2026-09-24 17:41:16","openaq_v3_api"
"PROJ_054","openaq",NA,5639,"R K Puram, New Delhi - DPCC",NA,"Delhi","Delhi","station_name_city_component","high","New Delhi","New Delhi","verified_alias_same_city","India",28.5646102,77.1670103,"Asia/Kolkata","2018-03-09T03:30:00Z","2018-05-12T04:45:00Z","caaqm","Unknown Governmental Organization",6,6,"2026-09-24 17:41:16","openaq_v3_api"
"PROJ_055","openaq",NA,5641,"Mandir Marg, New Delhi - DPCC",NA,"Delhi","Delhi","station_name_city_component","high","New Delhi","New Delhi","verified_alias_same_city","India",28.6372688,77.2005604,"Asia/Kolkata","2018-03-09T03:30:00Z","2018-05-12T04:30:00Z","caaqm","Unknown Governmental Organization",6,6,"2026-09-24 17:41:16","openaq_v3_api"
"PROJ_056","openaq",NA,5644,"Sanegurava Halli, Bengaluru - KSPCB",NA,"Bengaluru","Karnataka","station_name_city_component","high",NA,"Bengaluru","exact_city","India",12.990328,77.5431385,"Asia/Kolkata","2018-03-09T06:00:00Z","2026-09-21T00:45:00Z","CPCB","Karnataka State Pollution Control Board",8,4,"2026-09-24 17:41:16","openaq_v3_api"
"PROJ_057","openaq",NA,5645,"ICRISAT Patancheru, Hyderabad - TSPCB",NA,"Hyderabad","Telangana","station_name_city_component","high",NA,"Hyderabad","exact_city","India",17.5184,78.278777,"Asia/Kolkata","2018-03-10T19:30:00Z","2026-09-21T15:30:00Z","CPCB","Telangana State Pollution Control Board",12,6,"2026-09-24 17:41:16","openaq_v3_api"
"PROJ_058","openaq",NA,5647,"Sanathnagar, Hyderabad - TSPCB",NA,"Hyderabad","Telangana","station_name_city_component","high",NA,"Hyderabad","exact_city","India",17.4559458,78.4332152,"Asia/Kolkata","2018-03-09T06:00:00Z","2026-09-21T15:30:00Z","CPCB","Telangana State Pollution Control Board",10,5,"2026-09-24 17:41:16","openaq_v3_api"
"PROJ_059","openaq",NA,5650,"IGI Airport (T3), Delhi - IMD",NA,"Delhi","Delhi","station_name_city_component","high",NA,"Delhi","exact_city","India",28.5627763,77.1180053,"Asia/Kolkata","2025-02-18T20:16:00Z","2026-09-21T15:30:00Z","CPCB","India Meteorological Department",5,5,"2026-09-24 17:41:16","openaq_v3_api"
"PROJ_060","openaq",NA,5652,"IGSC Planetarium Complex, Patna - BSPCB",NA,"Patna","Bihar","station_name_city_component","high",NA,"Patna","exact_city","India",25.5941,85.1376,"Asia/Kolkata","2018-03-09T21:00:00Z","2026-09-21T15:30:00Z","CPCB","Bihar State Pollution Control Board",10,5,"2026-09-24 17:41:16","openaq_v3_api"
"PROJ_061","openaq",NA,5655,"Velachery Res. Area, Chennai - CPCB",NA,"Chennai","Tamil Nadu","station_name_city_component","high",NA,"Chennai","exact_city","India",13.0052189,80.2398125,"Asia/Kolkata","2018-03-09T05:30:00Z","2026-09-21T15:30:00Z","CPCB","Central Pollution Control Board",12,6,"2026-09-24 17:41:16","openaq_v3_api"
"PROJ_062","openaq",NA,5657,"Central School, Lucknow - CPCB",NA,"Lucknow","Uttar Pradesh","station_name_city_component","high",NA,"Lucknow","exact_city","India",26.8821003,80.9302753,"Asia/Kolkata","2018-03-09T05:30:00Z","2022-10-31T01:45:00Z","caaqm","Unknown Governmental Organization",6,6,"2026-09-24 17:41:16","openaq_v3_api"
"PROJ_063","openaq",NA,5659,"Lalbagh, Lucknow - CPCB",NA,"Lucknow","Uttar Pradesh","station_name_city_component","high",NA,"Lucknow","exact_city","India",26.8458805,80.9365541,"Asia/Kolkata","2018-03-09T03:30:00Z","2026-09-21T15:30:00Z","CPCB","Central Pollution Control Board",12,6,"2026-09-24 17:41:17","openaq_v3_api"
"PROJ_064","openaq",NA,5661,"Karve Road Pune, Pune - MPCB",NA,"Pune","Maharashtra","station_name_city_component","high",NA,"Pune","exact_city","India",18.5011743,73.8165527,"Asia/Kolkata","2018-03-09T05:30:00Z","2025-05-23T15:30:00Z","CPCB","Maharashtra Pollution Control Board",12,6,"2026-09-24 17:41:17","openaq_v3_api"
"PROJ_065","openaq",NA,5742,"Patparganj, Delhi - DPCC",NA,"Delhi","Delhi","station_name_city_component","high",NA,"Delhi","exact_city","India",28.6310495,77.2846218,"Asia/Kolkata","2018-04-16T07:30:00Z","2018-05-13T11:30:00Z","caaqm","Unknown Governmental Organization",5,5,"2026-09-24 17:41:17","openaq_v3_api"
"PROJ_066","openaq",NA,5743,"Rohini, Delhi - DPCC",NA,"Delhi","Delhi","station_name_city_component","high",NA,"Delhi","exact_city","India",28.7407056,77.0577492,"Asia/Kolkata","2018-04-26T02:45:00Z","2018-05-12T06:30:00Z","caaqm","Unknown Governmental Organization",6,6,"2026-09-24 17:41:17","openaq_v3_api"
"PROJ_067","openaq",NA,5744,"Dr. Karni Singh Shooting Range, Delhi - DPCC",NA,"Delhi","Delhi","station_name_city_component","high",NA,"Delhi","exact_city","India",28.4997315,77.2649067,"Asia/Kolkata","2018-04-16T07:30:00Z","2018-05-12T04:45:00Z","caaqm","Unknown Governmental Organization",6,6,"2026-09-24 17:41:17","openaq_v3_api"
"PROJ_068","openaq",NA,5753,"Vivek Vihar, Delhi - DPCC",NA,"Delhi","Delhi","station_name_city_component","high",NA,"Delhi","exact_city","India",28.6687803,77.3130982,"Asia/Kolkata","2018-04-16T06:00:00Z","2018-05-12T06:00:00Z","caaqm","Unknown Governmental Organization",6,6,"2026-09-24 17:41:17","openaq_v3_api"
"PROJ_069","openaq",NA,5754,"Jawaharlal Nehru Stadium, Delhi - DPCC",NA,"Delhi","Delhi","station_name_city_component","high",NA,"Delhi","exact_city","India",28.5828503,77.2321778,"Asia/Kolkata","2018-04-16T14:30:00Z","2018-05-12T06:30:00Z","caaqm","Unknown Governmental Organization",6,6,"2026-09-24 17:41:17","openaq_v3_api"
"PROJ_070","openaq",NA,5755,"Major Dhyan Chand National Stadium, Delhi - DPCC",NA,"Delhi","Delhi","station_name_city_component","high",NA,"Delhi","exact_city","India",28.6125027,77.2351994,"Asia/Kolkata","2018-04-26T23:00:00Z","2018-05-12T04:30:00Z","caaqm","Unknown Governmental Organization",6,6,"2026-09-24 17:41:17","openaq_v3_api"
"PROJ_071","openaq",NA,5759,"Sonia Vihar, Delhi - DPCC",NA,"Delhi","Delhi","station_name_city_component","high",NA,"Delhi","exact_city","India",28.67795,77.29868,"Asia/Kolkata","2018-04-16T06:00:00Z","2018-05-12T05:00:00Z","caaqm","Unknown Governmental Organization",6,6,"2026-09-24 17:41:17","openaq_v3_api"
"PROJ_072","openaq",NA,5760,"Dwarka-Sector 8, Delhi - DPCC ",NA,"Delhi","Delhi","station_name_city_component","high",NA,"Delhi","exact_city","India",28.5206826,76.8023871,"Asia/Kolkata","2018-04-16T09:00:00Z","2018-05-12T05:00:00Z","caaqm","Unknown Governmental Organization",6,6,"2026-09-24 17:41:17","openaq_v3_api"
"PROJ_073","openaq",NA,5761,"Jahangirpuri, Delhi - DPCC",NA,"Delhi","Delhi","station_name_city_component","high",NA,"Delhi","exact_city","India",28.7258373,77.1605631,"Asia/Kolkata","2018-04-16T07:30:00Z","2018-05-12T06:30:00Z","caaqm","Unknown Governmental Organization",6,6,"2026-09-24 17:41:17","openaq_v3_api"
"PROJ_074","openaq",NA,5762,"Ashok Vihar, Delhi - DPCC",NA,"Delhi","Delhi","station_name_city_component","high",NA,"Delhi","exact_city","India",28.6957202,77.1812947,"Asia/Kolkata","2018-04-16T15:00:00Z","2018-05-12T06:00:00Z","caaqm","Unknown Governmental Organization",6,6,"2026-09-24 17:41:17","openaq_v3_api"
"PROJ_075","openaq",NA,5763,"Narela, Delhi - DPCC",NA,"Delhi","Delhi","station_name_city_component","high",NA,"Delhi","exact_city","India",28.8446874,77.0332666,"Asia/Kolkata","2018-04-16T09:00:00Z","2018-05-12T06:00:00Z","caaqm","Unknown Governmental Organization",6,6,"2026-09-24 17:41:17","openaq_v3_api"
"PROJ_076","openaq",NA,5765,"Okhla Phase-2, Delhi - DPCC",NA,"Delhi","Delhi","station_name_city_component","high",NA,"Delhi","exact_city","India",28.5366411,77.2664587,"Asia/Kolkata","2018-04-26T03:00:00Z","2018-05-13T10:00:00Z","caaqm","Unknown Governmental Organization",6,6,"2026-09-24 17:41:17","openaq_v3_api"
"PROJ_077","openaq",NA,5766,"Nehru Nagar, Delhi - DPCC",NA,"Delhi","Delhi","station_name_city_component","high",NA,"Delhi","exact_city","India",28.5639543,77.2587868,"Asia/Kolkata","2018-04-15T20:00:00Z","2018-05-13T10:00:00Z","caaqm","Unknown Governmental Organization",6,6,"2026-09-24 17:41:17","openaq_v3_api"
"PROJ_078","openaq",NA,6310,"Rabindra Bharati University, Kolkata - WBPCB",NA,"Kolkata","West Bengal","station_name_city_component","high",NA,"Kolkata","exact_city","India",22.5824635,88.3572447,"Asia/Kolkata","2018-11-06T04:45:00Z","2022-03-24T23:30:00Z","data.gov.in","Unknown Governmental Organization",6,6,"2026-09-24 17:41:17","openaq_v3_api"
"PROJ_079","openaq",NA,6356,"Pusa, Delhi - DPCC",NA,"Delhi","Delhi","station_name_city_component","high",NA,"Delhi","exact_city","India",28.639645,77.146262,"Asia/Kolkata","2025-02-18T20:15:00Z","2026-09-21T15:30:00Z","CPCB","Delhi Pollution Control Committee",6,6,"2026-09-24 17:41:17","openaq_v3_api"
"PROJ_080","openaq",NA,6357,"Punjabi Bagh, Delhi - DPCC",NA,"Delhi","Delhi","station_name_city_component","high",NA,"Delhi","exact_city","India",28.674045,77.131023,"Asia/Kolkata","2018-08-10T06:00:00Z","2022-10-16T14:15:00Z","caaqm","Unknown Governmental Organization",6,6,"2026-09-24 17:41:17","openaq_v3_api"
"PROJ_081","openaq",NA,6358,"Mandir Marg, New Delhi - DPCC",NA,"Delhi","Delhi","station_name_city_component","high","New Delhi","New Delhi","verified_alias_same_city","India",28.636429,77.201067,"Asia/Kolkata","2018-08-10T06:00:00Z","2026-09-21T12:15:00Z","CPCB","Delhi Pollution Control Committee",12,6,"2026-09-24 17:41:17","openaq_v3_api"
"PROJ_082","openaq",NA,6359,"IHBAS, Dilshad Garden,New Delhi - CPCB",NA,"Delhi","Delhi","station_name_city_component","high","New Delhi","New Delhi","verified_alias_same_city","India",28.6811736,77.3025234,"Asia/Kolkata","2018-04-28T15:45:00Z","2026-09-21T15:30:00Z","CPCB","Central Pollution Control Board",12,6,"2026-09-24 17:41:17","openaq_v3_api"
"PROJ_083","openaq",NA,6920,"Manali Village, Chennai - TNPCB",NA,"Chennai","Tamil Nadu","station_name_city_component","high",NA,"Chennai","exact_city","India",11.258244,77.552429,"Asia/Kolkata","2019-06-18T23:00:00Z","2019-07-19T05:15:00Z","caaqm","Unknown Governmental Organization",6,6,"2026-09-24 17:41:17","openaq_v3_api"
"PROJ_084","openaq",NA,6927,"Colaba, Mumbai - MPCB",NA,"Mumbai","Maharashtra","station_name_city_component","high",NA,"Mumbai","exact_city","India",18.91,72.82,"Asia/Kolkata","2019-06-28T05:30:00Z","2026-06-22T00:15:00Z","CPCB","Maharashtra Pollution Control Board",12,6,"2026-09-24 17:41:17","openaq_v3_api"
"PROJ_085","openaq",NA,6928,"Vasai West, Mumbai - MPCB",NA,"Mumbai","Maharashtra","station_name_city_component","high",NA,"Mumbai","exact_city","India",19.3832,72.8204,"Asia/Kolkata","2019-06-19T00:00:00Z","2026-05-13T09:15:00Z","CPCB","Maharashtra Pollution Control Board",12,6,"2026-09-24 17:41:17","openaq_v3_api"
"PROJ_086","openaq",NA,6929,"Major Dhyan Chand National Stadium, Delhi - DPCC",NA,"Delhi","Delhi","station_name_city_component","high",NA,"Delhi","exact_city","India",28.611281,77.237738,"Asia/Kolkata","2018-08-10T07:00:00Z","2026-09-21T15:30:00Z","CPCB","Delhi Pollution Control Committee",12,6,"2026-09-24 17:41:17","openaq_v3_api"
"PROJ_087","openaq",NA,6931,"Dwarka-Sector 8, Delhi - DPCC",NA,"Delhi","Delhi","station_name_city_component","high",NA,"Delhi","exact_city","India",28.5710274,77.0719006,"Asia/Kolkata","2018-08-10T06:15:00Z","2026-09-21T15:30:00Z","CPCB","Delhi Pollution Control Committee",12,6,"2026-09-24 17:41:17","openaq_v3_api"
"PROJ_088","openaq",NA,6932,"Alipur, Delhi - DPCC",NA,"Delhi","Delhi","station_name_city_component","high",NA,"Delhi","exact_city","India",28.815329,77.15301,"Asia/Kolkata","2018-12-15T15:00:00Z","2026-09-21T15:30:00Z","CPCB","Delhi Pollution Control Committee",12,6,"2026-09-24 17:41:17","openaq_v3_api"
"PROJ_089","openaq",NA,6934,"Dr. Karni Singh Shooting Range, Delhi - DPCC",NA,"Delhi","Delhi","station_name_city_component","high",NA,"Delhi","exact_city","India",28.498571,77.26484,"Asia/Kolkata","2018-08-10T06:30:00Z","2026-09-21T15:30:00Z","CPCB","Delhi Pollution Control Committee",12,6,"2026-09-24 17:41:17","openaq_v3_api"
"PROJ_090","openaq",NA,6938,"Vivek Vihar, Delhi - DPCC",NA,"Delhi","Delhi","station_name_city_component","high",NA,"Delhi","exact_city","India",28.672342,77.31526,"Asia/Kolkata","2018-12-15T15:15:00Z","2026-09-21T15:30:00Z","CPCB","Delhi Pollution Control Committee",12,6,"2026-09-24 17:41:17","openaq_v3_api"
"PROJ_091","openaq",NA,6941,"Railway Colony, Guwahati - APCB",NA,"Guwahati","Assam","station_name_city_component","high",NA,"Guwahati","exact_city","India",26.1445,91.7362,"Asia/Kolkata","2019-04-27T11:30:00Z","2019-12-24T07:30:00Z","caaqm","Unknown Governmental Organization",6,6,"2026-09-24 17:41:17","openaq_v3_api"
"PROJ_092","openaq",NA,6945,"Kurla, Mumbai - MPCB",NA,"Mumbai","Maharashtra","station_name_city_component","high",NA,"Mumbai","exact_city","India",19.0863,72.8888,"Asia/Kolkata","2019-06-19T00:00:00Z","2026-09-21T15:30:00Z","CPCB","Maharashtra Pollution Control Board",12,6,"2026-09-24 17:41:17","openaq_v3_api"
"PROJ_093","openaq",NA,6948,"Chhatrapati Shivaji Intl. Airport (T2), Mumbai - MPCB",NA,"Mumbai","Maharashtra","station_name_city_component","high",NA,"Mumbai","exact_city","India",19.10078,72.87462,"Asia/Kolkata","2019-06-18T23:15:00Z","2026-09-21T15:30:00Z","CPCB","Maharashtra Pollution Control Board",12,6,"2026-09-24 17:41:17","openaq_v3_api"
"PROJ_094","openaq",NA,6950,"Jadavpur, Kolkata - WBPCB",NA,"Kolkata","West Bengal","station_name_city_component","high",NA,"Kolkata","exact_city","India",22.49929,88.36917,"Asia/Kolkata","2019-06-18T23:00:00Z","2026-09-21T15:30:00Z","CPCB","West Bengal Pollution Control Board",12,6,"2026-09-24 17:41:17","openaq_v3_api"
"PROJ_095","openaq",NA,6956,"Powai, Mumbai - MPCB",NA,"Mumbai","Maharashtra","station_name_city_component","high",NA,"Mumbai","exact_city","India",19.1375,72.915056,"Asia/Kolkata","2019-06-18T23:15:00Z","2026-09-21T15:30:00Z","CPCB","Maharashtra Pollution Control Board",12,6,"2026-09-24 17:41:17","openaq_v3_api"
"PROJ_096","openaq",NA,6957,"Jawaharlal Nehru Stadium, Delhi - DPCC",NA,"Delhi","Delhi","station_name_city_component","high",NA,"Delhi","exact_city","India",28.58028,77.233829,"Asia/Kolkata","2018-08-10T06:00:00Z","2026-09-21T15:30:00Z","CPCB","Delhi Pollution Control Committee",12,6,"2026-09-24 17:41:17","openaq_v3_api"
"PROJ_097","openaq",NA,6959,"Siddharth Nagar-Worli, Mumbai - IITM",NA,"Mumbai","Maharashtra","station_name_city_component","high",NA,"Mumbai","exact_city","India",19.000083,72.813993,"Asia/Kolkata","2019-06-20T12:00:00Z","2026-09-21T15:30:00Z","CPCB","Indian Institute of Tropical Meteorology",11,6,"2026-09-24 17:41:17","openaq_v3_api"
"PROJ_098","openaq",NA,6960,"Patparganj, Delhi - DPCC",NA,"Delhi","Delhi","station_name_city_component","high",NA,"Delhi","exact_city","India",28.623748,77.287205,"Asia/Kolkata","2018-08-10T06:00:00Z","2026-09-21T15:30:00Z","CPCB","Delhi Pollution Control Committee",11,6,"2026-09-24 17:41:17","openaq_v3_api"
"PROJ_099","openaq",NA,6965,"Borivali East, Mumbai - MPCB",NA,"Mumbai","Maharashtra","station_name_city_component","high",NA,"Mumbai","exact_city","India",19.227474,72.864394,"Asia/Kolkata","2019-06-20T16:00:00Z","2026-09-21T15:30:00Z","CPCB","Maharashtra Pollution Control Board",12,6,"2026-09-24 17:41:17","openaq_v3_api"
"PROJ_100","openaq",NA,6967,"Sion, Mumbai - MPCB",NA,"Mumbai","Maharashtra","station_name_city_component","high",NA,"Mumbai","exact_city","India",19.047,72.8746,"Asia/Kolkata","2019-06-27T05:15:00Z","2026-09-21T15:30:00Z","CPCB","Maharashtra Pollution Control Board",12,6,"2026-09-24 17:41:17","openaq_v3_api"
"PROJ_101","openaq",NA,6973,"Jayanagar 5th Block, Bengaluru - KSPCB",NA,"Bengaluru","Karnataka","station_name_city_component","high",NA,"Bengaluru","exact_city","India",12.920984,77.584908,"Asia/Kolkata","2018-08-10T06:00:00Z","2026-09-21T15:30:00Z","CPCB","Karnataka State Pollution Control Board",12,6,"2026-09-24 17:41:17","openaq_v3_api"
"PROJ_102","openaq",NA,6974,"Bapuji Nagar, Bengaluru - KSPCB",NA,"Bengaluru","Karnataka","station_name_city_component","high",NA,"Bengaluru","exact_city","India",12.951913,77.539784,"Asia/Kolkata","2018-08-10T06:00:00Z","2026-09-21T15:30:00Z","CPCB","Karnataka State Pollution Control Board",12,6,"2026-09-24 17:41:17","openaq_v3_api"
"PROJ_103","openaq",NA,6975,"Silk Board, Bengaluru - KSPCB",NA,"Bengaluru","Karnataka","station_name_city_component","high",NA,"Bengaluru","exact_city","India",12.917348,77.622813,"Asia/Kolkata","2018-08-10T06:00:00Z","2026-09-21T15:30:00Z","CPCB","Karnataka State Pollution Control Board",12,6,"2026-09-24 17:41:17","openaq_v3_api"
"PROJ_104","openaq",NA,6981,"Fort William, Kolkata - WBPCB",NA,"Kolkata","West Bengal","station_name_city_component","high",NA,"Kolkata","exact_city","India",22.55664,88.342674,"Asia/Kolkata","2019-06-18T23:15:00Z","2026-09-21T15:30:00Z","CPCB","West Bengal Pollution Control Board",12,6,"2026-09-24 17:41:17","openaq_v3_api"
"PROJ_105","openaq",NA,6983,"Hombegowda Nagar, Bengaluru - KSPCB",NA,"Bengaluru","Karnataka","station_name_city_component","high",NA,"Bengaluru","exact_city","India",12.938539,77.5901,"Asia/Kolkata","2018-08-10T06:00:00Z","2026-09-21T15:30:00Z","CPCB","Karnataka State Pollution Control Board",12,6,"2026-09-24 17:41:17","openaq_v3_api"
"PROJ_106","openaq",NA,6984,"Hebbal, Bengaluru - KSPCB",NA,"Bengaluru","Karnataka","station_name_city_component","high",NA,"Bengaluru","exact_city","India",13.029152,77.585901,"Asia/Kolkata","2018-08-10T06:00:00Z","2026-09-21T15:30:00Z","CPCB","Karnataka State Pollution Control Board",12,6,"2026-09-24 17:41:17","openaq_v3_api"
"PROJ_107","openaq",NA,6987,"Vile Parle West, Mumbai - MPCB",NA,"Mumbai","Maharashtra","station_name_city_component","high",NA,"Mumbai","exact_city","India",19.10861,72.83622,"Asia/Kolkata","2019-06-18T23:00:00Z","2026-05-30T09:30:00Z","CPCB","Maharashtra Pollution Control Board",12,6,"2026-09-24 17:41:17","openaq_v3_api"
"PROJ_108","openaq",NA,7044,"R K Puram, Delhi - DPCC",NA,"Delhi","Delhi","station_name_city_component","high",NA,"Delhi","exact_city","India",28.563262,77.186937,"Asia/Kolkata","2018-08-10T06:00:00Z","2022-10-31T00:45:00Z","caaqm","Unknown Governmental Organization",6,6,"2026-09-24 17:41:17","openaq_v3_api"
"PROJ_109","openaq",NA,7140,"Gomti Nagar, Lucknow - UPPCB",NA,"Lucknow","Uttar Pradesh","station_name_city_component","high",NA,"Lucknow","exact_city","India",26.86812,81.005119,"Asia/Kolkata","2019-08-07T10:00:00Z","2026-09-21T15:30:00Z","CPCB","Uttar Pradesh Pollution Control Board",12,6,"2026-09-24 17:41:18","openaq_v3_api"
"PROJ_110","openaq",NA,7434,"East Arjun Nagar, Delhi - CPCB",NA,"Delhi","Delhi","station_name_city_component","high",NA,"Delhi","exact_city","India",28.6556017,77.2859318,"Asia/Kolkata","2018-08-10T06:00:00Z","2020-02-10T03:00:00Z","caaqm","Unknown Governmental Organization",3,3,"2026-09-24 17:41:18","openaq_v3_api"
"PROJ_111","openaq",NA,7495,"DRM Office Danapur, Patna - BSPCB",NA,"Patna","Bihar","station_name_city_component","high",NA,"Patna","exact_city","India",25.586562,85.043586,"Asia/Kolkata","2020-03-02T10:00:00Z","2026-09-21T15:30:00Z","CPCB","Bihar State Pollution Control Board",12,6,"2026-09-24 17:41:18","openaq_v3_api"
"PROJ_112","openaq",NA,7583,"ICRISAT Patancheru, Hyderabad - TSPCB",NA,"Hyderabad","Telangana","station_name_city_component","high",NA,"Hyderabad","exact_city","India",17.305178,78.162863,"Asia/Kolkata","2020-04-28T07:15:00Z","2020-04-28T09:45:00Z","caaqm","Unknown Governmental Organization",6,6,"2026-09-24 17:41:18","openaq_v3_api"
"PROJ_113","openaq",NA,7850,"Bandra, Mumbai - MPCB",NA,"Mumbai","Maharashtra","station_name_city_component","high",NA,"Mumbai","exact_city","India",19.0627,72.84614,"Asia/Kolkata","2020-01-09T00:15:00Z","2021-12-24T04:45:00Z","caaqm","Unknown Governmental Organization",6,6,"2026-09-24 17:41:18","openaq_v3_api"
"PROJ_114","openaq",NA,8039,"Mumbai","India","Mumbai","Maharashtra","name_only_fallback","low",NA,NA,"exact_city","India",19.07283,72.88261,"Asia/Kolkata","2016-11-09T19:00:00Z","2026-09-22T03:30:00Z","AirNow","Unknown Governmental Organization",1,1,"2026-09-24 17:41:18","openaq_v3_api"
"PROJ_115","openaq",NA,8092,"East Arjun Nagar, Delhi - CPCB",NA,"Delhi","Delhi","station_name_city_component","high",NA,"Delhi","exact_city","India",28.655935,77.294904,"Asia/Kolkata","2020-02-29T21:00:00Z","2022-01-26T07:00:00Z","caaqm","Unknown Governmental Organization",3,3,"2026-09-24 17:41:18","openaq_v3_api"
"PROJ_116","openaq",NA,8118,"New Delhi","India","Delhi","Delhi","name_only_fallback","low",NA,NA,"exact_city","India",28.63576,77.22445,"Asia/Kolkata","2016-11-09T19:00:00Z","2026-09-24T10:30:00Z","AirNow","Unknown Governmental Organization",1,1,"2026-09-24 17:41:18","openaq_v3_api"
"PROJ_117","openaq",NA,8172,"US Diplomatic Post: Kolkata","Kolkata","Kolkata","West Bengal","source_locality_exact","high",NA,NA,"exact_city","India",22.56263,88.36304,"Asia/Kolkata","2022-10-03T20:00:00Z","2025-03-04T11:30:00Z","StateAir Kolkata","Unknown Governmental Organization",1,1,"2026-09-24 17:41:18","openaq_v3_api"
"PROJ_118","openaq",NA,8235,"Jahangirpuri, Delhi - DPCC",NA,"Delhi","Delhi","station_name_city_component","high",NA,"Delhi","exact_city","India",28.73282,77.170633,"Asia/Kolkata","2018-08-10T07:00:00Z","2026-09-21T15:30:00Z","CPCB","Delhi Pollution Control Committee",12,6,"2026-09-24 17:41:18","openaq_v3_api"
"PROJ_119","openaq",NA,8239,"Okhla Phase-2, Delhi - DPCC",NA,"Delhi","Delhi","station_name_city_component","high",NA,"Delhi","exact_city","India",28.530785,77.271255,"Asia/Kolkata","2018-08-22T11:45:00Z","2026-09-21T15:30:00Z","CPCB","Delhi Pollution Control Committee",12,6,"2026-09-24 17:41:18","openaq_v3_api"
"PROJ_120","openaq",NA,8365,"Nehru Nagar, Delhi - DPCC",NA,"Delhi","Delhi","station_name_city_component","high",NA,"Delhi","exact_city","India",28.56789,77.250515,"Asia/Kolkata","2018-08-10T06:00:00Z","2026-09-21T15:30:00Z","CPCB","Delhi Pollution Control Committee",12,6,"2026-09-24 17:41:18","openaq_v3_api"
"PROJ_121","openaq",NA,8472,"Bawana, Delhi - DPCC",NA,"Delhi","Delhi","station_name_city_component","high",NA,"Delhi","exact_city","India",28.7762,77.051074,"Asia/Kolkata","2018-08-10T06:15:00Z","2026-09-21T15:30:00Z","CPCB","Delhi Pollution Control Committee",11,6,"2026-09-24 17:41:18","openaq_v3_api"
"PROJ_122","openaq",NA,8475,"Sonia Vihar, Delhi - DPCC",NA,"Delhi","Delhi","station_name_city_component","high",NA,"Delhi","exact_city","India",28.710508,77.249485,"Asia/Kolkata","2018-08-10T08:15:00Z","2026-09-21T15:30:00Z","CPCB","Delhi Pollution Control Committee",12,6,"2026-09-24 17:41:18","openaq_v3_api"
"PROJ_123","openaq",NA,8557,"Hyderabad","India","Hyderabad","Telangana","name_only_fallback","low",NA,NA,"exact_city","India",17.38405,78.45636,"Asia/Kolkata","2016-11-09T19:00:00Z","2026-04-06T04:30:00Z","AirNow","Unknown Governmental Organization",1,1,"2026-09-24 17:41:18","openaq_v3_api"
"PROJ_124","openaq",NA,8558,"Chennai","India","Chennai","Tamil Nadu","name_only_fallback","low",NA,NA,"exact_city","India",13.08784,80.278475,"Asia/Kolkata","2022-10-03T20:00:00Z","2026-09-24T11:30:00Z","AirNow","Unknown Governmental Organization",1,1,"2026-09-24 17:41:18","openaq_v3_api"
"PROJ_125","openaq",NA,8915,"Wazirpur, Delhi - DPCC",NA,"Delhi","Delhi","station_name_city_component","high",NA,"Delhi","exact_city","India",28.699793,77.165453,"Asia/Kolkata","2018-12-15T15:00:00Z","2026-09-21T15:30:00Z","CPCB","Delhi Pollution Control Committee",12,6,"2026-09-24 17:41:18","openaq_v3_api"
"PROJ_126","openaq",NA,8917,"Ashok Vihar, Delhi - DPCC",NA,"Delhi","Delhi","station_name_city_component","high",NA,"Delhi","exact_city","India",28.695381,77.181665,"Asia/Kolkata","2018-12-15T15:00:00Z","2026-09-21T15:30:00Z","CPCB","Delhi Pollution Control Committee",12,6,"2026-09-24 17:41:18","openaq_v3_api"
"PROJ_127","openaq",NA,10484,"Sri Aurobindo Marg, Delhi - DPCC",NA,"Delhi","Delhi","station_name_city_component","high",NA,"Delhi","exact_city","India",28.531346,77.190156,"Asia/Kolkata","2018-12-15T15:00:00Z","2026-09-21T15:30:00Z","CPCB","Delhi Pollution Control Committee",12,6,"2026-09-24 17:41:18","openaq_v3_api"
"PROJ_128","openaq",NA,10485,"Narela, Delhi - DPCC",NA,"Delhi","Delhi","station_name_city_component","high",NA,"Delhi","exact_city","India",28.822836,77.101981,"Asia/Kolkata","2018-08-10T05:45:00Z","2026-09-21T15:30:00Z","CPCB","Delhi Pollution Control Committee",12,6,"2026-09-24 17:41:18","openaq_v3_api"
"PROJ_129","openaq",NA,10486,"Mundka, Delhi - DPCC",NA,"Delhi","Delhi","station_name_city_component","high",NA,"Delhi","exact_city","India",28.684678,77.076574,"Asia/Kolkata","2018-12-15T15:00:00Z","2026-09-21T14:30:00Z","CPCB","Delhi Pollution Control Committee",12,6,"2026-09-24 17:41:18","openaq_v3_api"
"PROJ_130","openaq",NA,10487,"Anand Vihar, Delhi - DPCC",NA,"Delhi","Delhi","station_name_city_component","high",NA,"Delhi","exact_city","India",28.646835,77.316032,"Asia/Kolkata","2018-08-13T11:00:00Z","2021-09-20T07:45:00Z","caaqm","Unknown Governmental Organization",6,6,"2026-09-24 17:41:18","openaq_v3_api"
"PROJ_131","openaq",NA,10488,"Najafgarh, Delhi - DPCC",NA,"Delhi","Delhi","station_name_city_component","high",NA,"Delhi","exact_city","India",28.570173,76.933762,"Asia/Kolkata","2018-12-15T15:00:00Z","2026-09-21T15:30:00Z","CPCB","Delhi Pollution Control Committee",12,6,"2026-09-24 17:41:18","openaq_v3_api"
"PROJ_132","openaq",NA,10489,"ITO, Delhi - CPCB",NA,"Delhi","Delhi","station_name_city_component","high",NA,"Delhi","exact_city","India",28.628624,77.24106,"Asia/Kolkata","2020-01-20T08:15:00Z","2022-10-31T01:45:00Z","caaqm","Unknown Governmental Organization",6,6,"2026-09-24 17:41:18","openaq_v3_api"
"PROJ_133","openaq",NA,10599,"Rajbansi Nagar, Patna - BSPCB",NA,"Patna","Bihar","station_name_city_component","high",NA,"Patna","exact_city","India",25.599486,85.113666,"Asia/Kolkata","2019-12-26T05:15:00Z","2026-09-21T15:30:00Z","CPCB","Bihar State Pollution Control Board",12,6,"2026-09-24 17:41:18","openaq_v3_api"
"PROJ_134","openaq",NA,10630,"Govt. High School Shikarpur, Patna - BSPCB",NA,"Patna","Bihar","station_name_city_component","high",NA,"Patna","exact_city","India",25.592539,85.227158,"Asia/Kolkata","2020-03-31T11:15:00Z","2026-09-21T15:30:00Z","CPCB","Bihar State Pollution Control Board",12,6,"2026-09-24 17:41:18","openaq_v3_api"
"PROJ_135","openaq",NA,10633,"Victoria, Kolkata - WBPCB",NA,"Kolkata","West Bengal","station_name_city_component","high",NA,"Kolkata","exact_city","India",22.5448082,88.3403691,"Asia/Kolkata","2018-04-15T22:45:00Z","2026-09-21T15:30:00Z","CPCB","West Bengal Pollution Control Board",12,6,"2026-09-24 17:41:18","openaq_v3_api"
"PROJ_136","openaq",NA,10670,"Muradpur, Patna - BSPCB",NA,"Patna","Bihar","station_name_city_component","high",NA,"Patna","exact_city","India",25.619651,85.147382,"Asia/Kolkata","2019-12-26T05:15:00Z","2026-09-21T15:30:00Z","CPCB","Bihar State Pollution Control Board",12,6,"2026-09-24 17:41:18","openaq_v3_api"
"PROJ_137","openaq",NA,10697,"Samanpura, Patna - BSPCB",NA,"Patna","Bihar","station_name_city_component","high",NA,"Patna","exact_city","India",25.596727,85.085624,"Asia/Kolkata","2019-12-26T05:15:00Z","2026-09-21T15:30:00Z","CPCB","Bihar State Pollution Control Board",12,6,"2026-09-24 17:41:18","openaq_v3_api"
"PROJ_138","openaq",NA,10780,"Manali Village, Chennai - TNPCB",NA,"Chennai","Tamil Nadu","station_name_city_component","high",NA,"Chennai","exact_city","India",13.1662,80.2584,"Asia/Kolkata","2019-07-19T06:00:00Z","2026-09-21T15:30:00Z","CPCB","Tamil Nadu Pollution Control Board",12,6,"2026-09-24 17:41:18","openaq_v3_api"
"PROJ_139","openaq",NA,10831,"Rohini, Delhi - DPCC",NA,"Delhi","Delhi","station_name_city_component","high",NA,"Delhi","exact_city","India",28.732528,77.11992,"Asia/Kolkata","2018-08-10T06:00:00Z","2026-09-21T15:30:00Z","CPCB","Delhi Pollution Control Committee",12,6,"2026-09-24 17:41:18","openaq_v3_api"
"PROJ_140","openaq",NA,10851,"Bidhannagar, Kolkata - WBPCB",NA,"Kolkata","West Bengal","station_name_city_component","high",NA,"Kolkata","exact_city","India",22.58157048,88.41002457,"Asia/Kolkata","2020-01-02T12:15:00Z","2026-09-21T15:30:00Z","CPCB","West Bengal Pollution Control Board",12,6,"2026-09-24 17:41:18","openaq_v3_api"
"PROJ_141","openaq",NA,10897,"ICRISAT Patancheru, Hyderabad - TSPCB",NA,"Hyderabad","Telangana","station_name_city_component","high",NA,"Hyderabad","exact_city","India",17.5184,78.278777,"Asia/Kolkata","2020-04-28T10:45:00Z","2022-10-31T01:45:00Z","caaqm","Unknown Governmental Organization",6,6,"2026-09-24 17:41:18","openaq_v3_api"
"PROJ_142","openaq",NA,10903,"Railway Colony, Guwahati - APCB",NA,"Guwahati","Assam","station_name_city_component","high",NA,"Guwahati","exact_city","India",26.181742,91.78063,"Asia/Kolkata","2019-12-24T09:45:00Z","2026-09-21T15:30:00Z","CPCB","Unknown Governmental Organization",12,6,"2026-09-24 17:41:18","openaq_v3_api"
"PROJ_143","openaq",NA,10904,"Rabindra Sarobar, Kolkata - WBPCB",NA,"Kolkata","West Bengal","station_name_city_component","high",NA,"Kolkata","exact_city","India",22.51106,88.35142,"Asia/Kolkata","2019-08-09T07:45:00Z","2026-09-21T15:30:00Z","CPCB","West Bengal Pollution Control Board",12,6,"2026-09-24 17:41:18","openaq_v3_api"
"PROJ_144","openaq",NA,10913,"T T Nagar, Bhopal - MPPCB",NA,"Bhopal","Madhya Pradesh","station_name_city_component","high",NA,"Bhopal","exact_city","India",23.233584,77.400574,"Asia/Kolkata","2019-09-23T10:00:00Z","2026-09-21T15:30:00Z","CPCB","Madhya Pradesh Pollution Control Board",12,6,"2026-09-24 17:41:19","openaq_v3_api"
"PROJ_145","openaq",NA,10918,"Ballygunge, Kolkata - WBPCB",NA,"Kolkata","West Bengal","station_name_city_component","high",NA,"Kolkata","exact_city","India",22.5367507,88.3638022,"Asia/Kolkata","2020-01-02T13:00:00Z","2026-09-21T15:30:00Z","CPCB","West Bengal Pollution Control Board",12,6,"2026-09-24 17:41:19","openaq_v3_api"
"PROJ_146","openaq",NA,11578,"Royapuram, Chennai - TNPCB",NA,"Chennai","Tamil Nadu","station_name_city_component","high",NA,"Chennai","exact_city","India",13.1036,80.2909,"Asia/Kolkata","2020-11-08T14:00:00Z","2026-09-10T12:45:00Z","CPCB","Tamil Nadu Pollution Control Board",12,6,"2026-09-24 17:41:19","openaq_v3_api"
"PROJ_147","openaq",NA,11579,"Kodungaiyur, Chennai - TNPCB",NA,"Chennai","Tamil Nadu","station_name_city_component","high",NA,"Chennai","exact_city","India",13.1278,80.2642,"Asia/Kolkata","2020-11-08T14:00:00Z","2026-09-10T13:30:00Z","CPCB","Tamil Nadu Pollution Control Board",12,6,"2026-09-24 17:41:19","openaq_v3_api"
"PROJ_148","openaq",NA,11581,"Arumbakkam, Chennai - TNPCB",NA,"Chennai","Tamil Nadu","station_name_city_component","high",NA,"Chennai","exact_city","India",13.0664,80.2112,"Asia/Kolkata","2020-11-08T12:00:00Z","2026-09-10T14:15:00Z","CPCB","Tamil Nadu Pollution Control Board",8,4,"2026-09-24 17:41:19","openaq_v3_api"
"PROJ_149","openaq",NA,11602,"Bandra Kurla Complex, Mumbai - IITM",NA,"Mumbai","Maharashtra","station_name_city_component","high",NA,"Mumbai","exact_city","India",19.053536,72.84643,"Asia/Kolkata","2020-11-13T12:15:00Z","2022-10-16T15:45:00Z","caaqm","Unknown Governmental Organization",6,6,"2026-09-24 17:41:19","openaq_v3_api"
"PROJ_150","openaq",NA,11603,"Chandni Chowk, Delhi - IITM",NA,"Delhi","Delhi","station_name_city_component","high",NA,"Delhi","exact_city","India",28.656756,77.227234,"Asia/Kolkata","2020-11-13T12:15:00Z","2026-09-21T15:30:00Z","CPCB","Indian Institute of Tropical Meteorology",12,6,"2026-09-24 17:41:19","openaq_v3_api"
"PROJ_151","openaq",NA,11604,"Deonar, Mumbai - IITM",NA,"Mumbai","Maharashtra","station_name_city_component","high",NA,"Mumbai","exact_city","India",19.04946,72.923,"Asia/Kolkata","2020-11-13T12:15:00Z","2022-10-16T15:45:00Z","caaqm","Unknown Governmental Organization",6,6,"2026-09-24 17:41:19","openaq_v3_api"
"PROJ_152","openaq",NA,11606,"Borivali East, Mumbai - IITM",NA,"Mumbai","Maharashtra","station_name_city_component","high",NA,"Mumbai","exact_city","India",19.23241,72.86895,"Asia/Kolkata","2020-11-13T12:30:00Z","2026-09-21T15:30:00Z","CPCB","Indian Institute of Tropical Meteorology",10,5,"2026-09-24 17:41:19","openaq_v3_api"
"PROJ_153","openaq",NA,11607,"Lodhi Road, Delhi - IITM",NA,"Delhi","Delhi","station_name_city_component","high",NA,"Delhi","exact_city","India",28.588333,77.221667,"Asia/Kolkata","2020-11-13T12:00:00Z","2025-12-27T06:00:00Z","CPCB","Indian Institute of Tropical Meteorology",10,6,"2026-09-24 17:41:19","openaq_v3_api"
"PROJ_154","openaq",NA,11608,"Bhosari, Pune - IITM",NA,"Pune","Maharashtra","station_name_city_component","high",NA,"Pune","exact_city","India",18.640051,73.848956,"Asia/Kolkata","2020-11-13T12:15:00Z","2022-07-07T04:45:00Z","caaqm","Unknown Governmental Organization",5,5,"2026-09-24 17:41:19","openaq_v3_api"
"PROJ_155","openaq",NA,11609,"Mhada Colony, Pune - IITM",NA,"Pune","Maharashtra","station_name_city_component","high",NA,"Pune","exact_city","India",18.57304,73.927715,"Asia/Kolkata","2020-11-13T12:15:00Z","2026-09-21T15:30:00Z","CPCB","Indian Institute of Tropical Meteorology",10,5,"2026-09-24 17:41:19","openaq_v3_api"
"PROJ_156","openaq",NA,11610,"Transport Nagar-Nigdi, Pune - IITM",NA,"Pune","Maharashtra","station_name_city_component","high",NA,"Pune","exact_city","India",18.664282,73.763966,"Asia/Kolkata","2025-02-18T20:15:00Z","2026-09-21T15:30:00Z","CPCB","Indian Institute of Tropical Meteorology",5,5,"2026-09-24 17:41:19","openaq_v3_api"
"PROJ_157","openaq",NA,11611,"Malad West, Mumbai - IITM",NA,"Mumbai","Maharashtra","station_name_city_component","high",NA,"Mumbai","exact_city","India",19.19709,72.82204,"Asia/Kolkata","2020-11-13T12:15:00Z","2026-09-21T15:30:00Z","CPCB","Indian Institute of Tropical Meteorology",12,6,"2026-09-24 17:41:19","openaq_v3_api"
"PROJ_158","openaq",NA,11613,"Revenue Colony-Shivajinagar, Pune - IITM",NA,"Pune","Maharashtra","station_name_city_component","high",NA,"Pune","exact_city","India",18.530085,73.849598,"Asia/Kolkata","2020-11-13T12:15:00Z","2026-09-21T15:30:00Z","CPCB","Indian Institute of Tropical Meteorology",12,6,"2026-09-24 17:41:19","openaq_v3_api"
"PROJ_159","openaq",NA,12024,"Chakala-Andheri East, Mumbai - IITM",NA,"Mumbai","Maharashtra","station_name_city_component","high",NA,"Mumbai","exact_city","India",19.11074,72.86084,"Asia/Kolkata","2020-12-08T09:00:00Z","2026-09-21T15:30:00Z","CPCB","Indian Institute of Tropical Meteorology",12,6,"2026-09-24 17:41:19","openaq_v3_api"
"PROJ_160","openaq",NA,12039,"Khindipada-Bhandup West, Mumbai - IITM",NA,"Mumbai","Maharashtra","station_name_city_component","high",NA,"Mumbai","exact_city","India",19.164394,72.928297,"Asia/Kolkata","2020-12-16T12:45:00Z","2026-09-21T15:30:00Z","CPCB","Indian Institute of Tropical Meteorology",12,6,"2026-09-24 17:41:19","openaq_v3_api"
"PROJ_161","openaq",NA,12040,"Mulund West, Mumbai - MPCB",NA,"Mumbai","Maharashtra","station_name_city_component","high",NA,"Mumbai","exact_city","India",19.175,72.9419,"Asia/Kolkata","2020-12-16T12:30:00Z","2026-09-21T15:30:00Z","CPCB","Maharashtra Pollution Control Board",12,6,"2026-09-24 17:41:19","openaq_v3_api"
"PROJ_162","openaq",NA,12042,"Alandi, Pune - IITM",NA,"Pune","Maharashtra","station_name_city_component","high",NA,"Pune","exact_city","India",18.675076,73.892743,"Asia/Kolkata","2020-12-16T12:15:00Z","2022-07-21T04:45:00Z","CPCB","Indian Institute of Tropical Meteorology",5,5,"2026-09-24 17:41:19","openaq_v3_api"
"PROJ_163","openaq",NA,12044,"Kandivali East, Mumbai - MPCB",NA,"Mumbai","Maharashtra","station_name_city_component","high",NA,"Mumbai","exact_city","India",19.2058,72.8682,"Asia/Kolkata","2020-12-16T12:30:00Z","2026-04-18T05:45:00Z","CPCB","Maharashtra Pollution Control Board",12,6,"2026-09-24 17:41:19","openaq_v3_api"
"PROJ_164","openaq",NA,12046,"Perungudi, Chennai - TNPCB",NA,"Chennai","Tamil Nadu","station_name_city_component","high",NA,"Chennai","exact_city","India",12.9533,80.2357,"Asia/Kolkata","2025-02-18T20:15:00Z","2026-09-10T14:30:00Z","CPCB","Tamil Nadu Pollution Control Board",6,6,"2026-09-24 17:41:19","openaq_v3_api"
"PROJ_165","openaq",NA,42240,"Pan Bazaar, Guwahati - APCB",NA,"Guwahati","Assam","station_name_city_component","high",NA,"Guwahati","exact_city","India",26.1875,91.744194,"Asia/Kolkata","2020-12-28T12:00:00Z","2026-09-21T15:15:00Z","CPCB","Unknown Governmental Organization",12,6,"2026-09-24 17:41:19","openaq_v3_api"
"PROJ_166","openaq",NA,60658,"Hadapsar, Pune - IITM",NA,"Pune","Maharashtra","station_name_city_component","high",NA,"Pune","exact_city","India",18.501793,73.927532,"Asia/Kolkata","2021-01-12T14:00:00Z","2026-09-21T15:30:00Z","CPCB","Indian Institute of Tropical Meteorology",10,5,"2026-09-24 17:41:19","openaq_v3_api"
"PROJ_167","openaq",NA,60660,"MIT-Kothrud, Pune - IITM",NA,"Pune","Maharashtra","station_name_city_component","high",NA,"Pune","exact_city","India",18.517754,73.8214883,"Asia/Kolkata","2021-01-12T14:00:00Z","2022-07-11T05:15:00Z","caaqm","Unknown Governmental Organization",5,5,"2026-09-24 17:41:19","openaq_v3_api"
"PROJ_168","openaq",NA,60661,"Siddharth Nagar-Worli, Mumbai - IITM",NA,"Mumbai","Maharashtra","station_name_city_component","high",NA,"Mumbai","exact_city","India",19.000083,72.813993,"Asia/Kolkata","2021-01-12T14:00:00Z","2022-10-16T16:00:00Z","caaqm","Unknown Governmental Organization",5,5,"2026-09-24 17:41:19","openaq_v3_api"
"PROJ_169","openaq",NA,227386,"B R Ambedkar University, Lucknow - UPPCB",NA,"Lucknow","Uttar Pradesh","station_name_city_component","high",NA,"Lucknow","exact_city","India",26.766433,80.927299,"Asia/Kolkata","2021-06-02T18:00:00Z","2026-09-21T15:30:00Z","CPCB","Uttar Pradesh Pollution Control Board",12,6,"2026-09-24 17:41:19","openaq_v3_api"
"PROJ_170","openaq",NA,227533,"Rakhial, Ahmedabad - IITM",NA,"Ahmedabad","Gujarat","station_name_city_component","high",NA,"Ahmedabad","exact_city","India",23.016834,72.625775,"Asia/Kolkata","2021-06-04T17:30:00Z","2026-09-21T15:15:00Z","CPCB","Indian Institute of Tropical Meteorology",12,6,"2026-09-24 17:41:19","openaq_v3_api"
"PROJ_171","openaq",NA,227534,"Gyaspur, Ahmedabad - IITM",NA,"Ahmedabad","Gujarat","station_name_city_component","high",NA,"Ahmedabad","exact_city","India",22.977134,72.553024,"Asia/Kolkata","2021-06-04T17:30:00Z","2026-09-21T15:30:00Z","CPCB","Indian Institute of Tropical Meteorology",12,6,"2026-09-24 17:41:19","openaq_v3_api"
"PROJ_172","openaq",NA,227536,"Chandkheda, Ahmedabad - IITM",NA,"Ahmedabad","Gujarat","station_name_city_component","high",NA,"Ahmedabad","exact_city","India",23.107969,72.574648,"Asia/Kolkata","2021-06-04T18:15:00Z","2026-09-21T15:30:00Z","CPCB","Indian Institute of Tropical Meteorology",12,6,"2026-09-24 17:41:19","openaq_v3_api"
"PROJ_173","openaq",NA,228297,"SVPI Airport Hansol, Ahmedabad - IITM",NA,"Ahmedabad","Gujarat","station_name_city_component","high",NA,"Ahmedabad","exact_city","India",23.076793,72.627874,"Asia/Kolkata","2021-06-18T21:30:00Z","2026-09-21T15:30:00Z","CPCB","Indian Institute of Tropical Meteorology",12,6,"2026-09-24 17:41:19","openaq_v3_api"
"PROJ_174","openaq",NA,228298,"Sardar Vallabhbhai Patel Stadium, Ahmedabad - IITM",NA,"Ahmedabad","Gujarat","station_name_city_component","high",NA,"Ahmedabad","exact_city","India",23.04307,72.562968,"Asia/Kolkata","2021-06-18T22:00:00Z","2025-08-29T16:00:00Z","CPCB","Indian Institute of Tropical Meteorology",12,6,"2026-09-24 17:41:19","openaq_v3_api"
"PROJ_175","openaq",NA,228300,"SAC ISRO Satellite, Ahmedabad - IITM",NA,"Ahmedabad","Gujarat","station_name_city_component","high",NA,"Ahmedabad","exact_city","India",23.023389,72.515201,"Asia/Kolkata","2021-06-18T21:30:00Z","2026-09-21T15:30:00Z","CPCB","Indian Institute of Tropical Meteorology",12,6,"2026-09-24 17:41:19","openaq_v3_api"
"PROJ_176","openaq",NA,228303,"SAC ISRO Bopal, Ahmedabad - IITM",NA,"Ahmedabad","Gujarat","station_name_city_component","high",NA,"Ahmedabad","exact_city","India",23.041137,72.456691,"Asia/Kolkata","2021-06-18T21:30:00Z","2026-09-21T15:30:00Z","CPCB","Indian Institute of Tropical Meteorology",12,6,"2026-09-24 17:41:19","openaq_v3_api"
"PROJ_177","openaq",NA,229404,"Kukrail Picnic Spot-1, Lucknow - UPPCB",NA,"Lucknow","Uttar Pradesh","station_name_city_component","high",NA,"Lucknow","exact_city","India",26.90723,80.98579,"Asia/Kolkata","2021-07-12T21:00:00Z","2026-09-21T15:30:00Z","CPCB","Uttar Pradesh Pollution Control Board",12,6,"2026-09-24 17:41:19","openaq_v3_api"
"PROJ_178","openaq",NA,301387,"Raikhad, Ahmedabad - IITM",NA,"Ahmedabad","Gujarat","station_name_city_component","high",NA,"Ahmedabad","exact_city","India",23.020509,72.579261,"Asia/Kolkata","2022-03-24T21:00:00Z","2026-09-21T15:30:00Z","CPCB","Indian Institute of Tropical Meteorology",12,6,"2026-09-24 17:41:20","openaq_v3_api"
"PROJ_179","openaq",NA,344103,"ECIL Kapra, Hyderabad - TSPCB",NA,"Hyderabad","Telangana","station_name_city_component","high",NA,"Hyderabad","exact_city","India",17.470431,78.566959,"Asia/Kolkata","2022-05-26T12:00:00Z","2026-09-21T15:30:00Z","CPCB","Telangana State Pollution Control Board",12,6,"2026-09-24 17:41:20","openaq_v3_api"
"PROJ_180","openaq",NA,344104,"Kompally Municipal Office, Hyderabad - TSPCB",NA,"Hyderabad","Telangana","station_name_city_component","high",NA,"Hyderabad","exact_city","India",17.544899,78.486949,"Asia/Kolkata","2022-05-26T12:00:00Z","2026-09-21T15:30:00Z","CPCB","Telangana State Pollution Control Board",12,6,"2026-09-24 17:41:20","openaq_v3_api"
"PROJ_181","openaq",NA,344140,"Somajiguda, Hyderabad - TSPCB",NA,"Hyderabad","Telangana","station_name_city_component","high",NA,"Hyderabad","exact_city","India",17.417094,78.457437,"Asia/Kolkata","2022-05-26T13:00:00Z","2026-09-21T15:30:00Z","CPCB","Telangana State Pollution Control Board",12,6,"2026-09-24 17:41:20","openaq_v3_api"
"PROJ_182","openaq",NA,344142,"Nacharam_TSIIC IALA, Hyderabad - TSPCB",NA,"Hyderabad","Telangana","station_name_city_component","high",NA,"Hyderabad","exact_city","India",17.429398,78.569354,"Asia/Kolkata","2022-05-26T13:00:00Z","2026-09-21T15:30:00Z","CPCB","Telangana State Pollution Control Board",12,6,"2026-09-24 17:41:20","openaq_v3_api"
"PROJ_183","openaq",NA,344144,"IITH Kandi, Hyderabad - TSPCB",NA,"Hyderabad","Telangana","station_name_city_component","high",NA,"Hyderabad","exact_city","India",17.585705,78.126199,"Asia/Kolkata","2022-05-26T13:00:00Z","2026-09-21T15:30:00Z","CPCB","Telangana State Pollution Control Board",12,6,"2026-09-24 17:41:20","openaq_v3_api"
"PROJ_184","openaq",NA,346257,"Ramachandrapuram, Hyderabad - TSPCB",NA,"Hyderabad","Telangana","station_name_city_component","high",NA,"Hyderabad","exact_city","India",17.528544,78.286195,"Asia/Kolkata","2022-06-02T08:00:00Z","2026-09-21T15:30:00Z","CPCB","Telangana State Pollution Control Board",12,6,"2026-09-24 17:41:20","openaq_v3_api"
"PROJ_185","openaq",NA,346258,"Kokapet, Hyderabad - TSPCB",NA,"Hyderabad","Telangana","station_name_city_component","high",NA,"Hyderabad","exact_city","India",17.393559,78.339194,"Asia/Kolkata","2022-06-02T08:00:00Z","2026-09-21T15:30:00Z","CPCB","Telangana State Pollution Control Board",11,6,"2026-09-24 17:41:20","openaq_v3_api"
"PROJ_186","openaq",NA,352465,"New Malakpet, Hyderabad - TSPCB",NA,"Hyderabad","Telangana","station_name_city_component","high",NA,"Hyderabad","exact_city","India",17.37206,78.50864,"Asia/Kolkata","2022-06-16T07:00:00Z","2026-09-21T15:30:00Z","CPCB","Telangana State Pollution Control Board",12,6,"2026-09-24 17:41:20","openaq_v3_api"
"PROJ_187","openaq",NA,361378,"Paryavaran Parisar, Bhopal - MPPCB",NA,"Bhopal","Madhya Pradesh","station_name_city_component","high",NA,"Bhopal","exact_city","India",23.210494,77.425409,"Asia/Kolkata","2022-09-19T06:45:00Z","2026-09-21T15:30:00Z","CPCB","Madhya Pradesh Pollution Control Board",12,6,"2026-09-24 17:41:20","openaq_v3_api"
"PROJ_188","openaq",NA,361411,"IITG, Guwahati - PCBA",NA,"Guwahati","Assam","station_name_city_component","high",NA,"Guwahati","exact_city","India",26.2028636,91.70046436,"Asia/Kolkata","2022-09-19T12:45:00Z","2022-10-16T12:15:00Z","caaqm","Unknown Governmental Organization",6,6,"2026-09-24 17:41:20","openaq_v3_api"
"PROJ_189","openaq",NA,3409312,"BWSSB Kadabesanahalli, Bengaluru - CPCB",NA,"Bengaluru","Karnataka","station_name_city_component","high",NA,"Bengaluru","exact_city","India",12.9352049,77.6814488,"Asia/Kolkata","2025-10-18T06:45:00Z","2026-07-25T05:30:00Z","CPCB","Central Pollution Control Board",6,6,"2026-09-24 17:41:21","openaq_v3_api"
"PROJ_190","openaq",NA,3409318,"Central School, Lucknow - CPCB",NA,"Lucknow","Uttar Pradesh","station_name_city_component","high",NA,"Lucknow","exact_city","India",26.8821003,80.9302753,"Asia/Kolkata","2025-02-18T20:15:00Z","2026-09-21T15:30:00Z","CPCB","Central Pollution Control Board",6,6,"2026-09-24 17:41:21","openaq_v3_api"
"PROJ_191","openaq",NA,3409319,"Alandur Bus Depot, Chennai - CPCB",NA,"Chennai","Tamil Nadu","station_name_city_component","high",NA,"Chennai","exact_city","India",12.9099161,80.1076538,"Asia/Kolkata","2025-02-18T20:15:00Z","2025-12-02T11:00:00Z","CPCB","Central Pollution Control Board",6,6,"2026-09-24 17:41:21","openaq_v3_api"
"PROJ_192","openaq",NA,3409320,"Rabindra Bharati University, Kolkata - WBPCB",NA,"Kolkata","West Bengal","station_name_city_component","high",NA,"Kolkata","exact_city","India",22.627875,88.3804,"Asia/Kolkata","2025-02-18T20:15:00Z","2026-09-21T15:30:00Z","CPCB","West Bengal Pollution Control Board",6,6,"2026-09-24 17:41:21","openaq_v3_api"
"PROJ_193","openaq",NA,3409323,"Worli, Mumbai - MPCB",NA,"Mumbai","Maharashtra","station_name_city_component","high",NA,"Mumbai","exact_city","India",18.9936162,72.8128113,"Asia/Kolkata","2025-02-18T20:15:00Z","2026-09-21T15:30:00Z","CPCB","Maharashtra Pollution Control Board",6,6,"2026-09-24 17:41:21","openaq_v3_api"
"PROJ_194","openaq",NA,3409328,"Bandra Kurla Complex, Mumbai - IITM",NA,"Mumbai","Maharashtra","station_name_city_component","high",NA,"Mumbai","exact_city","India",19.0627,72.84614,"Asia/Kolkata","2025-04-07T13:00:00Z","2026-09-21T09:15:00Z","CPCB","Indian Institute of Tropical Meteorology",6,6,"2026-09-24 17:41:21","openaq_v3_api"
"PROJ_195","openaq",NA,3409329,"Deonar, Mumbai - IITM",NA,"Mumbai","Maharashtra","station_name_city_component","high",NA,"Mumbai","exact_city","India",19.04946,72.923,"Asia/Kolkata","2025-02-18T20:15:00Z","2026-09-21T15:30:00Z","CPCB","Indian Institute of Tropical Meteorology",6,6,"2026-09-24 17:41:21","openaq_v3_api"
"PROJ_196","openaq",NA,3409331,"Bhosari, Pune - IITM",NA,"Pune","Maharashtra","station_name_city_component","high",NA,"Pune","exact_city","India",18.640051,73.848956,"Asia/Kolkata","2025-02-25T12:30:00Z","2026-09-21T15:30:00Z","CPCB","Indian Institute of Tropical Meteorology",5,5,"2026-09-24 17:41:21","openaq_v3_api"
"PROJ_197","openaq",NA,3409360,"IITG, Guwahati - PCBA",NA,"Guwahati","Assam","station_name_city_component","high",NA,"Guwahati","exact_city","India",26.2028636,91.70046436,"Asia/Kolkata","2025-02-18T20:15:00Z","2026-09-21T15:30:00Z","CPCB","Assam Pollution Control Board",6,6,"2026-09-24 17:41:21","openaq_v3_api"
"PROJ_198","openaq",NA,3409385,"RVCE-Mailasandra, Bengaluru - KSPCB",NA,"Bengaluru","Karnataka","station_name_city_component","high",NA,"Bengaluru","exact_city","India",12.921418,77.502466,"Asia/Kolkata","2025-02-18T20:15:00Z","2026-07-07T09:00:00Z","CPCB","Karnataka State Pollution Control Board",6,6,"2026-09-24 17:41:21","openaq_v3_api"
"PROJ_199","openaq",NA,3409388,"Kasturi Nagar, Bengaluru - KSPCB",NA,"Bengaluru","Karnataka","station_name_city_component","high",NA,"Bengaluru","exact_city","India",13.003872,77.664217,"Asia/Kolkata","2025-02-18T20:15:00Z","2026-09-19T10:00:00Z","CPCB","Karnataka State Pollution Control Board",6,6,"2026-09-24 17:41:21","openaq_v3_api"
"PROJ_200","openaq",NA,3409390,"LGBI Airport, Guwahati - PCBA",NA,"Guwahati","Assam","station_name_city_component","high",NA,"Guwahati","exact_city","India",26.10887,91.589544,"Asia/Kolkata","2025-02-18T20:15:00Z","2026-09-21T15:30:00Z","CPCB","Assam Pollution Control Board",6,6,"2026-09-24 17:41:21","openaq_v3_api"
"PROJ_201","openaq",NA,3409393,"Shivapura_Peenya, Bengaluru - KSPCB",NA,"Bengaluru","Karnataka","station_name_city_component","high",NA,"Bengaluru","exact_city","India",13.0246342,77.5080115,"Asia/Kolkata","2025-02-18T20:15:00Z","2026-09-18T05:30:00Z","CPCB","Karnataka State Pollution Control Board",6,6,"2026-09-24 17:41:21","openaq_v3_api"
"PROJ_202","openaq",NA,3409413,"Idgah Hills, Bhopal - MPPCB",NA,"Bhopal","Madhya Pradesh","station_name_city_component","high",NA,"Bhopal","exact_city","India",23.264759,77.381568,"Asia/Kolkata","2025-02-18T20:15:00Z","2026-09-21T15:30:00Z","CPCB","Madhya Pradesh Pollution Control Board",6,6,"2026-09-24 17:41:22","openaq_v3_api"
"PROJ_203","openaq",NA,3409430,"Mansarovar Sector-12, Jaipur - RSPCB",NA,"Jaipur","Rajasthan","station_name_city_component","high",NA,"Jaipur","exact_city","India",26.843698,75.766894,"Asia/Kolkata","2025-02-18T20:15:00Z","2026-09-21T15:30:00Z","CPCB","Rajasthan State Pollution Control Board",6,6,"2026-09-24 17:41:22","openaq_v3_api"
"PROJ_204","openaq",NA,3409432,"Sector-2 Murlipura, Jaipur - RSPCB",NA,"Jaipur","Rajasthan","station_name_city_component","high",NA,"Jaipur","exact_city","India",26.960669,75.771817,"Asia/Kolkata","2025-02-18T20:15:00Z","2026-09-21T15:30:00Z","CPCB","Rajasthan State Pollution Control Board",6,6,"2026-09-24 17:41:22","openaq_v3_api"
"PROJ_205","openaq",NA,3409433,"RIICO Sitapura, Jaipur - RSPCB",NA,"Jaipur","Rajasthan","station_name_city_component","high",NA,"Jaipur","exact_city","India",26.786682,75.827928,"Asia/Kolkata","2025-02-18T20:15:00Z","2026-09-21T15:30:00Z","CPCB","Rajasthan State Pollution Control Board",6,6,"2026-09-24 17:41:22","openaq_v3_api"
"PROJ_206","openaq",NA,3409434,"Jigani, Bengaluru - KSPCB",NA,"Bengaluru","Karnataka","station_name_city_component","high",NA,"Bengaluru","exact_city","India",12.7816279,77.6299145,"Asia/Kolkata","2025-02-19T06:45:00Z","2026-09-21T00:15:00Z","CPCB","Karnataka State Pollution Control Board",6,6,"2026-09-24 17:41:22","openaq_v3_api"
"PROJ_207","openaq",NA,3409438,"Katraj Dairy, Pune - MPCB",NA,"Pune","Maharashtra","station_name_city_component","high",NA,"Pune","exact_city","India",18.45445,73.854155,"Asia/Kolkata","2025-02-19T21:30:00Z","2026-09-21T15:30:00Z","CPCB","Maharashtra Pollution Control Board",6,6,"2026-09-24 17:41:22","openaq_v3_api"
"PROJ_208","openaq",NA,3409439,"Savitribai Phule Pune University, Pune - MPCB",NA,"Pune","Maharashtra","station_name_city_component","high",NA,"Pune","exact_city","India",18.547056,73.826908,"Asia/Kolkata","2025-02-18T20:15:00Z","2026-09-21T15:30:00Z","CPCB","Maharashtra Pollution Control Board",6,6,"2026-09-24 17:41:22","openaq_v3_api"
"PROJ_209","openaq",NA,3409464,"Ambazari, Nagpur - MPCB",NA,"Nagpur","Maharashtra","station_name_city_component","high",NA,"Nagpur","exact_city","India",21.121801,79.04952,"Asia/Kolkata","2025-02-18T20:15:00Z","2026-09-21T15:30:00Z","CPCB","Maharashtra Pollution Control Board",6,6,"2026-09-24 17:41:22","openaq_v3_api"
"PROJ_210","openaq",NA,3409465,"Ram Nagar, Nagpur - MPCB",NA,"Nagpur","Maharashtra","station_name_city_component","high",NA,"Nagpur","exact_city","India",21.143383,79.048912,"Asia/Kolkata","2025-02-18T20:15:00Z","2026-09-21T15:30:00Z","CPCB","Maharashtra Pollution Control Board",6,6,"2026-09-24 17:41:22","openaq_v3_api"
"PROJ_211","openaq",NA,3409468,"Mahal, Nagpur - MPCB",NA,"Nagpur","Maharashtra","station_name_city_component","high",NA,"Nagpur","exact_city","India",21.14472,79.107595,"Asia/Kolkata","2025-02-18T20:15:00Z","2026-09-21T15:30:00Z","CPCB","Maharashtra Pollution Control Board",6,6,"2026-09-24 17:41:22","openaq_v3_api"
"PROJ_212","openaq",NA,3409479,"Mindspace-Malad West, Mumbai - MPCB",NA,"Mumbai","Maharashtra","station_name_city_component","high",NA,"Mumbai","exact_city","India",19.1878657,72.8304069,"Asia/Kolkata","2025-02-18T20:15:00Z","2026-09-21T15:30:00Z","CPCB","Maharashtra Pollution Control Board",6,6,"2026-09-24 17:41:23","openaq_v3_api"
"PROJ_213","openaq",NA,3409482,"Bandra Kurla Complex, Mumbai - MPCB",NA,"Mumbai","Maharashtra","station_name_city_component","high",NA,"Mumbai","exact_city","India",19.065931,72.862131,"Asia/Kolkata","2025-02-18T20:15:00Z","2026-09-21T15:30:00Z","CPCB","Maharashtra Pollution Control Board",6,6,"2026-09-24 17:41:23","openaq_v3_api"
"PROJ_214","openaq",NA,3409483,"Chembur, Mumbai - MPCB",NA,"Mumbai","Maharashtra","station_name_city_component","high",NA,"Mumbai","exact_city","India",19.0364585,72.8954371,"Asia/Kolkata","2025-02-18T20:15:00Z","2026-09-21T15:30:00Z","CPCB","Maharashtra Pollution Control Board",6,6,"2026-09-24 17:41:23","openaq_v3_api"
"PROJ_215","openaq",NA,3409486,"Kherwadi_Bandra East, Mumbai - MPCB",NA,"Mumbai","Maharashtra","station_name_city_component","high",NA,"Mumbai","exact_city","India",19.0632143,72.8456324,"Asia/Kolkata","2025-02-18T20:15:00Z","2026-09-21T15:30:00Z","CPCB","Maharashtra Pollution Control Board",6,6,"2026-09-24 17:41:23","openaq_v3_api"
"PROJ_216","openaq",NA,3409496,"New Moti Bagh, Delhi - MHUA",NA,"Delhi","Delhi","station_name_city_component","high",NA,"Delhi","exact_city","India",28.57834,77.184,"Asia/Kolkata","2026-03-10T10:30:00Z","2026-06-13T09:15:00Z","CPCB","OpenAQ admin",3,3,"2026-09-24 17:41:23","openaq_v3_api"
"PROJ_217","openaq",NA,3409510,"Byculla, Mumbai - BMC",NA,"Mumbai","Maharashtra","station_name_city_component","high",NA,"Mumbai","exact_city","India",18.9767,72.838,"Asia/Kolkata","2025-02-18T20:15:00Z","2026-09-21T15:30:00Z","CPCB","Brihanmumbai Municipal Corporation",6,6,"2026-09-24 17:41:23","openaq_v3_api"
"PROJ_218","openaq",NA,3409511,"Shivaji Nagar, Mumbai - BMC",NA,"Mumbai","Maharashtra","station_name_city_component","high",NA,"Mumbai","exact_city","India",19.060498,72.923356,"Asia/Kolkata","2025-02-18T20:15:00Z","2026-09-21T15:30:00Z","CPCB","Brihanmumbai Municipal Corporation",6,6,"2026-09-24 17:41:23","openaq_v3_api"
"PROJ_219","openaq",NA,3409512,"Kandivali West, Mumbai - BMC",NA,"Mumbai","Maharashtra","station_name_city_component","high",NA,"Mumbai","exact_city","India",19.215859,72.831718,"Asia/Kolkata","2025-02-18T20:15:00Z","2026-09-21T15:30:00Z","CPCB","Brihanmumbai Municipal Corporation",6,6,"2026-09-24 17:41:23","openaq_v3_api"
"PROJ_220","openaq",NA,3409513,"Sewri, Mumbai - BMC",NA,"Mumbai","Maharashtra","station_name_city_component","high",NA,"Mumbai","exact_city","India",19.000084,72.85673,"Asia/Kolkata","2025-02-18T20:45:00Z","2026-09-21T15:30:00Z","CPCB","Brihanmumbai Municipal Corporation",6,6,"2026-09-24 17:41:23","openaq_v3_api"
"PROJ_221","openaq",NA,3409514,"Ghatkopar, Mumbai - BMC",NA,"Mumbai","Maharashtra","station_name_city_component","high",NA,"Mumbai","exact_city","India",19.083694,72.920967,"Asia/Kolkata","2025-02-18T20:15:00Z","2026-09-21T15:30:00Z","CPCB","Brihanmumbai Municipal Corporation",6,6,"2026-09-24 17:41:23","openaq_v3_api"
"PROJ_222","openaq",NA,3409523,"Bhumkar Nagar, Pune - IITM",NA,"Pune","Maharashtra","station_name_city_component","high",NA,"Pune","exact_city","India",18.60577,73.749976,"Asia/Kolkata","2025-02-18T20:15:00Z","2026-09-21T15:30:00Z","CPCB","Indian Institute of Tropical Meteorology",5,5,"2026-09-24 17:41:23","openaq_v3_api"
"PROJ_223","openaq",NA,3409526,"Panchawati_Pashan, Pune - IITM",NA,"Pune","Maharashtra","station_name_city_component","high",NA,"Pune","exact_city","India",18.536457,73.805454,"Asia/Kolkata","2025-02-18T20:15:00Z","2026-09-21T15:30:00Z","CPCB","Indian Institute of Tropical Meteorology",5,5,"2026-09-24 17:41:23","openaq_v3_api"
"PROJ_224","openaq",NA,3410005,"Dhankawadi, Pune - IITM",NA,"Pune","Maharashtra","station_name_city_component","high",NA,"Pune","exact_city","India",18.459883,73.852193,"Asia/Kolkata","2025-02-18T20:15:00Z","2026-09-21T15:30:00Z","N/A","OpenAQ admin",5,5,"2026-09-24 17:41:23","openaq_v3_api"
"PROJ_225","openaq",NA,4720578,"Hyderabad",NA,"Hyderabad","Telangana","name_only_fallback","low",NA,NA,"exact_city","India",17.492676,78.405394,"Asia/Kolkata","2025-06-13T03:00:00Z","2025-07-07T05:00:00Z","AirGradient","AirGradient",1,1,"2026-09-24 17:41:23","openaq_v3_api"
"PROJ_226","openaq",NA,6112064,"VNIT NAGPUR",NA,"Nagpur","Maharashtra","name_only_fallback","low",NA,NA,"exact_city","India",21.123229,79.052856,"Asia/Kolkata","2025-10-29T12:00:00Z","2026-09-19T18:00:00Z","AirGradient","AirGradient",1,1,"2026-09-24 17:41:23","openaq_v3_api"
"PROJ_227","openaq",NA,6148686,"IIT Delhi, Delhi - IITM",NA,"Delhi","Delhi","station_name_city_component","high",NA,"Delhi","exact_city","India",28.54246,77.191651,"Asia/Kolkata","2025-12-01T11:30:00Z","2026-09-21T15:30:00Z","N/A","OpenAQ admin",5,5,"2026-09-24 17:41:23","openaq_v3_api"
"PROJ_228","openaq",NA,6254594,"Talkatora Garden, Delhi - DPCC",NA,"Delhi","Delhi","station_name_city_component","high",NA,"Delhi","exact_city","India",28.62181,77.1944633,"Asia/Kolkata","2026-02-27T15:30:00Z","2026-09-21T15:30:00Z","N/A","OpenAQ admin",6,6,"2026-09-24 17:41:23","openaq_v3_api"
"PROJ_229","openaq",NA,6254663,"JNU, Delhi - DPCC",NA,"Delhi","Delhi","station_name_city_component","high",NA,"Delhi","exact_city","India",28.540721,77.168544,"Asia/Kolkata","2026-02-27T17:00:00Z","2026-09-21T15:30:00Z","N/A","OpenAQ admin",6,6,"2026-09-24 17:41:23","openaq_v3_api"
"PROJ_230","openaq",NA,6254664,"NSUT Jaffarpur, Delhi - DPCC",NA,"Delhi","Delhi","station_name_city_component","high",NA,"Delhi","exact_city","India",28.594004,76.909423,"Asia/Kolkata","2026-02-27T17:00:00Z","2026-09-21T15:30:00Z","N/A","OpenAQ admin",6,6,"2026-09-24 17:41:23","openaq_v3_api"
"PROJ_231","openaq",NA,6254665,"Commonwealth Sports Complex, Delhi - DPCC",NA,"Delhi","Delhi","station_name_city_component","high",NA,"Delhi","exact_city","India",28.615828,77.271992,"Asia/Kolkata","2026-02-27T17:00:00Z","2026-09-21T15:30:00Z","N/A","OpenAQ admin",6,6,"2026-09-24 17:41:23","openaq_v3_api"
"PROJ_232","openaq",NA,6254666,"IGNOU_Maidan Garhi, Delhi - DPCC",NA,"Delhi","Delhi","station_name_city_component","high",NA,"Delhi","exact_city","India",28.493624,77.201159,"Asia/Kolkata","2026-02-27T16:45:00Z","2026-09-21T15:30:00Z","N/A","OpenAQ admin",6,6,"2026-09-24 17:41:23","openaq_v3_api"
"PROJ_233","openaq",NA,6257818,"Cantonment Area, Delhi - DPCC",NA,"Delhi","Delhi","station_name_city_component","high",NA,"Delhi","exact_city","India",28.594169,77.1251,"Asia/Kolkata","2026-03-02T13:00:00Z","2026-09-21T15:30:00Z","N/A","OpenAQ admin",6,6,"2026-09-24 17:41:23","openaq_v3_api"
"PROJ_234","openaq",NA,6514356,"Malleswaram, Bangalore ",NA,"Bengaluru","Karnataka","station_name_city_component","high","Bangalore","Bangalore","verified_alias_same_city","India",13.00074,77.56952,"Asia/Kolkata","2026-08-30T06:00:00Z","2026-08-30T06:00:00Z","AirGradient","AirGradient",1,1,"2026-09-24 17:41:24","openaq_v3_api"
