"timestamp_utc","project_station_id","sensor_id","pollutant","start_date","end_date","http_status","records_received"
"2026-09-27T08:36:47Z","PROJ_002","12234785","o3","2026-09-22","2026-09-26",200,60
"2026-09-27T08:36:49Z","PROJ_002","12234787","pm2_5","2026-09-22","2026-09-26",200,66
"2026-09-27T08:36:51Z","PROJ_002","12234786","pm10","2026-09-22","2026-09-26",200,66
"2026-09-27T08:36:53Z","PROJ_007","12235581","o3","2026-09-22","2026-09-26",200,66
"2026-09-27T08:36:56Z","PROJ_007","12235583","pm2_5","2026-09-22","2026-09-26",200,66
"2026-09-27T08:36:58Z","PROJ_007","12235582","pm10","2026-09-22","2026-09-26",200,66
"2026-09-27T08:37:00Z","PROJ_019","12235653","pm2_5","2026-09-22","2026-09-26",200,64
"2026-09-27T08:37:01Z","PROJ_019","12235652","pm10","2026-09-22","2026-09-26",200,64
"2026-09-27T08:37:04Z","PROJ_019","12235651","o3","2026-09-22","2026-09-26",200,66
"2026-09-27T08:37:05Z","PROJ_036","12235400","pm2_5","2026-09-22","2026-09-26",200,24
"2026-09-27T08:37:08Z","PROJ_036","12235399","pm10","2026-09-22","2026-09-26",200,24
"2026-09-27T08:37:09Z","PROJ_036","12235398","o3","2026-09-22","2026-09-26",200,28
"2026-09-27T08:37:11Z","PROJ_042","12235625","pm10","2026-09-22","2026-09-26",200,65
"2026-09-27T08:37:13Z","PROJ_042","12235626","pm2_5","2026-09-22","2026-09-26",200,66
"2026-09-27T08:37:15Z","PROJ_042","12235624","o3","2026-09-22","2026-09-26",200,66
"2026-09-27T08:37:17Z","PROJ_044","12242119","o3","2026-09-22","2026-09-26",200,66
"2026-09-27T08:37:19Z","PROJ_044","12242121","pm2_5","2026-09-22","2026-09-26",200,66
"2026-09-27T08:37:21Z","PROJ_044","12242120","pm10","2026-09-22","2026-09-26",200,66
"2026-09-27T08:37:22Z","PROJ_048","12235460","pm2_5","2026-09-22","2026-09-26",200,61
"2026-09-27T08:37:25Z","PROJ_048","12235458","o3","2026-09-22","2026-09-26",200,66
"2026-09-27T08:37:27Z","PROJ_048","12235459","pm10","2026-09-22","2026-09-26",200,65
"2026-09-27T08:37:29Z","PROJ_050","12235670","pm10","2026-09-22","2026-09-26",200,63
"2026-09-27T08:37:31Z","PROJ_050","12235671","pm2_5","2026-09-22","2026-09-26",200,63
"2026-09-27T08:37:32Z","PROJ_050","12235669","o3","2026-09-22","2026-09-26",200,66
"2026-09-27T08:37:34Z","PROJ_051","12234804","pm10","2026-09-22","2026-09-26",200,66
"2026-09-27T08:37:36Z","PROJ_051","12234805","pm2_5","2026-09-22","2026-09-26",200,66
"2026-09-27T08:37:38Z","PROJ_051","12234803","o3","2026-09-22","2026-09-26",200,66
"2026-09-27T08:37:40Z","PROJ_063","12235521","pm10","2026-09-22","2026-09-26",200,60
"2026-09-27T08:37:41Z","PROJ_063","12235520","o3","2026-09-22","2026-09-26",200,66
"2026-09-27T08:37:43Z","PROJ_063","12235522","pm2_5","2026-09-22","2026-09-26",200,60
"2026-09-27T08:37:45Z","PROJ_092","12235834","pm2_5","2026-09-22","2026-09-26",200,66
"2026-09-27T08:37:47Z","PROJ_092","12235833","pm10","2026-09-22","2026-09-26",200,66
"2026-09-27T08:37:49Z","PROJ_092","12235832","o3","2026-09-22","2026-09-26",200,66
"2026-09-27T08:37:52Z","PROJ_101","12235266","pm10","2026-09-22","2026-09-26",200,66
"2026-09-27T08:37:53Z","PROJ_101","12235267","pm2_5","2026-09-22","2026-09-26",200,66
"2026-09-27T08:37:55Z","PROJ_101","12235265","o3","2026-09-22","2026-09-26",200,66
"2026-09-27T08:37:58Z","PROJ_133","12236100","o3","2026-09-22","2026-09-26",200,66
"2026-09-27T08:37:59Z","PROJ_133","12236101","pm10","2026-09-22","2026-09-26",200,66
"2026-09-27T08:38:01Z","PROJ_133","12236102","pm2_5","2026-09-22","2026-09-26",200,66
"2026-09-27T08:38:04Z","PROJ_142","12235760","pm10","2026-09-22","2026-09-26",200,63
"2026-09-27T08:38:06Z","PROJ_142","12235759","o3","2026-09-22","2026-09-26",200,66
"2026-09-27T08:38:09Z","PROJ_142","12235761","pm2_5","2026-09-22","2026-09-26",200,64
"2026-09-27T08:38:10Z","PROJ_144","12236019","o3","2026-09-22","2026-09-26",200,66
"2026-09-27T08:38:12Z","PROJ_144","12236021","pm2_5","2026-09-22","2026-09-26",200,66
"2026-09-27T08:38:14Z","PROJ_144","12236020","pm10","2026-09-22","2026-09-26",200,66
"2026-09-27T08:38:17Z","PROJ_158","12236463","pm2_5","2026-09-22","2026-09-26",200,66
"2026-09-27T08:38:19Z","PROJ_158","12236461","o3","2026-09-22","2026-09-26",200,66
"2026-09-27T08:38:21Z","PROJ_158","12236462","pm10","2026-09-22","2026-09-26",200,66
"2026-09-27T08:38:23Z","PROJ_179","12237096","o3","2026-09-22","2026-09-26",200,61
"2026-09-27T08:38:25Z","PROJ_179","12237097","pm10","2026-09-22","2026-09-26",200,57
"2026-09-27T08:38:28Z","PROJ_179","12237098","pm2_5","2026-09-22","2026-09-26",200,57
"2026-09-27T08:38:30Z","PROJ_180","12237125","pm2_5","2026-09-22","2026-09-26",200,66
"2026-09-27T08:38:32Z","PROJ_180","12237124","pm10","2026-09-22","2026-09-26",200,66
"2026-09-27T08:38:33Z","PROJ_180","12237123","o3","2026-09-22","2026-09-26",200,66
"2026-09-27T08:38:35Z","PROJ_181","12237114","o3","2026-09-22","2026-09-26",200,57
"2026-09-27T08:38:37Z","PROJ_181","12237115","pm10","2026-09-22","2026-09-26",200,53
"2026-09-27T08:38:39Z","PROJ_181","12237116","pm2_5","2026-09-22","2026-09-26",200,53
"2026-09-27T08:38:41Z","PROJ_186","12237088","pm10","2026-09-22","2026-09-26",200,66
"2026-09-27T08:38:42Z","PROJ_186","12237089","pm2_5","2026-09-22","2026-09-26",200,66
"2026-09-27T08:38:44Z","PROJ_186","12237087","o3","2026-09-22","2026-09-26",200,66
"2026-09-27T08:38:46Z","PROJ_094","12235885","o3","2026-09-22","2026-09-26",200,66
"2026-09-27T08:38:48Z","PROJ_094","12235886","pm10","2026-09-22","2026-09-26",200,66
"2026-09-27T08:38:50Z","PROJ_094","12235887","pm2_5","2026-09-22","2026-09-26",200,66
