project_station_id,station_name,city,date,season,pm2_5_aqi_input,pm10_aqi_input,o3_8h_max,temperature,humidity,wind_speed,aqi_verified,aqi_category,dominant_pollutant,PC1,PC2,PC3,PC4,PC5,PC6,pca_fit_period,assigned_cluster,distance_to_assigned_centroid,centroid_distance_percentile
PROJ_002,"R K Puram, Delhi - DPCC",Delhi,2026-09-03,Monsoon,31,78,29,28.2833333333333,83.25,1.55708333333333,78,Satisfactory,pm10,0.6076034331065825,-0.5518006818951571,1.025560418339048,0.4473373783931871,-0.4593607482098904,0.2792254406532875,MODELING_HISTORY,Cluster 3,1.1944106361185023,0.4232299124900557
PROJ_002,"R K Puram, Delhi - DPCC",Delhi,2026-09-04,Monsoon,30,67,33,27.8083333333333,87,1.65791666666667,66,Satisfactory,pm10,0.7608833165675566,-0.6537124692091318,1.0278904485333842,0.22009410468617605,-0.550471513771759,0.21043589426790676,MODELING_HISTORY,Cluster 3,1.119309401308649,0.36966321930522406
PROJ_002,"R K Puram, Delhi - DPCC",Delhi,2026-09-05,Monsoon,31,50,11,26.4625,92.5,1.73416666666667,50,Good,"pm10,pm2_5",1.1782404843266954,-1.2406013894623236,0.9153614506923956,0.4667522577397956,-0.3676058065146338,0.06004018565999697,MODELING_HISTORY,Cluster 3,1.3714788733663215,0.5568814638027049
PROJ_002,"R K Puram, Delhi - DPCC",Delhi,2026-09-06,Monsoon,42,71,8,25.6958333333333,92.25,1.58333333333333,70,Satisfactory,pm10,0.8005076584618815,-1.4920290118656871,0.855930468347842,0.5876652716225228,-0.3475144946507349,0.11617409461201586,MODELING_HISTORY,Cluster 3,1.563381000190818,0.6799257491381596
PROJ_002,"R K Puram, Delhi - DPCC",Delhi,2026-09-10,Monsoon,38,158,50,30.3083333333333,66.375,2.08833333333333,138,Moderately Polluted,pm10,-0.43558311558314655,0.4401481229854952,0.2342564492797038,0.39902748698854507,-0.46171775868014264,0.8587131428239994,MODELING_HISTORY,Cluster 2,1.126897991171833,0.2261904761904762
PROJ_002,"R K Puram, Delhi - DPCC",Delhi,2026-09-11,Monsoon,43,123,47,28.45,81.8333333333333,1.79333333333333,115,Moderately Polluted,pm10,-0.0521779937049415,-0.36177319956621606,0.643055533920857,0.16629215464952085,-0.7441299255934776,0.5726510115643597,MODELING_HISTORY,Cluster 3,1.2534373361391842,0.4672500662954124
PROJ_002,"R K Puram, Delhi - DPCC",Delhi,2026-09-12,Monsoon,25,64,48,28.7,83.25,1.84041666666667,63,Satisfactory,pm10,0.7334998616893813,-0.18032803426209815,0.9934994272869186,-0.06665398051006977,-0.6279314013861254,0.21147939574430513,MODELING_HISTORY,Cluster 3,1.041556240660604,0.3068151683903474
PROJ_002,"R K Puram, Delhi - DPCC",Delhi,2026-09-13,Monsoon,25,71,85,29.4791666666667,76.2916666666667,2.41041666666667,85,Satisfactory,o3,0.4088777811589258,0.6394188823282476,0.6569375358207372,-0.8940877639000523,-0.8458920142025378,0.1938427487070857,MODELING_HISTORY,Cluster 3,1.6081338173528803,0.7077698223282949
PROJ_002,"R K Puram, Delhi - DPCC",Delhi,2026-09-14,Monsoon,31,79,88,28.9416666666667,77.625,2.48041666666667,88,Satisfactory,o3,0.2601682721747838,0.521485522531733,0.5395210667895799,-1.0049502069525662,-0.9140984503498928,0.19928623072962,MODELING_HISTORY,Cluster 3,1.6304914754009492,0.720763723150358
PROJ_002,"R K Puram, Delhi - DPCC",Delhi,2026-09-15,Monsoon,47,99,60,29.4375,71.875,1.55375,99,Satisfactory,pm10,-0.2393148372968807,0.18513214535159953,0.9672491819218472,0.08811029253851105,-0.6602247295927031,0.13977999816499892,MODELING_HISTORY,Cluster 2,1.6347732617949156,0.6462585034013606
PROJ_002,"R K Puram, Delhi - DPCC",Delhi,2026-09-16,Monsoon,27,93,55,31.2,64.75,0.943333333333333,93,Satisfactory,pm10,-0.14169775353585118,0.6288132041022124,1.6121311842521109,0.5096886747853029,-0.3888117864711282,0.32145713869698,MODELING_HISTORY,Cluster 2,1.890408636965017,0.7743764172335601
PROJ_002,"R K Puram, Delhi - DPCC",Delhi,2026-09-17,Monsoon,38,125,53,29.1708333333333,68.75,1.6275,116,Moderately Polluted,pm10,-0.32522690189427783,0.19630910078315528,0.7944548873652705,0.2352336803595877,-0.3938289067487434,0.5164545677010621,MODELING_HISTORY,Cluster 2,1.5219026965958375,0.564625850340136
PROJ_002,"R K Puram, Delhi - DPCC",Delhi,2026-09-18,Monsoon,31,118,53,28.1666666666667,72.375,1.66208333333333,111,Moderately Polluted,pm10,-0.134552909158461,-0.00469623719130177,0.8488678024014926,0.03801244071596652,-0.32427009154416786,0.5735126715752231,MODELING_HISTORY,Cluster 3,1.4626797601348658,0.62264651286131
PROJ_002,"R K Puram, Delhi - DPCC",Delhi,2026-09-19,Monsoon,61,177,43,28.9708333333333,68.7083333333333,1.06208333333333,151,Moderately Polluted,pm10,-1.1697940379914933,-0.2235297520754841,0.845163279278245,0.8117485579484491,-0.5086852146825169,0.7562907039182944,MODELING_HISTORY,Cluster 1,1.8972440313279997,0.6249008723235527
PROJ_002,"R K Puram, Delhi - DPCC",Delhi,2026-09-20,Monsoon,89,195,72,29.7291666666667,65.3333333333333,0.731666666666667,197,Moderately Polluted,pm2_5,-2.1021508907933466,0.07906178547993742,1.0233285125791256,0.530124445735513,-1.0146189403722363,0.5073243224569366,MODELING_HISTORY,Cluster 1,1.8250158848311466,0.5995241871530531
PROJ_007,"Zoo Park, Hyderabad - TSPCB",Hyderabad,2026-09-01,Monsoon,15,28,4,26.8666666666667,66.375,3.3875,28,Good,pm10,1.7178392805948224,-0.1231358113833719,-0.4668248041021292,0.29438041133956105,0.6596581819141006,-0.30081927713566836,MODELING_HISTORY,Cluster 3,0.9028163988506999,0.20949350304958897
PROJ_007,"Zoo Park, Hyderabad - TSPCB",Hyderabad,2026-09-02,Monsoon,12,23,4,27.4875,63.5416666666667,2.88166666666667,23,Good,pm10,1.6087267290688494,-0.00426725466498685,0.00642768001917798,0.4959049257627658,0.72237039091467,-0.3275211605870173,MODELING_HISTORY,Cluster 3,0.8083927648611384,0.15035799522673032
PROJ_007,"Zoo Park, Hyderabad - TSPCB",Hyderabad,2026-09-03,Monsoon,12,22,4,25.8583333333333,72.6666666666667,3.29708333333333,22,Good,pm10,1.8559383870129769,-0.44681527753321393,-0.32346923777619624,0.13129827391466775,0.6044496970110316,-0.2560820988859871,MODELING_HISTORY,Cluster 3,0.9127789782659214,0.21506231768761602
PROJ_007,"Zoo Park, Hyderabad - TSPCB",Hyderabad,2026-09-04,Monsoon,17,33,4,27.4791666666667,64.875,3.09083333333333,33,Good,pm10,1.5485234160366068,-0.05149127487546744,-0.24598675666773184,0.474589035900809,0.619959733538978,-0.27923628861010813,MODELING_HISTORY,Cluster 3,0.7771793628900024,0.13126491646778043
PROJ_007,"Zoo Park, Hyderabad - TSPCB",Hyderabad,2026-09-05,Monsoon,21,39,4,28.0833333333333,61.6666666666667,2.70875,39,Good,pm10,1.2859239392791268,0.04230163097253512,0.0234784086615466,0.7007698214997774,0.6227703513987478,-0.29652326221661973,MODELING_HISTORY,Cluster 3,0.7987704322380348,0.145319543887563
PROJ_007,"Zoo Park, Hyderabad - TSPCB",Hyderabad,2026-09-06,Monsoon,21,40,4,28.0416666666667,64.1666666666667,2.505,40,Good,pm10,1.2552231409233283,-0.0695272440846864,0.20641958002142413,0.7346242063608257,0.5468836832090112,-0.2503651471169673,MODELING_HISTORY,Cluster 3,0.799730962459941,0.1458499071864227
PROJ_007,"Zoo Park, Hyderabad - TSPCB",Hyderabad,2026-09-07,Monsoon,17,32,4,26.7416666666667,75.0833333333333,2.2975,32,Good,pm10,1.4587054880372148,-0.5816201624171623,0.48451156857303457,0.5269632134123383,0.38351980785967993,-0.1562351445186213,MODELING_HISTORY,Cluster 3,0.8521841943160529,0.17873243171572528
PROJ_007,"Zoo Park, Hyderabad - TSPCB",Hyderabad,2026-09-08,Monsoon,16,31,4,27.9416666666667,65.125,2.975,31,Good,pm10,1.5631692251133946,8.650771545182234e-5,-0.12493877798923404,0.5469314546490539,0.5671071743970024,-0.27379420220856293,MODELING_HISTORY,Cluster 3,0.8193555543659884,0.1575178997613365
PROJ_007,"Zoo Park, Hyderabad - TSPCB",Hyderabad,2026-09-10,Monsoon,26,49,3,28.0041666666667,64.0416666666667,3.15083333333333,49,Good,pm10,1.3265150558941865,-0.02068798024050291,-0.4325385435356928,0.6237374173836274,0.49705688331269776,-0.2405742955445512,MODELING_HISTORY,Cluster 3,0.8469040568785589,0.1752850702731371
PROJ_007,"Zoo Park, Hyderabad - TSPCB",Hyderabad,2026-09-11,Monsoon,26,49,3,27.5458333333333,64.9583333333333,2.85666666666667,49,Good,pm10,1.2312230278885532,-0.161740328276842,-0.17765374334717046,0.6441870369693411,0.5301819441231633,-0.2301002038058949,MODELING_HISTORY,Cluster 3,0.6845535669838799,0.09122248740387165
PROJ_007,"Zoo Park, Hyderabad - TSPCB",Hyderabad,2026-09-12,Monsoon,34,65,3,26.1833333333333,74.875,2.26583333333333,64,Satisfactory,pm10,0.9271817926459728,-0.8097826461446775,0.2429381031948198,0.6489248222203563,0.2916004435195769,-0.05632484904391775,MODELING_HISTORY,Cluster 3,0.822044489733067,0.15884380800848583
PROJ_007,"Zoo Park, Hyderabad - TSPCB",Hyderabad,2026-09-13,Monsoon,31,59,3,25.6,77.7083333333333,1.96333333333333,58,Satisfactory,pm10,0.9501134911412312,-1.0026123071513413,0.5585959007302499,0.6161085133982375,0.3067110703001155,-0.04469812701114209,MODELING_HISTORY,Cluster 3,1.0525840154591541,0.31609652612039246
PROJ_007,"Zoo Park, Hyderabad - TSPCB",Hyderabad,2026-09-14,Monsoon,26,50,3,25.4,80,1.40541666666667,50,Good,pm10,0.9470250234839588,-1.1474924857223996,1.1231040937393768,0.6831048179637259,0.3191741206587033,-0.03221502629262085,MODELING_HISTORY,Cluster 3,1.532984774600793,0.664280031821798
PROJ_007,"Zoo Park, Hyderabad - TSPCB",Hyderabad,2026-09-15,Monsoon,33,66,4,27.4833333333333,68.5833333333333,1.81208333333333,65,Satisfactory,pm10,0.7100862577204144,-0.4874738418542458,0.6280789209354404,0.938839123350974,0.35472518453838114,-0.08140086370177306,MODELING_HISTORY,Cluster 3,1.1477752038968778,0.390612569610183
PROJ_007,"Zoo Park, Hyderabad - TSPCB",Hyderabad,2026-09-16,Monsoon,36,69,3,28.4125,65.7916666666667,1.84458333333333,68,Satisfactory,pm10,0.6492329009467993,-0.29481822268793223,0.5570248813828422,1.0984796195733075,0.312969397481188,-0.11466270425756615,MODELING_HISTORY,Cluster 3,1.2491062110316478,0.46459824980111375
PROJ_007,"Zoo Park, Hyderabad - TSPCB",Hyderabad,2026-09-17,Monsoon,19,37,3,29.0083333333333,62.4166666666667,2.05958333333333,37,Good,pm10,1.1772228742088868,0.05955431044876976,0.6141052660797692,0.9825448528733738,0.5265694078824151,-0.2519025528507948,MODELING_HISTORY,Cluster 3,1.1934246866696259,0.42269954919119596
PROJ_007,"Zoo Park, Hyderabad - TSPCB",Hyderabad,2026-09-19,Monsoon,18,35,3,27.8666666666667,72.5833333333333,1.38458333333333,35,Good,pm10,1.1313990467551185,-0.5041628307904857,1.2492805392633266,0.9510018474086294,0.3489223690846752,-0.1341107407274871,MODELING_HISTORY,Cluster 3,1.5552052855667686,0.6764783876955714
PROJ_007,"Zoo Park, Hyderabad - TSPCB",Hyderabad,2026-09-20,Monsoon,29,55,3,27.1541666666667,73.7916666666667,1.28041666666667,54,Satisfactory,pm10,0.7773656816406389,-0.7476766820675489,1.1778602794198831,0.9853059986330186,0.2844708911169139,-0.0711709514505055,MODELING_HISTORY,Cluster 3,1.583033693786623,0.6939803765579422
PROJ_019,"Manali, Chennai - CPCB",Chennai,2026-09-01,Monsoon,17,67,11,30.8416666666667,67.7916666666667,2.58166666666667,66,Satisfactory,pm10,1.2003290580927153,0.33076800110281473,0.13079108502657472,0.8890322185743232,0.02508443608611438,0.1927499614530313,MODELING_HISTORY,Cluster 3,1.091139925010505,0.3465924158048263
PROJ_019,"Manali, Chennai - CPCB",Chennai,2026-09-02,Monsoon,18,71,11,30.7,67.5833333333333,3.08166666666667,70,Satisfactory,pm10,1.3048525793456869,0.3839213329548389,-0.3288192274651247,0.754042442649923,0.0256102011856002,0.2071171383587992,MODELING_HISTORY,Cluster 3,1.0945421622217075,0.3511005038451339
PROJ_019,"Manali, Chennai - CPCB",Chennai,2026-09-03,Monsoon,19,58,10,30.4958333333333,69.0833333333333,2.79,57,Satisfactory,pm10,1.339848358851109,0.2599245516527886,-0.02718683000588154,0.795959229586101,0.01621970010882143,0.07090544201825101,MODELING_HISTORY,Cluster 3,1.0049831493313184,0.2832140015910899
PROJ_019,"Manali, Chennai - CPCB",Chennai,2026-09-09,Monsoon,18,94,13,31.5458333333333,66.4166666666667,2.64958333333333,94,Satisfactory,pm10,0.9570920674736522,0.4760566575084403,-0.04038366230134463,0.9809909163426654,-0.06400265678495572,0.4669387930283941,MODELING_HISTORY,Cluster 3,1.2343225045555697,0.45505171042163883
PROJ_019,"Manali, Chennai - CPCB",Chennai,2026-09-10,Monsoon,20,91,15,29.9708333333333,75.2083333333333,2.74791666666667,91,Satisfactory,pm10,1.0706258403684437,0.01438477900767922,-0.08974862862793634,0.6698798411892284,-0.20471484560745157,0.489100931983358,MODELING_HISTORY,Cluster 3,0.720964207922934,0.10607265977194379
PROJ_019,"Manali, Chennai - CPCB",Chennai,2026-09-12,Monsoon,21,72,9,30.05,79.3333333333333,3.28,71,Satisfactory,pm10,1.5287570301772082,-0.06547968497165686,-0.4903925503615528,0.6020674277297725,-0.3093113006338628,0.3089247628556882,MODELING_HISTORY,Cluster 3,0.9417488865426686,0.23335985149827632
PROJ_019,"Manali, Chennai - CPCB",Chennai,2026-09-13,Monsoon,11,53,12,29.4416666666667,80.2916666666667,2.6025,52,Satisfactory,pm10,1.5708482979370904,-0.17731079928034432,0.26230827402943707,0.552068640055665,-0.17217042730893906,0.2643707036378263,MODELING_HISTORY,Cluster 3,0.8066478094312849,0.14956245027844073
PROJ_019,"Manali, Chennai - CPCB",Chennai,2026-09-15,Monsoon,18,67,13,29.7083333333333,75.9583333333333,2.01208333333333,66,Satisfactory,pm10,1.0904552461561254,-0.14833684581416146,0.6551604020555272,0.8137119315859657,-0.12592173323279746,0.2750513683733441,MODELING_HISTORY,Cluster 3,1.0257250667990683,0.2972686290108724
PROJ_019,"Manali, Chennai - CPCB",Chennai,2026-09-16,Monsoon,20,76,14,29.95,75.0416666666667,2.25458333333333,76,Satisfactory,pm10,1.0475440119797572,-0.05733315495838886,0.39631833683689177,0.7897263408708877,-0.164535728819324,0.331453826975222,MODELING_HISTORY,Cluster 3,0.8845283779990561,0.19782551047467514
PROJ_019,"Manali, Chennai - CPCB",Chennai,2026-09-17,Monsoon,25,98,14,30.8708333333333,69.375,2.46791666666667,98,Satisfactory,pm10,0.7923102078597963,0.2263524730605997,0.06550230220959931,0.9506104622536428,-0.15233896237199,0.43732598127085887,MODELING_HISTORY,Cluster 3,1.087007483910931,0.34500132590824717
PROJ_019,"Manali, Chennai - CPCB",Chennai,2026-09-18,Monsoon,19,85,18,30.4208333333333,72.625,2.05291666666667,85,Satisfactory,pm10,0.8531132651987413,0.09392191858738284,0.5551139359041298,0.8407391282632861,-0.16967052069279384,0.42534150082167216,MODELING_HISTORY,Cluster 3,1.0673536819530327,0.32988597189074514
PROJ_019,"Manali, Chennai - CPCB",Chennai,2026-09-19,Monsoon,14,62,14,29.8916666666667,75.5,2.58291666666667,61,Satisfactory,pm10,1.3586648850295908,0.02187130247203637,0.2143224130704156,0.6325503813317153,-0.11628019650900348,0.2649640890371651,MODELING_HISTORY,Cluster 3,0.7903896488215558,0.13975072924953594
PROJ_019,"Manali, Chennai - CPCB",Chennai,2026-09-20,Monsoon,12,57,14,29.1875,75.6666666666667,3.13791666666667,56,Satisfactory,pm10,1.5837498512363333,0.01575617285996261,-0.23713549271413564,0.3824790938006614,-0.02595692571658629,0.2199029095908941,MODELING_HISTORY,Cluster 3,0.7791016490550794,0.13259082471492972
PROJ_042,"Opp GPO Civil Lines, Nagpur - MPCB",Nagpur,2026-09-01,Monsoon,22,47,12,26.9916666666667,73.2916666666667,3.64708333333333,47,Good,pm10,1.6000258322688916,-0.23543707806106076,-0.743737461860325,0.08375426013225107,0.2506254777806904,-0.1128472491161865,MODELING_HISTORY,Cluster 3,0.9538033182914885,0.2421108459294617
PROJ_042,"Opp GPO Civil Lines, Nagpur - MPCB",Nagpur,2026-09-02,Monsoon,17,36,10,25.7875,79.2916666666667,3.20833333333333,36,Good,pm10,1.7014819397783565,-0.6400075981537747,-0.2778565556152119,0.01852173277905122,0.27854934807557635,-0.09276173064797948,MODELING_HISTORY,Cluster 3,0.8059413593672512,0.149032086979581
PROJ_042,"Opp GPO Civil Lines, Nagpur - MPCB",Nagpur,2026-09-03,Monsoon,16,29,9,24.8125,90.9166666666667,2.88,29,Good,pm10,1.852924829315276,-1.1733858057927748,0.08083432960520831,-0.08676754656545707,0.03445052745729017,-0.01573729799669129,MODELING_HISTORY,Cluster 3,1.2023087456898116,0.4290639087775126
PROJ_042,"Opp GPO Civil Lines, Nagpur - MPCB",Nagpur,2026-09-04,Monsoon,18,33,9,25.0458333333333,86.4166666666667,3.31583333333333,33,Good,pm10,1.8601223961771831,-0.9554340280925662,-0.34551563626218407,-0.12609905349272232,0.12721710134391348,-0.0636708561012835,MODELING_HISTORY,Cluster 3,1.1239940980019028,0.3747016706443914
PROJ_042,"Opp GPO Civil Lines, Nagpur - MPCB",Nagpur,2026-09-05,Monsoon,18,37,13,25.5916666666667,84.625,2.99625,37,Good,pm10,1.6722792980614145,-0.8305887946812545,-0.06606871217747362,-0.04623759926566828,0.08865637490588764,-0.02833524289561282,MODELING_HISTORY,Cluster 3,0.8368275189445873,0.1699814372845399
PROJ_042,"Opp GPO Civil Lines, Nagpur - MPCB",Nagpur,2026-09-06,Monsoon,19,42,19,27.0333333333333,77.0416666666667,2.51166666666667,42,Good,pm10,1.3191642949231528,-0.41373841232321856,0.3391607022603742,0.18356470891622376,0.11200924642118323,-0.05368866475576905,MODELING_HISTORY,Cluster 3,0.47870423952632957,0.02360116679925749
PROJ_042,"Opp GPO Civil Lines, Nagpur - MPCB",Nagpur,2026-09-07,Monsoon,26,50,20,27.475,74.5416666666667,2.2675,50,Good,pm10,1.042207431658245,-0.3518352797352129,0.4676908265903983,0.3450936757496479,0.06949676588261244,-0.09009097327780966,MODELING_HISTORY,Cluster 3,0.5535607114196789,0.042429063908777515
PROJ_042,"Opp GPO Civil Lines, Nagpur - MPCB",Nagpur,2026-09-08,Monsoon,26,72,23,27.5458333333333,79.5416666666667,2.28208333333333,71,Satisfactory,pm10,0.9204628349501572,-0.4725463227536027,0.39943791857268207,0.2947803742173204,-0.1535181834539859,0.2159312838864784,MODELING_HISTORY,Cluster 3,0.5020174160380313,0.026783346592415803
PROJ_042,"Opp GPO Civil Lines, Nagpur - MPCB",Nagpur,2026-09-09,Monsoon,27,59,28,28.0833333333333,74.5416666666667,2.77625,58,Satisfactory,pm10,1.061929675512847,-0.10593355959626503,0.03220932887442152,0.12283776700676688,-0.10782004336279792,-0.00819436204315805,MODELING_HISTORY,Cluster 3,0.23362299292206296,0.0026518164942985947
PROJ_042,"Opp GPO Civil Lines, Nagpur - MPCB",Nagpur,2026-09-10,Monsoon,27,49,29,28.3208333333333,69.625,3.1875,49,Good,pm10,1.1917917736093933,0.15821876139380298,-0.294695239920028,0.03047798744116678,0.01823678899650122,-0.18549341890633403,MODELING_HISTORY,Cluster 3,0.5904010812030402,0.05409705648369133
PROJ_042,"Opp GPO Civil Lines, Nagpur - MPCB",Nagpur,2026-09-11,Monsoon,25,47,27,26.9125,79.75,2.90791666666667,47,Good,pm10,1.2946804414451882,-0.3988818842076489,-0.00953055795396717,-0.09671473742338436,-0.10695299446849432,-0.0649382543858545,MODELING_HISTORY,Cluster 3,0.31763143652786613,0.00477326968973747
PROJ_042,"Opp GPO Civil Lines, Nagpur - MPCB",Nagpur,2026-09-12,Monsoon,22,33,24,25.4833333333333,90.7083333333333,1.74583333333333,37,Good,pm2_5,1.2539545561404732,-1.1146973522273445,1.0970825864953024,-0.0048411605514185,-0.20951302230891145,-0.03362157974279792,MODELING_HISTORY,Cluster 3,1.3701587173098497,0.5558207372049854
PROJ_042,"Opp GPO Civil Lines, Nagpur - MPCB",Nagpur,2026-09-13,Monsoon,17,28,18,25.0791666666667,91.0833333333333,3.46333333333333,28,Good,"pm10,pm2_5",1.9644102940259536,-0.9502932300457652,-0.3724582522150707,-0.4137660190385377,-0.10988912293475656,-0.04882036396269901,MODELING_HISTORY,Cluster 3,1.2810364751083156,0.49217714134181917
PROJ_042,"Opp GPO Civil Lines, Nagpur - MPCB",Nagpur,2026-09-14,Monsoon,17,31,17,24.8791666666667,89.25,2.62166666666667,31,Good,pm10,1.6358399165271864,-1.0727586340121007,0.32830959641368007,-0.16790806674578815,0.00547612014707506,-0.02508523002947566,MODELING_HISTORY,Cluster 3,1.0458813296776883,0.30946698488464597
PROJ_042,"Opp GPO Civil Lines, Nagpur - MPCB",Nagpur,2026-09-15,Monsoon,25,47,23,26.6791666666667,84.2083333333333,1.15041666666667,47,Good,pm10,0.8378927191813659,-0.8835978941153502,1.5084035332038364,0.4053662446449642,-0.15016278286988932,0.02390399248276026,MODELING_HISTORY,Cluster 3,1.6547669161768144,0.7364094404667197
PROJ_042,"Opp GPO Civil Lines, Nagpur - MPCB",Nagpur,2026-09-16,Monsoon,27,62,18,27.9041666666667,78.0416666666667,1.09166666666667,61,Satisfactory,pm10,0.6441295419547037,-0.6142167826373054,1.4358330515285544,0.7597521975138679,-0.07391503474271713,0.10206374732892294,MODELING_HISTORY,Cluster 3,1.6693102152746275,0.7475470697427739
PROJ_042,"Opp GPO Civil Lines, Nagpur - MPCB",Nagpur,2026-09-17,Monsoon,22,47,10,27.9666666666667,80.0833333333333,1.21458333333333,47,Good,pm10,0.9937359367781764,-0.6907386894743827,1.3918371928500692,0.8413620262826091,-0.02480868644321815,0.037224318981032,MODELING_HISTORY,Cluster 3,1.6424092072743848,0.7287191726332538
PROJ_042,"Opp GPO Civil Lines, Nagpur - MPCB",Nagpur,2026-09-18,Monsoon,21,38,12,27.3166666666667,83.5,1.92291666666667,38,Good,pm10,1.3319486729608674,-0.7386811475814977,0.8444894624192296,0.4831668957249613,-0.08071058068896766,-0.02819629985966032,MODELING_HISTORY,Cluster 3,1.0819124386604806,0.3412887828162291
PROJ_042,"Opp GPO Civil Lines, Nagpur - MPCB",Nagpur,2026-09-19,Monsoon,15,32,13,27.6041666666667,82.5416666666667,0.960416666666667,32,Good,pm10,1.1350948357569697,-0.7652669263495149,1.749012534148729,0.7173412097221177,-0.01025066918281036,0.00638254420216072,MODELING_HISTORY,Cluster 3,1.9246246884547904,0.8573322726067356
PROJ_042,"Opp GPO Civil Lines, Nagpur - MPCB",Nagpur,2026-09-20,Monsoon,24,44,17,27.4541666666667,82,1.46666666666667,44,Good,pm10,1.0245408176908315,-0.7132210570360966,1.2169165362256742,0.5473501851516711,-0.11292386408719984,-0.0155459840821534,MODELING_HISTORY,Cluster 3,1.3695296347701806,0.5555555555555556
PROJ_048,"GVM Corporation, Visakhapatnam - APPCB",Visakhapatnam,2026-09-03,Monsoon,42,114,26,28.8166666666667,77.2083333333333,3.28208333333333,109,Moderately Polluted,pm10,0.6479200378229087,-0.1624104119867092,-0.7387215165423907,0.2880698883182587,-0.4604055868966028,0.4096231082214756,MODELING_HISTORY,Cluster 3,0.883856356551307,0.19702996552638558
PROJ_048,"GVM Corporation, Visakhapatnam - APPCB",Visakhapatnam,2026-09-04,Monsoon,38,112,36,28.975,76.4166666666667,3.22958333333333,107,Moderately Polluted,pm10,0.596826535328526,0.01516092765805841,-0.6025854445615282,0.07878932761219484,-0.5055956593704183,0.4387104107152694,MODELING_HISTORY,Cluster 3,0.8150293425302422,0.15433571996817821
PROJ_048,"GVM Corporation, Visakhapatnam - APPCB",Visakhapatnam,2026-09-05,Monsoon,42,109,43,29.6625,75.2916666666667,2.85333333333333,105,Moderately Polluted,pm10,0.3887368126881262,0.14994775277860717,-0.24905423174934144,0.12034025809417596,-0.6423742316587713,0.34851787415127367,MODELING_HISTORY,Cluster 3,0.8309295613677506,0.166003712543092
PROJ_048,"GVM Corporation, Visakhapatnam - APPCB",Visakhapatnam,2026-09-06,Monsoon,39,109,45,30.1958333333333,71.75,2.80041666666667,105,Moderately Polluted,pm10,0.34720952606314304,0.3648522989557921,-0.1825313494533709,0.16211564321836838,-0.5775681105763193,0.35714680778686786,MODELING_HISTORY,Cluster 3,0.9854087653089112,0.26677273932643863
PROJ_048,"GVM Corporation, Visakhapatnam - APPCB",Visakhapatnam,2026-09-07,Monsoon,39,121,52,31.0666666666667,67.0833333333333,1.93875,113,Moderately Polluted,pm10,-0.1532931134458899,0.5629920584339851,0.5393131092226869,0.3959816695398044,-0.5782914653235843,0.4593952000472728,MODELING_HISTORY,Cluster 2,1.2062794929796794,0.2828798185941043
PROJ_048,"GVM Corporation, Visakhapatnam - APPCB",Visakhapatnam,2026-09-08,Monsoon,38,122,53,30.6333333333333,73.5833333333333,1.87041666666667,114,Moderately Polluted,pm10,-0.07906723646975913,0.31483169653242127,0.6315228464465532,0.29290882004264673,-0.7453045679737573,0.5622848022458216,MODELING_HISTORY,Cluster 3,1.4362154836819478,0.6030230708035004
PROJ_048,"GVM Corporation, Visakhapatnam - APPCB",Visakhapatnam,2026-09-10,Monsoon,35,97,43,28.1916666666667,82.875,1.86,97,Satisfactory,pm10,0.34568275025902884,-0.3916165316658709,0.7312797843779,0.10587977237604349,-0.6209650704235838,0.414073472913848,MODELING_HISTORY,Cluster 3,0.9940266619814003,0.27631927870591355
PROJ_048,"GVM Corporation, Visakhapatnam - APPCB",Visakhapatnam,2026-09-11,Monsoon,25,57,15,25.725,94.5416666666667,2.51666666666667,56,Satisfactory,pm10,1.4188909740920763,-1.2134876493217983,0.2723257459832515,0.05709019366039309,-0.3513539818038973,0.22474451733217743,MODELING_HISTORY,Cluster 3,1.0148560190393277,0.290639087775126
PROJ_048,"GVM Corporation, Visakhapatnam - APPCB",Visakhapatnam,2026-09-14,Monsoon,33,49,38,27.4541666666667,87.625,1.04958333333333,53,Satisfactory,pm2_5,0.6331030994537269,-0.7631689761824387,1.6413735100547973,0.1999094301428703,-0.5732674362300968,-0.01887801665880228,MODELING_HISTORY,Cluster 3,1.7441794673795752,0.7825510474675152
PROJ_048,"GVM Corporation, Visakhapatnam - APPCB",Visakhapatnam,2026-09-15,Monsoon,33,53,20,28.1708333333333,82.8333333333333,1.78875,53,Satisfactory,pm2_5,0.9472115209060772,-0.6090284253663454,0.8656255684533768,0.5301593435463682,-0.3548958948249043,-0.03592478040437259,MODELING_HISTORY,Cluster 3,1.0325166778767048,0.30177671705118003
PROJ_048,"GVM Corporation, Visakhapatnam - APPCB",Visakhapatnam,2026-09-17,Monsoon,35,99,18,28.6708333333333,85.125,1.45375,99,Satisfactory,pm10,0.49275394571264225,-0.7342038745670245,0.9459299860734716,0.8173010785846008,-0.5196643866518675,0.4848825630545786,MODELING_HISTORY,Cluster 3,1.3911138323494923,0.5704057279236276
PROJ_048,"GVM Corporation, Visakhapatnam - APPCB",Visakhapatnam,2026-09-18,Monsoon,46,156,83,29.5541666666667,78.0833333333333,1.56125,137,Moderately Polluted,pm10,-0.820441035877238,0.23234396308888677,0.879984693579992,-0.3380446230372907,-1.1290624784502292,0.8586597493674508,MODELING_HISTORY,Cluster 2,1.5374793982974293,0.5799319727891157
PROJ_048,"GVM Corporation, Visakhapatnam - APPCB",Visakhapatnam,2026-09-19,Monsoon,30,98,58,28.3541666666667,81.1666666666667,2.06,98,Satisfactory,pm10,0.2990482588368151,-0.08767571196748121,0.6668375399864535,-0.2738542101890697,-0.6804221234600496,0.47355007275922456,MODELING_HISTORY,Cluster 3,1.0518453416841584,0.315035799522673
PROJ_048,"GVM Corporation, Visakhapatnam - APPCB",Visakhapatnam,2026-09-20,Monsoon,19,49,39,28.3708333333333,80.875,2.33333333333333,49,Good,pm10,1.1303482874840878,-0.1342339154814094,0.6067329633457051,-0.07827601586441105,-0.3698713689144416,0.09231123514211184,MODELING_HISTORY,Cluster 3,0.6476034017905546,0.0745160434897905
PROJ_050,"Maninagar, Ahmedabad - GPCB",Ahmedabad,2026-09-01,Monsoon,32,80,58,30.4208333333333,61.5,2.86583333333333,80,Satisfactory,pm10,0.4103561862704472,0.9249646809866066,-0.03533013636125692,-0.14369257278703224,-0.29196881795492113,0.01158937522759178,MODELING_HISTORY,Cluster 2,1.27850887525775,0.35034013605442177
PROJ_050,"Maninagar, Ahmedabad - GPCB",Ahmedabad,2026-09-02,Monsoon,48,107,67,30.9208333333333,58.4166666666667,2.52208333333333,104,Moderately Polluted,pm10,-0.26423193372438963,1.0147164012744083,0.08032130969857505,-0.0396881235913976,-0.4884431487570398,0.04438501548582256,MODELING_HISTORY,Cluster 2,0.6550769984498138,0.04308390022675737
PROJ_050,"Maninagar, Ahmedabad - GPCB",Ahmedabad,2026-09-03,Monsoon,44,82,74,30.325,60.9583333333333,2.5625,82,Satisfactory,pm10,-0.02484381171409123,0.986410130318712,0.22666848525146027,-0.3680731600009377,-0.511946673350896,-0.15049563725743018,MODELING_HISTORY,Cluster 2,0.9687272149909331,0.14002267573696145
PROJ_050,"Maninagar, Ahmedabad - GPCB",Ahmedabad,2026-09-04,Monsoon,36,83,62,29.8583333333333,63.625,2.73125,83,Satisfactory,pm10,0.2688690913257359,0.7765516703127859,0.06869414993447279,-0.2511837231591057,-0.36642938123833385,0.00529779772068445,MODELING_HISTORY,Cluster 2,1.2516969909182287,0.32142857142857145
PROJ_050,"Maninagar, Ahmedabad - GPCB",Ahmedabad,2026-09-05,Monsoon,41,77,66,29.8291666666667,64.5416666666667,2.68375,77,Satisfactory,pm10,0.21867291143992204,0.7595134953252882,0.1290767589266221,-0.3286344231092436,-0.47111549013695464,-0.12393477847764568,MODELING_HISTORY,Cluster 2,1.24659047080451,0.3157596371882086
PROJ_050,"Maninagar, Ahmedabad - GPCB",Ahmedabad,2026-09-06,Monsoon,65,89,26,29.625,65.25,2.18583333333333,114,Moderately Polluted,pm2_5,0.02815278258050427,0.02222538070095058,0.1199989710858814,0.8107179115800316,-0.3184642278418855,-0.32586256758555343,MODELING_HISTORY,Cluster 3,1.3063464451625142,0.5096791302041899
PROJ_050,"Maninagar, Ahmedabad - GPCB",Ahmedabad,2026-09-07,Monsoon,41,80,65,30.1208333333333,63.1666666666667,2.51875,80,Satisfactory,pm10,0.1348439186761806,0.802893057986853,0.24985308481003657,-0.212175758761833,-0.44942053872783205,-0.1003631463874054,MODELING_HISTORY,Cluster 2,1.1352291553393141,0.23072562358276644
PROJ_050,"Maninagar, Ahmedabad - GPCB",Ahmedabad,2026-09-08,Monsoon,38,82,55,30.2833333333333,63.25,2.35666666666667,82,Satisfactory,pm10,0.20627973942864197,0.7020633254646077,0.34637685658313583,0.06388654734462978,-0.3507926583800521,-0.02493662731190198,MODELING_HISTORY,Cluster 2,1.2317643243188525,0.30498866213151926
PROJ_050,"Maninagar, Ahmedabad - GPCB",Ahmedabad,2026-09-09,Monsoon,26,107,60,30.375,63.5833333333333,2.26666666666667,104,Moderately Polluted,pm10,0.07716496290050416,0.7952472173903743,0.4271554479893715,-0.01502955728964491,-0.3251782442955413,0.4357580989765196,MODELING_HISTORY,Cluster 2,1.1040967409893603,0.21201814058956917
PROJ_050,"Maninagar, Ahmedabad - GPCB",Ahmedabad,2026-09-10,Monsoon,47,108,64,30.8125,60.0833333333333,2.02083333333333,105,Moderately Polluted,pm10,-0.3670623954118331,0.8426681384468017,0.5063467837190834,0.13521478391564276,-0.4835547198822344,0.10036513391129744,MODELING_HISTORY,Cluster 2,0.8388964190707234,0.09807256235827665
PROJ_050,"Maninagar, Ahmedabad - GPCB",Ahmedabad,2026-09-11,Monsoon,45,87,68,31.4,59.0833333333333,2.09916666666667,87,Satisfactory,pm10,-0.1677229159093646,1.0499318464764984,0.566827711589351,0.0416960101093371,-0.5282587914100062,-0.10720269315715264,MODELING_HISTORY,Cluster 2,0.8477587919017661,0.09863945578231292
PROJ_050,"Maninagar, Ahmedabad - GPCB",Ahmedabad,2026-09-12,Monsoon,41,90,69,30.4125,62.5,2.3375,90,Satisfactory,pm10,-0.04960254168684699,0.8727176767873349,0.3860475238651916,-0.1928615128374356,-0.5023249226091395,0.00868423223828116,MODELING_HISTORY,Cluster 2,0.9867636339573047,0.1473922902494331
PROJ_050,"Maninagar, Ahmedabad - GPCB",Ahmedabad,2026-09-13,Monsoon,55,86,68,27.9208333333333,84.5416666666667,1.32375,91,Satisfactory,pm2_5,-0.20688173260333267,-0.389856485758805,1.2576606967615838,-0.2861935606333196,-1.0353561174400694,0.0178349139678032,MODELING_HISTORY,Cluster 3,1.7830955315493342,0.8027048528241846
PROJ_050,"Maninagar, Ahmedabad - GPCB",Ahmedabad,2026-09-15,Monsoon,30,75,56,27.125,86.125,2.56166666666667,74,Satisfactory,pm10,0.723606798728484,-0.3364336316627264,0.3314507885105425,-0.5905829530427218,-0.6742061877394716,0.25455246441427076,MODELING_HISTORY,Cluster 3,0.768600640259833,0.12940864492177143
PROJ_050,"Maninagar, Ahmedabad - GPCB",Ahmedabad,2026-09-16,Monsoon,25,96,55,27.8791666666667,81.8333333333333,1.95416666666667,96,Satisfactory,pm10,0.36973908897617,-0.19656003738107253,0.7822991047018474,-0.2642411770453471,-0.5666703870253916,0.5298671543540607,MODELING_HISTORY,Cluster 3,1.0633031937414819,0.326438610448157
PROJ_050,"Maninagar, Ahmedabad - GPCB",Ahmedabad,2026-09-17,Monsoon,25,58,83,28.1916666666667,78.4583333333333,2.44875,83,Satisfactory,o3,0.5444955357239216,0.3806984340982393,0.6667713296729713,-1.05007414872019,-0.7326731625727553,0.05797006291335264,MODELING_HISTORY,Cluster 3,1.5291986988513566,0.6629541235746487
PROJ_050,"Maninagar, Ahmedabad - GPCB",Ahmedabad,2026-09-18,Monsoon,52,111,84,26.7416666666667,80.0833333333333,1.29708333333333,107,Moderately Polluted,pm10,-0.6699918072458344,-0.2661599106834555,1.253469543874659,-0.6955258840275874,-0.8722332718652872,0.26080940140794856,MODELING_HISTORY,Cluster 1,2.1776667268161454,0.7200634417129262
PROJ_050,"Maninagar, Ahmedabad - GPCB",Ahmedabad,2026-09-19,Monsoon,46,110,99,26.85,84.25,1.39166666666667,106,Moderately Polluted,pm10,-0.6160434795147499,-0.1497517126087194,1.3213262197734077,-1.1053371246060424,-1.112469617779286,0.3889429735789711,MODELING_HISTORY,Cluster 2,2.364198509970223,0.8883219954648526
PROJ_050,"Maninagar, Ahmedabad - GPCB",Ahmedabad,2026-09-20,Monsoon,48,114,84,28.4791666666667,78.75,1.67083333333333,109,Moderately Polluted,pm10,-0.4834471256309963,0.11117532187829364,0.953058341374349,-0.6015143090477084,-1.0182565260773082,0.3557251783224147,MODELING_HISTORY,Cluster 2,1.7706864191532112,0.7193877551020408
PROJ_051,"Police Commissionerate, Jaipur - RSPCB",Jaipur,2026-09-01,Monsoon,26,81,39,28.6333333333333,62.2916666666667,2.56208333333333,81,Satisfactory,pm10,0.5092313200161921,0.40752531155791666,0.1425543473441143,0.1307273773284157,0.13999336407688442,0.10432124964022262,MODELING_HISTORY,Cluster 3,0.9027357532826401,0.20949350304958897
PROJ_051,"Police Commissionerate, Jaipur - RSPCB",Jaipur,2026-09-02,Monsoon,27,88,39,29.4666666666667,59.5,2.50583333333333,88,Satisfactory,pm10,0.3978145602830265,0.5912723363876939,0.14931229033146587,0.2807548674787917,0.11867394120080346,0.14503839313254427,MODELING_HISTORY,Cluster 3,1.1372977356193315,0.38292230177671704
PROJ_051,"Police Commissionerate, Jaipur - RSPCB",Jaipur,2026-09-03,Monsoon,32,84,39,29.0958333333333,64,3.03625,84,Satisfactory,pm10,0.606637979007013,0.4621083027505103,-0.3099299710218752,0.07754520010127414,-0.04471773665475541,0.06726986714101918,MODELING_HISTORY,Cluster 3,0.9396283993136968,0.23176876160169715
PROJ_051,"Police Commissionerate, Jaipur - RSPCB",Jaipur,2026-09-04,Monsoon,29,54,35,26.8166666666667,87.875,1.73166666666667,53,Satisfactory,pm10,0.87055036259867,-0.7739166889570146,1.0335556302251403,0.00322701408990253,-0.4584750804081504,0.0761446478655548,MODELING_HISTORY,Cluster 3,1.132935040039821,0.37841421373640943
PROJ_051,"Police Commissionerate, Jaipur - RSPCB",Jaipur,2026-09-05,Monsoon,28,42,32,25.2041666666667,93.5833333333333,1.935,47,Good,pm2_5,1.1250852869317018,-1.164706432133681,0.9098020837048396,-0.23965085110776085,-0.4121295345225725,0.00302050707497755,MODELING_HISTORY,Cluster 3,1.2723535702103073,0.4818350570140546
PROJ_051,"Police Commissionerate, Jaipur - RSPCB",Jaipur,2026-09-06,Monsoon,28,66,40,26.9041666666667,83.7916666666667,1.75791666666667,65,Satisfactory,pm10,0.6696785788413256,-0.5873812963882863,0.976682363943626,-0.05359574391259347,-0.37574037972402247,0.17132171859029838,MODELING_HISTORY,Cluster 3,1.0690496881655769,0.3309466984884646
PROJ_051,"Police Commissionerate, Jaipur - RSPCB",Jaipur,2026-09-07,Monsoon,32,106,36,28.3458333333333,72.125,2.43541666666667,103,Moderately Polluted,pm10,0.369368900203939,-0.03616355049487058,0.12731852490040396,0.2112169271924723,-0.2018503434273421,0.4137796140152522,MODELING_HISTORY,Cluster 3,0.7394573799307793,0.11349774595597985
PROJ_051,"Police Commissionerate, Jaipur - RSPCB",Jaipur,2026-09-08,Monsoon,31,99,37,28.4416666666667,68.625,2.81041666666667,99,Satisfactory,pm10,0.494769563055936,0.16293756897824668,-0.16949187128865517,0.104345940699412,-0.09858560517245188,0.3009515028670023,MODELING_HISTORY,Cluster 3,0.7371438758263856,0.11217183770883055
PROJ_051,"Police Commissionerate, Jaipur - RSPCB",Jaipur,2026-09-09,Monsoon,34,80,39,28.3625,66.1666666666667,2.97125,80,Satisfactory,pm10,0.6065490652083078,0.2715625055350078,-0.24662545940159736,-0.00351634827448389,-0.04108291830821735,0.01093671187892497,MODELING_HISTORY,Cluster 3,0.7654829283941806,0.12781755502519226
PROJ_051,"Police Commissionerate, Jaipur - RSPCB",Jaipur,2026-09-10,Monsoon,42,97,37,29.3708333333333,60.4583333333333,2.38833333333333,97,Satisfactory,pm10,0.12069953962649783,0.40940203564742617,0.103401161341497,0.42853435776745263,-0.02433503029638555,0.03412743236550357,MODELING_HISTORY,Cluster 3,1.2243807218109453,0.4460355343410236
PROJ_051,"Police Commissionerate, Jaipur - RSPCB",Jaipur,2026-09-11,Monsoon,41,87,40,29.15,61.5833333333333,3.28708333333333,87,Satisfactory,pm10,0.49399995895893656,0.5342651582018865,-0.605204810923431,0.05986005631111091,-0.06866924793271686,-0.06879052845324662,MODELING_HISTORY,Cluster 3,1.1748302978247098,0.40784937682312383
PROJ_051,"Police Commissionerate, Jaipur - RSPCB",Jaipur,2026-09-12,Monsoon,22,42,37,27.8,80.5833333333333,3.36416666666667,42,Good,pm10,1.4772566441207926,-0.08322093457796945,-0.294228611187498,-0.3742603496464866,-0.3181985276418932,-0.06217052663519432,MODELING_HISTORY,Cluster 3,0.7262085421914833,0.10819411296738266
PROJ_051,"Police Commissionerate, Jaipur - RSPCB",Jaipur,2026-09-13,Monsoon,28,54,38,28.7708333333333,70.75,3.53291666666667,53,Satisfactory,pm10,1.1985910519106346,0.3375496689931441,-0.561963685331586,-0.20551790027309105,-0.18008630068321174,-0.132752977301905,MODELING_HISTORY,Cluster 3,0.920544273007096,0.2203659506762132
PROJ_051,"Police Commissionerate, Jaipur - RSPCB",Jaipur,2026-09-14,Monsoon,31,59,39,28.0666666666667,75.7916666666667,3.26833333333333,58,Satisfactory,pm10,1.0866706589193504,0.03281221837749455,-0.3527678218493452,-0.2483927104079034,-0.2980418731621715,-0.06411971943739633,MODELING_HISTORY,Cluster 3,0.5840573633304067,0.05144523998939273
PROJ_051,"Police Commissionerate, Jaipur - RSPCB",Jaipur,2026-09-15,Monsoon,23,40,40,27.9916666666667,77.875,1.71583333333333,40,Good,"o3,pm10",0.8799075230790181,-0.20365760963696417,1.143188809415341,0.04232561439324051,-0.24427909340105627,-0.09816155976850324,MODELING_HISTORY,Cluster 3,1.1500905930863994,0.392468841156192
PROJ_051,"Police Commissionerate, Jaipur - RSPCB",Jaipur,2026-09-16,Monsoon,23,50,44,29.6083333333333,67.2916666666667,1.96625,50,Good,pm10,0.7044494848551435,0.4198766238283594,0.8732459201134403,0.16821751403002422,-0.13441277914056213,-0.10319831688745094,MODELING_HISTORY,Cluster 3,1.187962647007953,0.4173959162025988
PROJ_051,"Police Commissionerate, Jaipur - RSPCB",Jaipur,2026-09-17,Monsoon,21,62,36,27.15,74.6666666666667,1.78208333333333,61,Satisfactory,pm10,0.68459526696987,-0.2808646698652796,0.9589519467800884,0.08311524515233215,0.00820088388145202,0.1198544141692948,MODELING_HISTORY,Cluster 3,1.0104595804777536,0.28798727128082735
PROJ_051,"Police Commissionerate, Jaipur - RSPCB",Jaipur,2026-09-18,Monsoon,24,81,51,26.1958333333333,73.0416666666667,1.15416666666667,81,Satisfactory,pm10,0.07132260707164773,-0.34126318808198686,1.470525301904987,-0.1238186105916922,0.01981104934289666,0.2589225259581664,MODELING_HISTORY,Cluster 3,1.7514740279376233,0.7875894988066826
PROJ_051,"Police Commissionerate, Jaipur - RSPCB",Jaipur,2026-09-19,Monsoon,53,105,44,28.2083333333333,62.9166666666667,1.65833333333333,103,Moderately Polluted,pm10,-0.39132769251737487,0.05577721129183044,0.6680344121619266,0.38682735473829566,-0.1156906884523337,-0.01502112804992258,MODELING_HISTORY,Cluster 2,1.5976073814806762,0.6201814058956916
PROJ_051,"Police Commissionerate, Jaipur - RSPCB",Jaipur,2026-09-20,Monsoon,59,105,49,28,64.6666666666667,1.61875,103,Moderately Polluted,pm10,-0.5050659282083841,-0.01166142976181064,0.6965885331307592,0.2766114194641081,-0.24922267527607217,-0.08557555377099305,MODELING_HISTORY,Cluster 2,1.6327624494199726,0.645124716553288
PROJ_063,"Lalbagh, Lucknow - CPCB",Lucknow,2026-09-02,Monsoon,15,29,44,27.0041666666667,91.5416666666667,2.50541666666667,44,Good,o3,1.5060799882439129,-0.5209936092717604,0.6348787834142382,-0.5325649086273029,-0.5631402123225241,0.04150325312684355,MODELING_HISTORY,Cluster 3,0.9993554548244298,0.2789710952002121
PROJ_063,"Lalbagh, Lucknow - CPCB",Lucknow,2026-09-03,Monsoon,25,45,45,27.3291666666667,88.9166666666667,3.29625,45,Good,"o3,pm10",1.4480048929338798,-0.33691154437665277,-0.1900604247662544,-0.6291323864144964,-0.6453665790898091,0.02449289170835177,MODELING_HISTORY,Cluster 3,0.8187842377018584,0.15725271811190666
PROJ_063,"Lalbagh, Lucknow - CPCB",Lucknow,2026-09-04,Monsoon,18,53,58,27.7041666666667,88,3.39,57,Satisfactory,o3,1.3733120313393676,-0.05862962485777129,-0.18543893981311088,-0.9107905942052152,-0.7240660302360399,0.20669265680871005,MODELING_HISTORY,Cluster 3,1.0648599012940465,0.32723415539644657
PROJ_063,"Lalbagh, Lucknow - CPCB",Lucknow,2026-09-05,Monsoon,25,54,66,28.1083333333333,84.2083333333333,2.85666666666667,65,Satisfactory,o3,0.9728204330001696,0.07629926356854819,0.25809472623869734,-0.8391028365298446,-0.7699479659898563,0.08065120928966121,MODELING_HISTORY,Cluster 3,0.9970400392100777,0.27711482365420315
PROJ_063,"Lalbagh, Lucknow - CPCB",Lucknow,2026-09-06,Monsoon,25,48,45,27.5291666666667,87.6666666666667,2.63541666666667,48,Good,pm10,1.1936778555109615,-0.3770764657353278,0.3658871361681039,-0.4133323160342217,-0.6134700473039157,0.05795822069887446,MODELING_HISTORY,Cluster 3,0.6062857300917983,0.05780959957570936
PROJ_063,"Lalbagh, Lucknow - CPCB",Lucknow,2026-09-07,Monsoon,22,45,46,27.4208333333333,87.9583333333333,1.75333333333333,46,Good,o3,0.9658493725663436,-0.5074360119214814,1.1695459441868887,-0.23403343432033055,-0.5678327337900466,0.0890704886638866,MODELING_HISTORY,Cluster 3,1.2099503141729195,0.43304163351896047
PROJ_063,"Lalbagh, Lucknow - CPCB",Lucknow,2026-09-09,Monsoon,13,103,58,28.575,82.4583333333333,1.52958333333333,101,Moderately Polluted,pm10,0.3357761676080313,-0.07868657775964621,1.226522276060695,-0.1830570127280825,-0.5871476368673821,0.8122811509976745,MODELING_HISTORY,Cluster 3,1.4358143433380892,0.6030230708035004
PROJ_063,"Lalbagh, Lucknow - CPCB",Lucknow,2026-09-10,Monsoon,22,60,50,28.1541666666667,87.6666666666667,1.49958333333333,59,Satisfactory,pm10,0.7377828026535598,-0.3989896829073219,1.3524856105741632,-0.13690228731151677,-0.690399830773555,0.26618262536325804,MODELING_HISTORY,Cluster 3,1.3879307537048817,0.5685494563776187
PROJ_063,"Lalbagh, Lucknow - CPCB",Lucknow,2026-09-11,Monsoon,21,41,39,28.3041666666667,84.7916666666667,2.53208333333333,41,Good,pm10,1.306476247436506,-0.23099318605238267,0.4725779453998247,-0.17670077076578214,-0.51288420866625,0.01906111264576837,MODELING_HISTORY,Cluster 3,0.594250718732106,0.05489260143198091
PROJ_063,"Lalbagh, Lucknow - CPCB",Lucknow,2026-09-12,Monsoon,23,48,71,29.2583333333333,78.125,3.62458333333333,70,Satisfactory,o3,1.18365603172599,0.619534857656273,-0.3559663918141682,-1.0054239651767234,-0.7479217553762785,-0.0314729765361474,MODELING_HISTORY,Cluster 3,1.4603210336266552,0.6189339697692919
PROJ_063,"Lalbagh, Lucknow - CPCB",Lucknow,2026-09-13,Monsoon,37,65,65,29.4208333333333,76.7916666666667,3.66041666666667,64,Satisfactory,"o3,pm10",0.9054493910979876,0.5195382134558768,-0.5935265539628618,-0.74971374549502,-0.8084569669440368,-0.06675166113783504,MODELING_HISTORY,Cluster 3,1.3042166944811193,0.507557677008751
PROJ_063,"Lalbagh, Lucknow - CPCB",Lucknow,2026-09-14,Monsoon,39,78,59,28.5125,83.5,2.32125,78,Satisfactory,pm10,0.4793734319719164,-0.11352063598433727,0.4844291578357525,-0.3692645671981232,-0.8636833573631025,0.14572963048941828,MODELING_HISTORY,Cluster 3,0.854028014475038,0.17952797666401485
PROJ_063,"Lalbagh, Lucknow - CPCB",Lucknow,2026-09-15,Monsoon,30,85,56,28.7333333333333,82.7083333333333,1.7525,85,Satisfactory,pm10,0.3737568558866798,-0.13369253138296242,0.988605963725068,-0.1443333056625156,-0.7453237940511964,0.3622189660603654,MODELING_HISTORY,Cluster 3,1.2034973027675273,0.4298594537258022
PROJ_063,"Lalbagh, Lucknow - CPCB",Lucknow,2026-09-16,Monsoon,28,77,81,28.4208333333333,82.0833333333333,1.48458333333333,81,Satisfactory,o3,0.12285543736743744,0.09898814553937944,1.4064057225537063,-0.6907256284530063,-0.8838232682630589,0.2917382730047791,MODELING_HISTORY,Cluster 3,1.862882024435533,0.8329355608591885
PROJ_063,"Lalbagh, Lucknow - CPCB",Lucknow,2026-09-17,Monsoon,19,83,74,28.9,79.9166666666667,1.89083333333333,83,Satisfactory,pm10,0.36293394084147224,0.26557779797160236,1.043276316912245,-0.6007031915146215,-0.7373334071045872,0.4650184743081772,MODELING_HISTORY,Cluster 3,1.5022099230280048,0.6483691328560064
PROJ_063,"Lalbagh, Lucknow - CPCB",Lucknow,2026-09-18,Monsoon,28,74,49,27.2458333333333,82.4166666666667,1.83708333333333,73,Satisfactory,pm10,0.5282307438686785,-0.3901418311803574,0.9217862929985412,-0.20987758777177715,-0.46156283734228154,0.24396039737087577,MODELING_HISTORY,Cluster 3,1.0701569493061769,0.332007425086184
PROJ_063,"Lalbagh, Lucknow - CPCB",Lucknow,2026-09-19,Monsoon,39,74,61,28.1708333333333,81.75,1.02833333333333,73,Satisfactory,pm10,0.03392242346797836,-0.28914667405666816,1.6229448715529702,-0.10196173122815431,-0.7449692611303432,0.09966971511566916,MODELING_HISTORY,Cluster 3,1.8981403928443825,0.847255369928401
PROJ_063,"Lalbagh, Lucknow - CPCB",Lucknow,2026-09-20,Monsoon,19,62,64,29.25,73.6666666666667,1.37583333333333,63,Satisfactory,o3,0.37399339597284265,0.3269066038519854,1.4990768868205435,-0.20030260890923257,-0.44829895266570863,0.17194528747014784,MODELING_HISTORY,Cluster 3,1.765465828987628,0.7939538583929993
PROJ_092,"Kurla, Mumbai - MPCB",Mumbai,2026-09-09,Monsoon,29,57,29,27.2,82.625,1.88958333333333,56,Satisfactory,pm10,0.8715257361360822,-0.610213605116315,0.8295223796266192,0.18392620558713615,-0.2779299527764755,0.04647581241212102,MODELING_HISTORY,Cluster 3,0.8962928458944315,0.20445505171042164
PROJ_092,"Kurla, Mumbai - MPCB",Mumbai,2026-09-10,Monsoon,21,42,28,27.1458333333333,82.125,1.47833333333333,42,Good,pm10,0.9709915065049652,-0.6165513730582622,1.296322847025763,0.24363178033022828,-0.15108742731733732,0.00163981414757207,MODELING_HISTORY,Cluster 3,1.339236003919437,0.5354017501988863
PROJ_092,"Kurla, Mumbai - MPCB",Mumbai,2026-09-11,Monsoon,22,43,28,27.4666666666667,81.875,1.9,43,Good,pm10,1.0927435066105995,-0.5024431166522951,0.921606197125926,0.17541345870074446,-0.2028121766161799,-0.00891554083348382,MODELING_HISTORY,Cluster 3,0.9449566389327215,0.23574648634314505
PROJ_092,"Kurla, Mumbai - MPCB",Mumbai,2026-09-12,Monsoon,23,45,28,27.6666666666667,80,2.1575,45,Good,pm10,1.1189857839560564,-0.38575657893841103,0.6765364842532732,0.15178182238410162,-0.18061227294083648,-0.02763857307185286,MODELING_HISTORY,Cluster 3,0.6887702528470214,0.09254839565102095
PROJ_092,"Kurla, Mumbai - MPCB",Mumbai,2026-09-13,Monsoon,10,19,29,26.0458333333333,88.125,2.4175,29,Good,o3,1.6739367379141723,-0.708209197132704,0.6784769357248512,-0.301385714323413,-0.13430191694771965,-0.04759049833284672,MODELING_HISTORY,Cluster 3,1.0705736353156456,0.3322726067356139
PROJ_092,"Kurla, Mumbai - MPCB",Mumbai,2026-09-14,Monsoon,14,27,28,26.6708333333333,83.125,3.16333333333333,28,Good,o3,1.7354865260972316,-0.39607933192772593,-0.05174204243554059,-0.33537327534632155,-0.0928915954529878,-0.08758935347605509,MODELING_HISTORY,Cluster 3,0.8139112496285943,0.15354017501988862
PROJ_092,"Kurla, Mumbai - MPCB",Mumbai,2026-09-15,Monsoon,12,24,28,26.7541666666667,82.7916666666667,3.80541666666667,28,Good,o3,1.9914833764016973,-0.25855951930846505,-0.5824958715925176,-0.511734906552453,-0.08731392061550114,-0.10662012412867317,MODELING_HISTORY,Cluster 3,1.2649607169439097,0.475470697427738
PROJ_092,"Kurla, Mumbai - MPCB",Mumbai,2026-09-16,Monsoon,18,36,28,27.45,82.8333333333333,2.51625,36,Good,pm10,1.4206499585665455,-0.40550349548495634,0.448853418704768,-0.0330020753236289,-0.20713950268947637,-0.02685225684802802,MODELING_HISTORY,Cluster 3,0.6068250939680194,0.05780959957570936
PROJ_092,"Kurla, Mumbai - MPCB",Mumbai,2026-09-17,Monsoon,23,45,28,28.0291666666667,80.375,2.5125,45,Good,pm10,1.253702678441727,-0.28706767841743475,0.3737912894593226,0.09470978743107704,-0.2473981581896802,-0.02441429537939883,MODELING_HISTORY,Cluster 3,0.43913559510208805,0.01617608061522143
PROJ_092,"Kurla, Mumbai - MPCB",Mumbai,2026-09-18,Monsoon,22,42,28,27.3375,83.5416666666667,2.0575,42,Good,pm10,1.1775710059549251,-0.544568259251679,0.7956742141648492,0.10408855305556272,-0.24679840204386289,-0.0039202726370622,MODELING_HISTORY,Cluster 3,0.8373383924488967,0.17024661893396978
PROJ_092,"Kurla, Mumbai - MPCB",Mumbai,2026-09-19,Monsoon,17,33,28,27.4041666666667,82.7916666666667,1.69333333333333,33,Good,pm10,1.191829866859729,-0.5308621123876772,1.1811865473495815,0.17154190887749204,-0.1684818779001847,-0.02979798184793061,MODELING_HISTORY,Cluster 3,1.212171718661785,0.4354282683638292
PROJ_092,"Kurla, Mumbai - MPCB",Mumbai,2026-09-20,Monsoon,27,53,28,27.7916666666667,82.3333333333333,1.83625,52,Satisfactory,pm10,0.94109147826199,-0.5171732327278018,0.9048382421164408,0.27136763604257874,-0.3102114799141194,0.03883491947407035,MODELING_HISTORY,Cluster 3,0.9509401186451735,0.24051975603288253
PROJ_094,"Jadavpur, Kolkata - WBPCB",Kolkata,2026-09-01,Monsoon,29,52,13,27.2791666666667,93.0833333333333,3.50791666666667,51,Satisfactory,pm10,1.7805708251706691,-0.8257203896227835,-0.5957906617106947,0.02927431481873194,-0.5345850063611315,0.0959811579338288,MODELING_HISTORY,Cluster 3,1.0952363840544224,0.35136568549456376
PROJ_094,"Jadavpur, Kolkata - WBPCB",Kolkata,2026-09-02,Monsoon,38,71,13,27.525,92.75,2.20083333333333,70,Satisfactory,pm10,1.0808965354050148,-1.056623439171018,0.3948533522342498,0.4943403874010109,-0.6173619072378089,0.1968739797240906,MODELING_HISTORY,Cluster 3,0.9510104494782938,0.24051975603288253
PROJ_094,"Jadavpur, Kolkata - WBPCB",Kolkata,2026-09-03,Monsoon,39,72,13,27.7416666666667,88.875,1.78083333333333,71,Satisfactory,pm10,0.8618053842361636,-0.9842261750298172,0.73258026322985,0.6667810443135943,-0.5115398395474421,0.1555554682466468,MODELING_HISTORY,Cluster 3,1.17738865793642,0.40970564836913287
PROJ_094,"Jadavpur, Kolkata - WBPCB",Kolkata,2026-09-04,Monsoon,34,62,13,28.675,81.875,1.9375,61,Satisfactory,pm10,0.9718044498346272,-0.5769185044131175,0.651147818749418,0.7359768968817816,-0.33999805603863087,0.0422734628222586,MODELING_HISTORY,Cluster 3,0.9836280728807848,0.26518164942985945
PROJ_094,"Jadavpur, Kolkata - WBPCB",Kolkata,2026-09-05,Monsoon,40,76,12,28.6083333333333,85.6666666666667,1.49416666666667,76,Satisfactory,pm10,0.7053298130089918,-0.8277403425730373,0.9447964717187748,0.9011027408290084,-0.5058256297144721,0.16324072874074105,MODELING_HISTORY,Cluster 3,1.4063698736464871,0.581278175550252
PROJ_094,"Jadavpur, Kolkata - WBPCB",Kolkata,2026-09-06,Monsoon,40,75,12,29.3416666666667,83.8333333333333,1.65833333333333,74,Satisfactory,pm10,0.7610215062645949,-0.6383270591588288,0.8053324660638215,0.9510501739581444,-0.5380506096149169,0.1369368691567381,MODELING_HISTORY,Cluster 3,1.2788922543417043,0.48952532484752054
PROJ_094,"Jadavpur, Kolkata - WBPCB",Kolkata,2026-09-07,Monsoon,37,70,15,28.5875,87.6666666666667,1.44,69,Satisfactory,pm10,0.7857204801286569,-0.8396074287049143,1.0637596921779804,0.8040366019329415,-0.5660807012570855,0.16739084726843376,MODELING_HISTORY,Cluster 3,1.4231668868526814,0.5929461681251658
PROJ_094,"Jadavpur, Kolkata - WBPCB",Kolkata,2026-09-08,Monsoon,34,64,13,28.9375,84.7916666666667,0.832083333333333,63,Satisfactory,pm10,0.6605189390928702,-0.7975352668418668,1.6157670571201332,1.0452572669954816,-0.44658126345535215,0.12741057584245072,MODELING_HISTORY,Cluster 3,1.9887939514658897,0.883054892601432
PROJ_094,"Jadavpur, Kolkata - WBPCB",Kolkata,2026-09-09,Monsoon,35,65,13,28.2583333333333,86.9166666666667,0.99,64,Satisfactory,pm10,0.703050725470582,-0.942953483711001,1.471166396537851,0.917475415895997,-0.44815042774187647,0.13691183136997082,MODELING_HISTORY,Cluster 3,1.8444832515898417,0.8252452930257226
PROJ_094,"Jadavpur, Kolkata - WBPCB",Kolkata,2026-09-10,Monsoon,31,56,13,28.1708333333333,86.1666666666667,2.27125,55,Satisfactory,pm10,1.229215335360288,-0.7008532254866368,0.42256431575007825,0.5306972866068018,-0.40024583916219425,0.06090169248388831,MODELING_HISTORY,Cluster 3,0.776365115814205,0.13099973481835056
PROJ_094,"Jadavpur, Kolkata - WBPCB",Kolkata,2026-09-11,Monsoon,19,31,12,28.1791666666667,83.8333333333333,3.32833333333333,32,Good,pm2_5,1.9098276500539693,-0.3809296587263176,-0.32048320471363956,0.17606864397672192,-0.21111286107522567,-0.086139380039663,MODELING_HISTORY,Cluster 3,0.9601387587049031,0.24635375232033943
PROJ_094,"Jadavpur, Kolkata - WBPCB",Kolkata,2026-09-12,Monsoon,27,48,12,27.8958333333333,87.3333333333333,2.46208333333333,48,Good,pm10,1.432286883856406,-0.7253718312000662,0.3157284923887897,0.425882181639171,-0.35909999626925315,0.03931738995786852,MODELING_HISTORY,Cluster 3,0.7610343026823683,0.12437019358260408
PROJ_094,"Jadavpur, Kolkata - WBPCB",Kolkata,2026-09-13,Monsoon,23,39,12,27.5583333333333,87.8333333333333,1.61125,39,Good,pm10,1.2843078796583849,-0.8904237719271881,1.118216122188436,0.5736962262350566,-0.2702074282631109,0.01791913225987092,MODELING_HISTORY,Cluster 3,1.3838625881921633,0.5651020949350305
PROJ_094,"Jadavpur, Kolkata - WBPCB",Kolkata,2026-09-14,Monsoon,35,65,13,29.2583333333333,78.875,0.995833333333333,64,Satisfactory,pm10,0.5965837041294035,-0.5588864547738912,1.4394693748241636,1.0878404037452831,-0.29838778448861264,0.05013221144856591,MODELING_HISTORY,Cluster 3,1.8399103967112027,0.8241845664280032
PROJ_094,"Jadavpur, Kolkata - WBPCB",Kolkata,2026-09-15,Monsoon,33,61,17,30.2208333333333,74.8333333333333,1.385,60,Satisfactory,pm10,0.7073721055188393,-0.17559344451522735,1.1466089344512445,1.013892601210665,-0.30561502283061426,-0.00917982201626713,MODELING_HISTORY,Cluster 3,1.53759637376732,0.6653407584195173
PROJ_094,"Jadavpur, Kolkata - WBPCB",Kolkata,2026-09-16,Monsoon,30,55,25,30.0666666666667,74.9166666666667,1.54208333333333,54,Satisfactory,pm10,0.7688626325174365,-0.06192813526339172,1.1014026359317524,0.7471031559414544,-0.33483268991295373,-0.03655963339037852,MODELING_HISTORY,Cluster 3,1.3511640680888173,0.543357199681782
PROJ_094,"Jadavpur, Kolkata - WBPCB",Kolkata,2026-09-17,Monsoon,34,63,19,28.7416666666667,83.875,1.45416666666667,62,Satisfactory,pm10,0.7890690987936013,-0.633838613159846,1.1094770884952394,0.7262515307735833,-0.4604878955609859,0.0881908927153933,MODELING_HISTORY,Cluster 3,1.3556387287344176,0.5465393794749404
PROJ_094,"Jadavpur, Kolkata - WBPCB",Kolkata,2026-09-18,Monsoon,43,82,12,28.8916666666667,85.7083333333333,0.914166666666667,82,Satisfactory,pm10,0.4387153930090424,-0.9013504246288347,1.4040108304811716,1.115699519787088,-0.5599806542751091,0.20110830336713784,MODELING_HISTORY,Cluster 3,1.9453487104783829,0.8647573587907716
PROJ_094,"Jadavpur, Kolkata - WBPCB",Kolkata,2026-09-19,Monsoon,50,98,21,29.525,83.875,1.09166666666667,98,Satisfactory,pm10,0.17159114884796384,-0.6817389293437983,1.1827896386159369,1.0195521351802308,-0.7385961431401697,0.25428943818639327,MODELING_HISTORY,Cluster 3,1.7866431480481808,0.8050914876690533
PROJ_094,"Jadavpur, Kolkata - WBPCB",Kolkata,2026-09-20,Monsoon,24,41,13,27.2333333333333,89.3333333333333,1.9475,41,Good,pm10,1.3680258506771017,-0.9266123683667438,0.820851926746978,0.4224783783743954,-0.3088929584439833,0.03218857118589059,MODELING_HISTORY,Cluster 3,1.1394482817320202,0.38424821002386633
PROJ_101,"Jayanagar 5th Block, Bengaluru - KSPCB",Bengaluru,2026-09-01,Monsoon,15,38,29,23.6208333333333,76.4583333333333,3.03041666666667,38,Good,pm10,1.3407667950094977,-0.6835235564441936,-0.04227430388293835,-0.5880918833275873,0.4926537724332484,-0.11016836985899806,MODELING_HISTORY,Cluster 3,0.7955745529076077,0.1431980906921241
PROJ_101,"Jayanagar 5th Block, Bengaluru - KSPCB",Bengaluru,2026-09-02,Monsoon,16,41,40,23.9333333333333,76.2916666666667,3.00958333333333,41,Good,pm10,1.199413920339205,-0.5197590793024434,0.02104311041757162,-0.7812022740473248,0.34768817707602906,-0.09102001483870362,MODELING_HISTORY,Cluster 3,0.8644064622125609,0.18483160965261203
PROJ_101,"Jayanagar 5th Block, Bengaluru - KSPCB",Bengaluru,2026-09-03,Monsoon,14,36,38,23.5416666666667,79.2916666666667,2.9325,38,Good,o3,1.3025133130279034,-0.6832118306248558,0.12131029893170636,-0.8023987796525858,0.336140202153909,-0.08234255449408762,MODELING_HISTORY,Cluster 3,0.9670895375838846,0.25192256695836646
PROJ_101,"Jayanagar 5th Block, Bengaluru - KSPCB",Bengaluru,2026-09-04,Monsoon,16,39,112,24.2208333333333,76.8333333333333,2.70416666666667,116,Moderately Polluted,o3,0.45643080497157734,0.2767757460336807,0.7113088410937113,-2.289128118702022,-0.35832573967635567,-0.109416623518795,MODELING_HISTORY,Cluster 3,2.5676300940231718,0.958631662688942
PROJ_101,"Jayanagar 5th Block, Bengaluru - KSPCB",Bengaluru,2026-09-05,Monsoon,20,51,93,25.1791666666667,69.375,2.3275,93,Satisfactory,o3,0.2597864528871876,0.3267805439092802,0.8256728314081714,-1.5538260335601712,-0.08458027885775508,-0.10555627417434296,MODELING_HISTORY,Cluster 3,2.0504928641359665,0.8971095200212146
PROJ_101,"Jayanagar 5th Block, Bengaluru - KSPCB",Bengaluru,2026-09-06,Monsoon,23,59,57,25.5208333333333,65.7916666666667,2.35125,58,Satisfactory,pm10,0.4482328263453015,0.05219089875649176,0.5314640048614656,-0.6565781118161368,0.2918206113245943,-0.09592782002145334,MODELING_HISTORY,Cluster 3,1.1065023748148906,0.35958631662688945
PROJ_101,"Jayanagar 5th Block, Bengaluru - KSPCB",Bengaluru,2026-09-07,Monsoon,25,62,38,25.3458333333333,65.5416666666667,2.72791666666667,61,Satisfactory,pm10,0.6868310131234427,-0.13779828687548373,0.06720001550204913,-0.33371642761741904,0.4668427091003371,-0.10242609925121596,MODELING_HISTORY,Cluster 3,0.535720057827568,0.03818615751789976
PROJ_101,"Jayanagar 5th Block, Bengaluru - KSPCB",Bengaluru,2026-09-08,Monsoon,22,55,43,24.9375,68.375,3.02166666666667,54,Satisfactory,pm10,0.8698200152828517,-0.15365004589633124,-0.09936892565645385,-0.6210634633355973,0.4002681430522522,-0.11199804275204064,MODELING_HISTORY,Cluster 3,0.7059092870448274,0.09864757358790771
PROJ_101,"Jayanagar 5th Block, Bengaluru - KSPCB",Bengaluru,2026-09-09,Monsoon,19,47,40,25.0958333333333,68.3333333333333,2.85458333333333,47,Good,pm10,0.9577547244831198,-0.16297497911316303,0.08438240042561401,-0.5226397305506224,0.4466319556695543,-0.1496301016676085,MODELING_HISTORY,Cluster 3,0.5921953416884415,0.05409705648369133
PROJ_101,"Jayanagar 5th Block, Bengaluru - KSPCB",Bengaluru,2026-09-10,Monsoon,25,63,51,25.3625,67.5416666666667,2.60041666666667,62,Satisfactory,pm10,0.5506336324220324,-0.06726570691762741,0.25673788363602407,-0.6014487387446353,0.27961092873521864,-0.06571981563192321,MODELING_HISTORY,Cluster 3,0.8701559133133341,0.18827897109520023
PROJ_101,"Jayanagar 5th Block, Bengaluru - KSPCB",Bengaluru,2026-09-11,Monsoon,34,86,53,25.45,68.6666666666667,2.45916666666667,86,Satisfactory,pm10,0.1936747386507456,-0.16322959487721422,0.23610081868679608,-0.5135492654053951,0.11690899563767984,0.07164047351665959,MODELING_HISTORY,Cluster 3,1.0322908180173231,0.30177671705118003
PROJ_101,"Jayanagar 5th Block, Bengaluru - KSPCB",Bengaluru,2026-09-12,Monsoon,33,83,68,25.6208333333333,63.7916666666667,1.99666666666667,83,Satisfactory,pm10,-0.14048846319356467,0.11056968313595134,0.7224186063831489,-0.681965270956427,0.14714131888426651,6.494161387511355e-4,MODELING_HISTORY,Cluster 3,1.6010571819924044,0.7045876425351366
PROJ_101,"Jayanagar 5th Block, Bengaluru - KSPCB",Bengaluru,2026-09-13,Monsoon,33,82,76,24.925,62,1.89166666666667,82,Satisfactory,pm10,-0.2997385795350593,0.13405995806667623,0.8493350128623631,-0.9007560238043492,0.22507014956768948,-0.04319411513440886,MODELING_HISTORY,Cluster 2,1.8763654338541556,0.7698412698412699
PROJ_101,"Jayanagar 5th Block, Bengaluru - KSPCB",Bengaluru,2026-09-14,Monsoon,25,63,78,24.6208333333333,70.3333333333333,1.56583333333333,78,Satisfactory,o3,-0.01588481843241274,-0.11525897777714444,1.3135378399559845,-1.033300154702695,0.05456238649789383,-0.02617150641988793,MODELING_HISTORY,Cluster 3,1.9930320930442855,0.8838504375497216
PROJ_101,"Jayanagar 5th Block, Bengaluru - KSPCB",Bengaluru,2026-09-18,Monsoon,18,41,33,25.7833333333333,68.2916666666667,2.52916666666667,41,Good,pm10,1.0089903062592709,-0.17737627948982326,0.36512902295277205,-0.2186406609895415,0.4478633087306572,-0.18298319845911787,MODELING_HISTORY,Cluster 3,0.4636488984441613,0.020418987006099176
PROJ_101,"Jayanagar 5th Block, Bengaluru - KSPCB",Bengaluru,2026-09-19,Monsoon,17,37,38,25.6,69.5833333333333,2.17083333333333,38,Good,o3,0.9102879242067072,-0.23176215165294245,0.7324445782264376,-0.27837025622747796,0.4015286579964312,-0.1923781562691172,MODELING_HISTORY,Cluster 3,0.8040905349284388,0.14770617873243172
PROJ_101,"Jayanagar 5th Block, Bengaluru - KSPCB",Bengaluru,2026-09-20,Monsoon,23,43,55,23.325,82.375,2.145,54,Satisfactory,o3,0.7581396135026421,-0.7967544685132102,0.8220131491644652,-0.9620976275257016,0.03406400724961489,-0.091037976204506793,MODELING_HISTORY,Cluster 3,1.4016514584544653,0.5783611774065235
PROJ_133,"Rajbansi Nagar, Patna - BSPCB",Patna,2026-09-01,Monsoon,12,23,28,27.9291666666667,88.7083333333333,4.31416666666667,28,Good,o3,2.3149060410607207,-0.1748673759165582,-0.9822883613732758,-0.5612800381718052,-0.44787145701834113,-0.03473399765117067,MODELING_HISTORY,Cluster 3,1.7432699156611284,0.7825510474675152
PROJ_133,"Rajbansi Nagar, Patna - BSPCB",Patna,2026-09-02,Monsoon,12,22,28,27.05,91.2083333333333,4.93708333333333,28,Good,o3,2.537021004017345,-0.2803170818752698,-1.514629848443923,-0.8482472650903011,-0.43818885591420287,-0.03996838047050073,MODELING_HISTORY,Cluster 3,2.3257253321261917,0.9379474940334129
PROJ_133,"Rajbansi Nagar, Patna - BSPCB",Patna,2026-09-03,Monsoon,17,34,28,28.1333333333333,84.9583333333333,3.9375,34,Good,pm10,1.9730421351130976,-0.13511887123408367,-0.7519394777319912,-0.3618644261408991,-0.3894395384912036,-0.02494638909530288,MODELING_HISTORY,Cluster 3,1.2963336634047513,0.5017236807212941
PROJ_133,"Rajbansi Nagar, Patna - BSPCB",Patna,2026-09-04,Monsoon,22,43,28,28.8041666666667,84.8333333333333,2.58208333333333,43,Good,pm10,1.4158818897954233,-0.28232286209219964,0.3556010620225615,0.12168486682637655,-0.4875656276328281,0.03549437868173815,MODELING_HISTORY,Cluster 3,0.5347711830518049,0.03765579421904004
PROJ_133,"Rajbansi Nagar, Patna - BSPCB",Patna,2026-09-05,Monsoon,24,44,28,28.975,86.125,1.70791666666667,44,Good,pm10,1.129205093927809,-0.4441116601999408,1.1027120478780996,0.37745846797640825,-0.550474270005774,0.05318006922184042,MODELING_HISTORY,Cluster 3,1.1580159684610312,0.3975072924953593
PROJ_133,"Rajbansi Nagar, Patna - BSPCB",Patna,2026-09-06,Monsoon,19,41,28,28.925,85,1.17916666666667,41,Good,pm10,1.0271564179933574,-0.4686509444855319,1.6020885400479008,0.4921658578071407,-0.4449638833071919,0.09014822601575329,MODELING_HISTORY,Cluster 3,1.6642300307291729,0.7430389817024662
PROJ_133,"Rajbansi Nagar, Patna - BSPCB",Patna,2026-09-07,Monsoon,17,36,28,29.1708333333333,85.125,0.926666666666667,36,Good,pm10,1.0264043540366925,-0.45815007715186673,1.8588169123562597,0.5662740987253257,-0.45188851346262154,0.07525891115158843,MODELING_HISTORY,Cluster 3,1.929712462264212,0.8597189074516044
PROJ_133,"Rajbansi Nagar, Patna - BSPCB",Patna,2026-09-08,Monsoon,19,43,27,28.975,84.25,1.53208333333333,43,Good,pm10,1.1213430636893136,-0.3974940208983596,1.2789461720948756,0.4355569077255779,-0.4265067955311381,0.09657764217148904,MODELING_HISTORY,Cluster 3,1.3377277181268556,0.5335454786528773
PROJ_133,"Rajbansi Nagar, Patna - BSPCB",Patna,2026-09-09,Monsoon,20,37,28,29.1666666666667,86.2916666666667,0.950416666666667,37,Good,pm10,1.0075726362260349,-0.5079353346873546,1.8189032443125737,0.5669201716441478,-0.519936839473353,0.05583946446375301,MODELING_HISTORY,Cluster 3,1.8959779010128268,0.8467250066295412
PROJ_133,"Rajbansi Nagar, Patna - BSPCB",Patna,2026-09-10,Monsoon,19,42,28,29.225,85.6666666666667,1.51083333333333,42,Good,pm10,1.1486182607003943,-0.39242303835074,1.3159519850492731,0.4344095471448059,-0.5140434459618902,0.10759685566001034,MODELING_HISTORY,Cluster 3,1.374622527987188,0.5576770087509945
PROJ_133,"Rajbansi Nagar, Patna - BSPCB",Patna,2026-09-12,Monsoon,12,33,28,29.3458333333333,78.5416666666667,3.44666666666667,33,Good,pm10,1.817003046662362,0.1865633998957883,-0.3062088649201129,-0.07145422798521123,-0.26306041000375163,-0.01445775437239145,MODELING_HISTORY,Cluster 3,1.0008329568208303,0.28029700344736147
PROJ_133,"Rajbansi Nagar, Patna - BSPCB",Patna,2026-09-13,Monsoon,19,35,28,29.575,77.5416666666667,2.97541666666667,35,Good,pm10,1.5476680760313923,0.13229278802380717,0.04420500646511499,0.12489283240927704,-0.31130214596072625,-0.09646986470130318,MODELING_HISTORY,Cluster 3,0.7004536610107808,0.09573057544417926
PROJ_133,"Rajbansi Nagar, Patna - BSPCB",Patna,2026-09-14,Monsoon,22,45,28,28.8958333333333,85.125,1.59583333333333,45,Good,pm10,1.0891821483473187,-0.4334034677611446,1.2037762766692743,0.39898554620926024,-0.48609639460125575,0.0823358861863181,MODELING_HISTORY,Cluster 3,1.2561322889629132,0.4683107928931318
PROJ_133,"Rajbansi Nagar, Patna - BSPCB",Patna,2026-09-15,Monsoon,26,52,28,29.3416666666667,82.875,1.06666666666667,51,Satisfactory,pm10,0.7819272983180892,-0.4151209903341524,1.5991920465115932,0.641968428448972,-0.4933465766820604,0.08873151044888804,MODELING_HISTORY,Cluster 3,1.7209727322112849,0.7722089631397507
PROJ_133,"Rajbansi Nagar, Patna - BSPCB",Patna,2026-09-16,Monsoon,22,48,27,29.05,80.1666666666667,1.69791666666667,48,Good,pm10,1.0215329963160749,-0.26449462088517767,1.0759680716041544,0.45458115258605136,-0.3314143432213066,0.05301292632191547,MODELING_HISTORY,Cluster 3,1.147371407201395,0.3892866613630337
PROJ_133,"Rajbansi Nagar, Patna - BSPCB",Patna,2026-09-17,Monsoon,14,29,28,28.5333333333333,83.1666666666667,2.00416666666667,29,Good,pm10,1.4142872316912471,-0.3027827133259988,0.9611052360755976,0.19005013308049817,-0.2996085751237619,-0.01330651977019842,MODELING_HISTORY,Cluster 3,1.0429223628131699,0.30787589498806683
PROJ_133,"Rajbansi Nagar, Patna - BSPCB",Patna,2026-09-18,Monsoon,17,36,28,28.85,83.6666666666667,1.37833333333333,36,Good,pm10,1.1337380467758873,-0.3929274472766474,1.4580281417768548,0.4195930993854627,-0.3731556293236973,0.04281858099547581,MODELING_HISTORY,Cluster 3,1.5055150815472993,0.6507557677008751
PROJ_133,"Rajbansi Nagar, Patna - BSPCB",Patna,2026-09-19,Monsoon,25,50,28,29.3916666666667,80.8333333333333,1.11875,50,Good,pm10,0.7939318282099417,-0.33212947045069585,1.5608505942999151,0.6395249606406221,-0.4205755710626779,0.05542582543954788,MODELING_HISTORY,Cluster 3,1.6803478757877037,0.7520551577830814
PROJ_133,"Rajbansi Nagar, Patna - BSPCB",Patna,2026-09-20,Monsoon,24,45,28,29.9625,76.2916666666667,1.95166666666667,45,Good,pm10,1.0578855387255734,0.02643465634409873,0.8524264633727145,0.4979927760732986,-0.3445115498063288,-0.05025190726886996,MODELING_HISTORY,Cluster 3,1.0219260852042151,0.2951471758154336
PROJ_142,"Railway Colony, Guwahati - APCB",Guwahati,2026-09-02,Monsoon,9,15,15,27.8166666666667,79.125,2.61458333333333,15,Good,"o3,pm10,pm2_5",1.820777658258504,-0.2998834334429286,0.42770424048094247,0.211911541559264,0.08769815584979092,-0.16502245734843768,MODELING_HISTORY,Cluster 3,0.9207995184071666,0.2203659506762132
PROJ_142,"Railway Colony, Guwahati - APCB",Guwahati,2026-09-03,Monsoon,16,25,15,28.375,85.5416666666667,1.14791666666667,27,Good,pm2_5,1.307397756356026,-0.6845675573575448,1.6418785280023258,0.676028391240349,-0.2360970312638816,-0.03989125213917265,MODELING_HISTORY,Cluster 3,1.8144135226697828,0.8159639352956776
PROJ_142,"Railway Colony, Guwahati - APCB",Guwahati,2026-09-04,Monsoon,22,37,11,27.7625,90.0833333333333,1.0925,37,Good,"pm10,pm2_5",1.2051026704427283,-1.0099186452535576,1.5892757049783175,0.7327000185185741,-0.3400470125142993,0.05300671950318687,MODELING_HISTORY,Cluster 3,1.8691346754177833,0.8366481039512066
PROJ_142,"Railway Colony, Guwahati - APCB",Guwahati,2026-09-05,Monsoon,25,41,13,28.4083333333333,87.375,1.12916666666667,42,Good,pm2_5,1.099457551806587,-0.8283360180964296,1.5252512445653998,0.7936368555681148,-0.3776225210333136,0.02681802803221029,MODELING_HISTORY,Cluster 3,1.7712682006608342,0.7968708565367276
PROJ_142,"Railway Colony, Guwahati - APCB",Guwahati,2026-09-06,Monsoon,29,43,12,28.3041666666667,86.0833333333333,1.61791666666667,48,Good,pm2_5,1.170241022777121,-0.767075676746577,1.053776802596637,0.7055634784916225,-0.36133714926516375,-0.03829577416744371,MODELING_HISTORY,Cluster 3,1.3270726716257508,0.5237337576239725
PROJ_142,"Railway Colony, Guwahati - APCB",Guwahati,2026-09-07,Monsoon,39,64,25,29.5083333333333,80.3333333333333,1.80666666666667,64,Satisfactory,pm2_5,0.7369874288277006,-0.32424378170349877,0.7916284010871324,0.635001714116695,-0.5453208345422005,-0.01663660385914193,MODELING_HISTORY,Cluster 3,1.0241746098344078,0.2967382657120127
PROJ_142,"Railway Colony, Guwahati - APCB",Guwahati,2026-09-08,Monsoon,42,58,14,28.9666666666667,84.625,1.35375,69,Satisfactory,pm2_5,0.7660879918477193,-0.7372204580748298,1.1413173278983637,0.9106957328681816,-0.5354566457479478,-0.07016171088443349,MODELING_HISTORY,Cluster 3,1.5109755521678097,0.6526120392468842
PROJ_142,"Railway Colony, Guwahati - APCB",Guwahati,2026-09-09,Monsoon,31,48,13,29.2458333333333,84.25,1.23833333333333,50,Good,pm2_5,0.9709085265610468,-0.6382788679465016,1.3536786839738544,0.9252073889657556,-0.43785920698330005,-0.01442703988722857,MODELING_HISTORY,Cluster 3,1.6432198814957157,0.7289843542826836
PROJ_142,"Railway Colony, Guwahati - APCB",Guwahati,2026-09-10,Monsoon,32,58,15,30.0666666666667,84.0416666666667,1.65333333333333,57,Satisfactory,pm10,1.0127023996217033,-0.4382145167472348,0.9617651453026256,0.8903587762929426,-0.5779270927545082,0.08212136913793562,MODELING_HISTORY,Cluster 3,1.283737587516334,0.49482895783611774
PROJ_142,"Railway Colony, Guwahati - APCB",Guwahati,2026-09-11,Monsoon,31,53,28,30.2708333333333,82.125,1.67041666666667,52,Satisfactory,pm10,0.924266629575408,-0.1911477445480768,1.0430993866101217,0.6156453144016925,-0.6449576432237014,0.01793146776801502,MODELING_HISTORY,Cluster 3,1.1955258846678334,0.4237602757889154
PROJ_142,"Railway Colony, Guwahati - APCB",Guwahati,2026-09-12,Monsoon,21,36,10,27.5416666666667,89.0416666666667,1.33791666666667,36,Good,pm10,1.2882685123918618,-0.9785069268398676,1.3753106373614856,0.6651413735443249,-0.26392736902987124,0.03557739801035598,MODELING_HISTORY,Cluster 3,1.6639761375052242,0.7427738000530363
PROJ_142,"Railway Colony, Guwahati - APCB",Guwahati,2026-09-13,Monsoon,26,51,11,27.9291666666667,85.1666666666667,0.965,50,Good,pm10,0.9079380116868314,-0.8998727040674989,1.5918487247362498,0.8717604394327042,-0.2361882834894013,0.09039458979418126,MODELING_HISTORY,Cluster 3,1.8846889706388177,0.8424821002386634
PROJ_142,"Railway Colony, Guwahati - APCB",Guwahati,2026-09-14,Monsoon,28,50,23,29.2458333333333,82.4166666666667,0.754166666666667,50,Good,pm10,0.7082341038853798,-0.5315193090726444,1.8338036752486273,0.8351202444365957,-0.4290411808997107,0.03681319763361639,MODELING_HISTORY,Cluster 3,2.027300818779039,0.8910103420843277
PROJ_142,"Railway Colony, Guwahati - APCB",Guwahati,2026-09-15,Monsoon,28,52,76,29.4583333333333,79.875,1.49666666666667,76,Satisfactory,o3,0.3898913618261754,0.28832951206679397,1.475470793209678,-0.5048816601962312,-0.8746729900391217,0.00492003310860589,MODELING_HISTORY,Cluster 3,1.7937557980877246,0.8077433041633519
PROJ_142,"Railway Colony, Guwahati - APCB",Guwahati,2026-09-16,Monsoon,31,52,17,27.9208333333333,84.1666666666667,2,51,Satisfactory,pm10,1.093119905025942,-0.6730838023943435,0.6867969242230232,0.4912639122559889,-0.32793221608188566,-0.00771421913619882,MODELING_HISTORY,Cluster 3,0.8921233354900965,0.20180323521612303
PROJ_142,"Railway Colony, Guwahati - APCB",Guwahati,2026-09-17,Monsoon,26,40,16,26.5708333333333,89.6666666666667,1.855,43,Good,pm2_5,1.2740395258344932,-1.026588825728788,0.9046338544173876,0.30976681482705987,-0.2804319758550989,-0.0132833846924985,MODELING_HISTORY,Cluster 3,1.2012729252105236,0.428268363829223
PROJ_142,"Railway Colony, Guwahati - APCB",Guwahati,2026-09-18,Monsoon,45,77,15,27.1916666666667,85.25,1.14125,77,Satisfactory,pm10,0.4296611181927756,-1.079057788043554,1.2153629498222398,0.7969365524101606,-0.3800570102280858,0.07923024614209025,MODELING_HISTORY,Cluster 3,1.7199186734133094,0.7711482365420312
PROJ_142,"Railway Colony, Guwahati - APCB",Guwahati,2026-09-19,Monsoon,45,89,13,29.65,77.4583333333333,1.7625,89,Satisfactory,pm10,0.4950374346565768,-0.423134923982631,0.6009551312448758,1.0368454600860078,-0.4260751550646395,0.138282619952562,MODELING_HISTORY,Cluster 3,1.2775701165556448,0.48740387165208165
PROJ_142,"Railway Colony, Guwahati - APCB",Guwahati,2026-09-20,Monsoon,28,53,11,28.4916666666667,84.9583333333333,1.75291666666667,52,Satisfactory,pm10,1.1359096256874688,-0.7006198235533342,0.8910236612703181,0.7391126948751021,-0.3383573409385671,0.07287623503403134,MODELING_HISTORY,Cluster 3,1.1952069354327635,0.42349509413948555
PROJ_144,"T T Nagar, Bhopal - MPPCB",Bhopal,2026-09-01,Monsoon,20,72,23,24.7916666666667,81.7083333333333,3.70791666666667,71,Satisfactory,pm10,1.3946177388763292,-0.6875379647022898,-0.8112020824607071,-0.44215095556398926,0.1359151407241998,0.26208384670482326,MODELING_HISTORY,Cluster 3,1.0858491290370567,0.3444709626093874
PROJ_144,"T T Nagar, Bhopal - MPPCB",Bhopal,2026-09-02,Monsoon,22,60,37,24.4583333333333,85,3.8325,59,Satisfactory,pm10,1.4276844316309631,-0.654976238255767,-0.788778556000514,-0.8690032593109539,-0.07626972172237376,0.13155681345352951,MODELING_HISTORY,Cluster 3,1.318952299636054,0.5192256695836648
PROJ_144,"T T Nagar, Bhopal - MPPCB",Bhopal,2026-09-03,Monsoon,22,55,32,23.9625,85.2083333333333,4.23791666666667,54,Satisfactory,pm10,1.6345785825877996,-0.7231875425072563,-1.1505569241938935,-0.9344603079783904,0.0179026150200154,0.06436417263087231,MODELING_HISTORY,Cluster 3,1.6828522892738036,0.7533810660302307
PROJ_144,"T T Nagar, Bhopal - MPPCB",Bhopal,2026-09-04,Monsoon,15,29,28,23.0041666666667,93.2916666666667,4.93625,29,Good,pm10,2.3245955633550093,-0.9695132969258148,-1.5915735791765195,-1.2904568289334657,-0.03680987819372463,-0.04315035410701019,MODELING_HISTORY,Cluster 3,2.5402230703110296,0.9573057544417927
PROJ_144,"T T Nagar, Bhopal - MPPCB",Bhopal,2026-09-05,Monsoon,17,35,27,24.2958333333333,86.75,4.7116666666666696,35,Good,pm10,2.1133247039163443,-0.6509114233039373,-1.4595055416619296,-0.9912340820425144,0.01765277487010829,-0.0653310553127713,MODELING_HISTORY,Cluster 3,2.1263548210150325,0.9122248740387165
PROJ_144,"T T Nagar, Bhopal - MPPCB",Bhopal,2026-09-06,Monsoon,19,46,23,24.6208333333333,86.125,3.85,46,Good,pm10,1.7527688279050606,-0.7872849069919975,-0.7966573971420221,-0.595153442855149,0.03032323538686165,0.04109500236995823,MODELING_HISTORY,Cluster 3,1.3440970981558364,0.5377883850437549
PROJ_144,"T T Nagar, Bhopal - MPPCB",Bhopal,2026-09-07,Monsoon,25,71,28,25.1541666666667,84.75,3.31,70,Satisfactory,pm10,1.231516889021475,-0.7564807312671724,-0.4501887625927103,-0.4081338728788615,-0.09430519948190776,0.2277068495480352,MODELING_HISTORY,Cluster 3,0.8041109738230714,0.14770617873243172
PROJ_144,"T T Nagar, Bhopal - MPPCB",Bhopal,2026-09-08,Monsoon,30,85,33,25.4625,85.2916666666667,2.95166666666667,85,Satisfactory,pm10,0.9036345016555304,-0.7695964245840351,-0.2002044580901629,-0.33870372498810397,-0.243909007636166,0.3252582123795434,MODELING_HISTORY,Cluster 3,0.6350160740276825,0.07000795544948289
PROJ_144,"T T Nagar, Bhopal - MPPCB",Bhopal,2026-09-09,Monsoon,29,90,37,25.9541666666667,79.25,3.0175,90,Satisfactory,pm10,0.7653926031659473,-0.4639092929409582,-0.2717398575213591,-0.3394974398191796,-0.13158443837142525,0.32407353553686374,MODELING_HISTORY,Cluster 3,0.5548231164588633,0.042694245558207375
PROJ_144,"T T Nagar, Bhopal - MPPCB",Bhopal,2026-09-10,Monsoon,29,92,42,26.1875,77,2.76708333333333,92,Satisfactory,pm10,0.5878476141845971,-0.3481984505238075,-0.04266844117824422,-0.33702227198600987,-0.12496029482738122,0.3251959522492881,MODELING_HISTORY,Cluster 3,0.5763951836418206,0.04852824184566428
PROJ_144,"T T Nagar, Bhopal - MPPCB",Bhopal,2026-09-11,Monsoon,26,78,41,25.0166666666667,86.2916666666667,3.38458333333333,78,Satisfactory,pm10,1.08142125892772,-0.6759873123229454,-0.4719757559048383,-0.7260014501839417,-0.26498604080978294,0.30340350734738575,MODELING_HISTORY,Cluster 3,0.9736587080982063,0.25802174489525326
PROJ_144,"T T Nagar, Bhopal - MPPCB",Bhopal,2026-09-12,Monsoon,21,46,26,25.2916666666667,89.2083333333333,2.99583333333333,46,Good,pm10,1.50378473907431,-0.8885263915144926,-0.03293982724081007,-0.37095506389559896,-0.18349380696016496,0.07718466951777346,MODELING_HISTORY,Cluster 3,0.8539198937098319,0.17952797666401485
PROJ_144,"T T Nagar, Bhopal - MPPCB",Bhopal,2026-09-13,Monsoon,17,40,28,25.1541666666667,89.2916666666667,2.20166666666667,40,Good,pm10,1.3289533942942249,-0.9831192450327588,0.7187983773443145,-0.2507780201623877,-0.1271836077938144,0.08510689204423051,MODELING_HISTORY,Cluster 3,1.0617251269141297,0.3243171572527181
PROJ_144,"T T Nagar, Bhopal - MPPCB",Bhopal,2026-09-14,Monsoon,13,31,20,24.3083333333333,92.0833333333333,2.94875,31,Good,pm10,1.7946064360467224,-1.1313157224611314,0.09624766727076688,-0.4265442172463343,-0.01908040774290001,0.05458637408637201,MODELING_HISTORY,Cluster 3,1.2189258418181264,0.44258817289843544
PROJ_144,"T T Nagar, Bhopal - MPPCB",Bhopal,2026-09-15,Monsoon,12,37,27,25.8458333333333,80.5833333333333,2.48625,37,Good,pm10,1.3889830016748086,-0.5604793621497232,0.4806347740939136,-0.19245268609847688,0.13396544030307228,0.02120699659589137,MODELING_HISTORY,Cluster 3,0.6873919902685796,0.09175285070273137
PROJ_144,"T T Nagar, Bhopal - MPPCB",Bhopal,2026-09-16,Monsoon,11,40,30,26.1125,77.75,2.4025,40,Good,pm10,1.2790488364511412,-0.4144227876227659,0.5538977570238953,-0.18416373171658684,0.17903972776661436,0.03841010945651645,MODELING_HISTORY,Cluster 3,0.6520092686311257,0.07743304163351895
PROJ_144,"T T Nagar, Bhopal - MPPCB",Bhopal,2026-09-17,Monsoon,8,29,30,25.8083333333333,84.5,2.09208333333333,30,Good,o3,1.424093872290818,-0.675802311512927,0.9180001635562232,-0.223364936011795,0.02923997695524,0.04906834391672546,MODELING_HISTORY,Cluster 3,1.0904939951675245,0.3457968708565367
PROJ_144,"T T Nagar, Bhopal - MPPCB",Bhopal,2026-09-18,Monsoon,14,46,29,25.1125,89.5,1.75458333333333,46,Good,pm10,1.164174836728864,-1.0420852214143574,1.1065929184824668,-0.15976842707104283,-0.10406806349605673,0.20665058241896708,MODELING_HISTORY,Cluster 3,1.3385801554449397,0.5348713869000266
PROJ_144,"T T Nagar, Bhopal - MPPCB",Bhopal,2026-09-19,Monsoon,13,35,29,24.6375,86.7083333333333,1.82125,35,Good,pm10,1.2259916320734277,-1.0042865274913146,1.0866656920209627,-0.2401552578605496,0.06581808407598355,0.05633343384151269,MODELING_HISTORY,Cluster 3,1.3249111677787655,0.5229382126756829
PROJ_144,"T T Nagar, Bhopal - MPPCB",Bhopal,2026-09-20,Monsoon,13,45,34,25.5208333333333,84.9583333333333,1.67125,45,Good,pm10,1.0445220635935106,-0.7984732844129588,1.2020165693840796,-0.17689535060143624,-0.0338586595541577,0.15989881562237895,MODELING_HISTORY,Cluster 3,1.305596225480311,0.5091487669053302
PROJ_158,"Revenue Colony-Shivajinagar, Pune - IITM",Pune,2026-09-02,Monsoon,15,50,17,24.5583333333333,80.3333333333333,3.58291666666667,50,Good,pm10,1.6333334712727794,-0.7178954417928868,-0.6162862380863103,-0.3629354860921986,0.33133460061197006,0.07682052061776205,MODELING_HISTORY,Cluster 3,1.0425822037450445,0.30787589498806683
PROJ_158,"Revenue Colony-Shivajinagar, Pune - IITM",Pune,2026-09-03,Monsoon,16,59,12,24.4083333333333,79.9166666666667,3.53916666666667,58,Satisfactory,pm10,1.5624025078086792,-0.8065923661563476,-0.65597034230536,-0.22812478353765633,0.39575346358048485,0.15532037906144117,MODELING_HISTORY,Cluster 3,1.0218815316567216,0.2951471758154336
PROJ_158,"Revenue Colony-Shivajinagar, Pune - IITM",Pune,2026-09-04,Monsoon,19,53,22,24.5,80.375,3.44583333333333,52,Satisfactory,pm10,1.4625981025534096,-0.7195540128944071,-0.5090730384370394,-0.4199612690136246,0.256010892263197,0.05169535473963946,MODELING_HISTORY,Cluster 3,0.9137520821144577,0.21506231768761602
PROJ_158,"Revenue Colony-Shivajinagar, Pune - IITM",Pune,2026-09-05,Monsoon,15,52,12,24.4833333333333,80.3333333333333,3.46708333333333,51,Satisfactory,pm10,1.6232103925480144,-0.8058141750816505,-0.5538640506037488,-0.22374900657542868,0.3880090443317218,0.10097316931598764,MODELING_HISTORY,Cluster 3,0.9928588459448277,0.2752585521081941
PROJ_158,"Revenue Colony-Shivajinagar, Pune - IITM",Pune,2026-09-06,Monsoon,19,44,10,24.3625,81.25,3.02958333333333,44,Good,pm10,1.531012201277543,-0.9574789009825646,-0.17523771085205997,-0.08153869121172794,0.3699613090341991,-0.02786509917503078,MODELING_HISTORY,Cluster 3,0.846874938503076,0.1752850702731371
PROJ_158,"Revenue Colony-Shivajinagar, Pune - IITM",Pune,2026-09-07,Monsoon,19,66,28,24.6416666666667,79.3333333333333,3.16208333333333,65,Satisfactory,pm10,1.1877301192366303,-0.6575871106767953,-0.28864586861168584,-0.42539815669992825,0.21669597499696203,0.18840355833813544,MODELING_HISTORY,Cluster 3,0.6687383246473405,0.08485812781755503
PROJ_158,"Revenue Colony-Shivajinagar, Pune - IITM",Pune,2026-09-08,Monsoon,21,62,28,24.275,79.9583333333333,3.22875,61,Satisfactory,pm10,1.2158235976858691,-0.7279860191852929,-0.3429866685614794,-0.4890726375830872,0.2239948895329071,0.11550921573868649,MODELING_HISTORY,Cluster 3,0.7800889254959331,0.13338636966321932
PROJ_158,"Revenue Colony-Shivajinagar, Pune - IITM",Pune,2026-09-10,Monsoon,22,89,25,24.6083333333333,78.0833333333333,2.76875,89,Satisfactory,pm10,0.8269289522489173,-0.7626485299320863,-0.0907885908487894,-0.18160323484555424,0.25713283539344556,0.3891690745324948,MODELING_HISTORY,Cluster 3,0.5412520283076145,0.04004242906390878
PROJ_158,"Revenue Colony-Shivajinagar, Pune - IITM",Pune,2026-09-11,Monsoon,23,78,45,24.9958333333333,76.25,2.72041666666667,78,Satisfactory,pm10,0.6856608661840677,-0.4275808135794179,0.1019546970030922,-0.5798990040206781,0.08770867497370916,0.23291721970088583,MODELING_HISTORY,Cluster 3,0.7188813109059481,0.10501193317422435
PROJ_158,"Revenue Colony-Shivajinagar, Pune - IITM",Pune,2026-09-12,Monsoon,20,71,28,24.7333333333333,76.5833333333333,3.1675,70,Satisfactory,pm10,1.086774817807726,-0.5740354274717936,-0.3331269489260348,-0.3804475155301519,0.2863968270125352,0.1950082956202004,MODELING_HISTORY,Cluster 3,0.6019972889647814,0.057014054627419784
PROJ_158,"Revenue Colony-Shivajinagar, Pune - IITM",Pune,2026-09-13,Monsoon,19,50,15,23.6166666666667,84.7916666666667,3.40458333333333,50,Good,pm10,1.5887942945051852,-1.0625296922508598,-0.4887084988787963,-0.390895688581686,0.2827228205881883,0.06327690332401247,MODELING_HISTORY,Cluster 3,1.143919529212339,0.3863696632193052
PROJ_158,"Revenue Colony-Shivajinagar, Pune - IITM",Pune,2026-09-14,Monsoon,21,51,16,24.4625,79.2083333333333,3.65875,50,Good,pm10,1.557149706419111,-0.7357796053914473,-0.7381557370857206,-0.3335670084672586,0.33347226386989054,-0.01861775159122789,MODELING_HISTORY,Cluster 3,1.07609944127263,0.3362503314770618
PROJ_158,"Revenue Colony-Shivajinagar, Pune - IITM",Pune,2026-09-15,Monsoon,15,59,17,24.7625,75.4166666666667,2.7875,58,Satisfactory,pm10,1.2173061547424977,-0.6778116643607993,0.0140270558296276,-0.07012027748673179,0.4870481907910075,0.1326345124038175,MODELING_HISTORY,Cluster 3,0.4242317941783337,0.01458499071864227
PROJ_158,"Revenue Colony-Shivajinagar, Pune - IITM",Pune,2026-09-16,Monsoon,15,48,29,25.225,76.9583333333333,2.47708333333333,48,Good,pm10,1.144115697368729,-0.5553507991557309,0.4104760637013213,-0.23970557723533112,0.2819677340896983,0.042002095169299,MODELING_HISTORY,Cluster 3,0.5585738544691405,0.04428533545478653
PROJ_158,"Revenue Colony-Shivajinagar, Pune - IITM",Pune,2026-09-17,Monsoon,18,48,18,24.825,81.5,2.45333333333333,48,Good,pm10,1.2692623576993536,-0.8933524273804082,0.3645393458918107,-0.05147526759061111,0.2508213688016793,0.05135122413854878,MODELING_HISTORY,Cluster 3,0.7266733476760978,0.10819411296738266
PROJ_158,"Revenue Colony-Shivajinagar, Pune - IITM",Pune,2026-09-18,Monsoon,16,48,30,25.3583333333333,77.1666666666667,3.19208333333333,48,Good,pm10,1.360987754364977,-0.42434205212497594,-0.20805182164867403,-0.4358168118594062,0.2222933417119436,0.01731673617186835,MODELING_HISTORY,Cluster 3,0.6327338960608029,0.06894722885176346
PROJ_158,"Revenue Colony-Shivajinagar, Pune - IITM",Pune,2026-09-19,Monsoon,25,63,30,25.1083333333333,80.125,1.88041666666667,62,Satisfactory,pm10,0.7357189869432992,-0.8216941391214655,0.8140676882397142,-0.05867255302253843,0.09188161931875928,0.10837872143570744,MODELING_HISTORY,Cluster 3,0.9969479988822174,0.27711482365420315
PROJ_158,"Revenue Colony-Shivajinagar, Pune - IITM",Pune,2026-09-20,Monsoon,32,92,60,25.875,75.625,1.50875,92,Satisfactory,pm10,-0.06372224259889853,-0.3657625868316901,1.1218380387729368,-0.41427567934284226,-0.20058298256405177,0.2799679528513914,MODELING_HISTORY,Cluster 3,1.6200767960824773,0.7138690002651816
