pollutant,aqi_category,concentration_low,concentration_high,index_low,index_high,averaging_period,canonical_unit,special_rule,official_source_id,official_page_or_table,verification_status,is_open_ended
pm10,Good,0,50,0,50,24-hour,µg/m³,NA,cpcb_aqi_report_2014,Table 3.11,VERIFIED,FALSE
pm10,Satisfactory,51,100,51,100,24-hour,µg/m³,NA,cpcb_aqi_report_2014,Table 3.11,VERIFIED,FALSE
pm10,Moderately Polluted,101,250,101,200,24-hour,µg/m³,NA,cpcb_aqi_report_2014,Table 3.11,VERIFIED,FALSE
pm10,Poor,251,350,201,300,24-hour,µg/m³,NA,cpcb_aqi_report_2014,Table 3.11,VERIFIED,FALSE
pm10,Very Poor,351,430,301,400,24-hour,µg/m³,NA,cpcb_aqi_report_2014,Table 3.11,VERIFIED,FALSE
pm10,Severe,431,NA,401,500,24-hour,µg/m³,NA,cpcb_aqi_report_2014,Table 3.11,VERIFIED,TRUE
pm2_5,Good,0,30,0,50,24-hour,µg/m³,NA,cpcb_aqi_report_2014,Table 3.11,VERIFIED,FALSE
pm2_5,Satisfactory,31,60,51,100,24-hour,µg/m³,NA,cpcb_aqi_report_2014,Table 3.11,VERIFIED,FALSE
pm2_5,Moderately Polluted,61,90,101,200,24-hour,µg/m³,NA,cpcb_aqi_report_2014,Table 3.11,VERIFIED,FALSE
pm2_5,Poor,91,120,201,300,24-hour,µg/m³,NA,cpcb_aqi_report_2014,Table 3.11,VERIFIED,FALSE
pm2_5,Very Poor,121,250,301,400,24-hour,µg/m³,NA,cpcb_aqi_report_2014,Table 3.11,VERIFIED,FALSE
pm2_5,Severe,251,NA,401,500,24-hour,µg/m³,NA,cpcb_aqi_report_2014,Table 3.11,VERIFIED,TRUE
no2,Good,0,40,0,50,24-hour,µg/m³,NA,cpcb_aqi_report_2014,Table 3.11,VERIFIED,FALSE
no2,Satisfactory,41,80,51,100,24-hour,µg/m³,NA,cpcb_aqi_report_2014,Table 3.11,VERIFIED,FALSE
no2,Moderately Polluted,81,180,101,200,24-hour,µg/m³,NA,cpcb_aqi_report_2014,Table 3.11,VERIFIED,FALSE
no2,Poor,181,280,201,300,24-hour,µg/m³,NA,cpcb_aqi_report_2014,Table 3.11,VERIFIED,FALSE
no2,Very Poor,281,400,301,400,24-hour,µg/m³,NA,cpcb_aqi_report_2014,Table 3.11,VERIFIED,FALSE
no2,Severe,401,NA,401,500,24-hour,µg/m³,NA,cpcb_aqi_report_2014,Table 3.11,VERIFIED,TRUE
o3,Good,0,50,0,50,8-hour,µg/m³,NA,cpcb_aqi_report_2014,Table 3.11,VERIFIED,FALSE
o3,Satisfactory,51,100,51,100,8-hour,µg/m³,NA,cpcb_aqi_report_2014,Table 3.11,VERIFIED,FALSE
o3,Moderately Polluted,101,168,101,200,8-hour,µg/m³,NA,cpcb_aqi_report_2014,Table 3.11,VERIFIED,FALSE
o3,Poor,169,208,201,300,8-hour,µg/m³,NA,cpcb_aqi_report_2014,Table 3.11,VERIFIED,FALSE
o3,Very Poor,209,748,301,400,1-hour,µg/m³,1-hour_exceedance_special_rule,cpcb_aqi_report_2014,Table 3.11,VERIFIED,FALSE
o3,Severe,749,NA,401,500,1-hour,µg/m³,1-hour_exceedance_special_rule,cpcb_aqi_report_2014,Table 3.11,VERIFIED,TRUE
co,Good,0,1.0,0,50,8-hour,mg/m³,NA,cpcb_aqi_report_2014,Table 3.11,VERIFIED,FALSE
co,Satisfactory,1.1,2.0,51,100,8-hour,mg/m³,NA,cpcb_aqi_report_2014,Table 3.11,VERIFIED,FALSE
co,Moderately Polluted,2.1,10.0,101,200,8-hour,mg/m³,NA,cpcb_aqi_report_2014,Table 3.11,VERIFIED,FALSE
co,Poor,10.1,17.0,201,300,8-hour,mg/m³,NA,cpcb_aqi_report_2014,Table 3.11,VERIFIED,FALSE
co,Very Poor,17.1,34.0,301,400,8-hour,mg/m³,NA,cpcb_aqi_report_2014,Table 3.11,VERIFIED,FALSE
co,Severe,34.1,NA,401,500,8-hour,mg/m³,NA,cpcb_aqi_report_2014,Table 3.11,VERIFIED,TRUE
so2,Good,0,40,0,50,24-hour,µg/m³,NA,cpcb_aqi_report_2014,Table 3.11,VERIFIED,FALSE
so2,Satisfactory,41,80,51,100,24-hour,µg/m³,NA,cpcb_aqi_report_2014,Table 3.11,VERIFIED,FALSE
so2,Moderately Polluted,81,380,101,200,24-hour,µg/m³,NA,cpcb_aqi_report_2014,Table 3.11,VERIFIED,FALSE
so2,Poor,381,800,201,300,24-hour,µg/m³,NA,cpcb_aqi_report_2014,Table 3.11,VERIFIED,FALSE
so2,Very Poor,801,1600,301,400,24-hour,µg/m³,NA,cpcb_aqi_report_2014,Table 3.11,VERIFIED,FALSE
so2,Severe,1601,NA,401,500,24-hour,µg/m³,NA,cpcb_aqi_report_2014,Table 3.11,VERIFIED,TRUE
