canonical_city,alias
Visakhapatnam,Visakhapatnam
Visakhapatnam,Vishakhapatnam
Bengaluru,Bengaluru
Bengaluru,Bangalore
Mumbai,Mumbai
Mumbai,Bombay
Delhi,Delhi
Delhi,New Delhi
Kolkata,Kolkata
Kolkata,Calcutta
Chennai,Chennai
Chennai,Madras
Hyderabad,Hyderabad
Pune,Pune
Ahmedabad,Ahmedabad
Surat,Surat
Jaipur,Jaipur
Lucknow,Lucknow
Kanpur,Kanpur
Nagpur,Nagpur
Indore,Indore
Thane,Thane
Bhopal,Bhopal
Patna,Patna
Vadodara,Vadodara
Ghaziabad,Ghaziabad
Ludhiana,Ludhiana
Agra,Agra
Nashik,Nashik
Faridabad,Faridabad
Meerut,Meerut
Rajkot,Rajkot
Kalyan-Dombivli,Kalyan-Dombivli
Kalyan-Dombivli,Kalyan
Kalyan-Dombivli,Dombivli
Vasai-Virar,Vasai-Virar
Varanasi,Varanasi
Srinagar,Srinagar
Aurangabad,Aurangabad
Dhanbad,Dhanbad
Amritsar,Amritsar
Navi Mumbai,Navi Mumbai
Allahabad,Allahabad
Allahabad,Prayagraj
Howrah,Howrah
Ranchi,Ranchi
Gwalior,Gwalior
Jabalpur,Jabalpur
Coimbatore,Coimbatore
Vijayawada,Vijayawada
Jodhpur,Jodhpur
Madurai,Madurai
Raipur,Raipur
Kota,Kota
Guwahati,Guwahati
Chandigarh,Chandigarh
Solapur,Solapur
Hubli-Dharwad,Hubli-Dharwad
Hubli-Dharwad,Hubli
Hubli-Dharwad,Dharwad
Bareilly,Bareilly
Moradabad,Moradabad
Mysore,Mysore
Mysuru,Mysuru
Gurgaon,Gurgaon
Gurgaon,Gurugram
Aligarh,Aligarh
Jalandhar,Jalandhar
Tiruchirappalli,Tiruchirappalli
Bhubaneswar,Bhubaneswar
Salem,Salem
Mira-Bhayandar,Mira-Bhayandar
Warangal,Warangal
Thiruvananthapuram,Thiruvananthapuram
Thiruvananthapuram,Trivandrum
Bhiwandi,Bhiwandi
Saharanpur,Saharanpur
Gorakhpur,Gorakhpur
Bikaner,Bikaner
Amravati,Amravati
Noida,Noida
Jamshedpur,Jamshedpur
Bhilai,Bhilai
Cuttack,Cuttack
Firozabad,Firozabad
Kochi,Kochi
Kochi,Cochin
Nellore,Nellore
Bhavnagar,Bhavnagar
Dehradun,Dehradun
Durgapur,Durgapur
Asansol,Asansol
Rourkela,Rourkela
Nanded,Nanded
Kolhapur,Kolhapur
Ajmer,Ajmer
Akola,Akola
Gulbarga,Gulbarga
Jamnagar,Jamnagar
Ujjain,Ujjain
Loni,Loni
Siliguri,Siliguri
Jhansi,Jhansi
Ulhasnagar,Ulhasnagar
Jammu,Jammu
Sangli-Miraj & Kupwad,Sangli-Miraj & Kupwad
Mangalore,Mangalore
Erode,Erode
Belgaum,Belgaum
Ambattur,Ambattur
Tirunelveli,Tirunelveli
Malegaon,Malegaon
Gaya,Gaya
Jalgaon,Jalgaon
Udaipur,Udaipur
Maheshtala,Maheshtala
Davanagere,Davanagere
Kozhikode,Kozhikode
Kozhikode,Calicut
Kurnool,Kurnool
Rajpur Sonarpur,Rajpur Sonarpur
Rajahmundry,Rajahmundry
Bokaro,Bokaro
South Dumdum,South Dumdum
Bellary,Bellary
Patiala,Patiala
Gopalpur,Gopalpur
Agartala,Agartala
Bhagalpur,Bhagalpur
Muzaffarnagar,Muzaffarnagar
Bhatpara,Bhatpara
Panihati,Panihati
Latur,Latur
Dhule,Dhule
Tirupati,Tirupati
Rohtak,Rohtak
Korba,Korba
Bhilwara,Bhilwara
Berhampur,Berhampur
Muzaffarpur,Muzaffarpur
Ahmednagar,Ahmednagar
Mathura,Mathura
Kollam,Kollam
Avadi,Avadi
Kadapa,Kadapa
Kamarhati,Kamarhati
Sambalpur,Sambalpur
Bilaspur,Bilaspur
Shahjahanpur,Shahjahanpur
Satara,Satara
Bijapur,Bijapur
Rampur,Rampur
Shivamogga,Shivamogga
Chandrapur,Chandrapur
Junagadh,Junagadh
Thrissur,Thrissur
Alwar,Alwar
Bardhaman,Bardhaman
Kulti,Kulti
Kakinada,Kakinada
Nizamabad,Nizamabad
Parbhani,Parbhani
Tumkur,Tumkur
Khammam,Khammam
Uzhavoor,Uzhavoor
Ozhukarai,Ozhukarai
Bihar Sharif,Bihar Sharif
Panipat,Panipat
Darbhanga,Darbhanga
Bally,Bally
Aizawl,Aizawl
Dewas,Dewas
Ichalkaranji,Ichalkaranji
Karnal,Karnal
Bathinda,Bathinda
Jalna,Jalna
Eluru,Eluru
Kirari Suleman Nagar,Kirari Suleman Nagar
Barasat,Barasat
Purnia,Purnia
Satna,Satna
Mau,Mau
Sonipat,Sonipat
Farrukhabad,Farrukhabad
Sagar,Sagar
Rourkela,Rourkela
Durg,Durg
Imphal,Imphal
Ratlam,Ratlam
Hapur,Hapur
Arrah,Arrah
Karimnagar,Karimnagar
Anantapur,Anantapur
Etawah,Etawah
Ambernath,Ambernath
North Dumdum,North Dumdum
Bharatpur,Bharatpur
Begusarai,Begusarai
New Delhi,New Delhi
Gandhidham,Gandhidham
Baranagar,Baranagar
Tiruvottiyur,Tiruvottiyur
Puducherry,Puducherry
Pondicherry,Pondicherry
Sikar,Sikar
Thoothukudi,Thoothukudi
Rewa,Rewa
Mirzapur,Mirzapur
Raichur,Raichur
Pali,Pali
Ramagundam,Ramagundam
Haridwar,Haridwar
Vijayanagaram,Vijayanagaram
Katihar,Katihar
Nagercoil,Nagercoil
Sri Ganganagar,Sri Ganganagar
Karawal Nagar,Karawal Nagar
Mango,Mango
Thanjavur,Thanjavur
Bulandshahr,Bulandshahr
Uluberia,Uluberia
Murwara,Murwara
Sambhal,Sambhal
Singrauli,Singrauli
Nadiad,Nadiad
Secunderabad,Secunderabad
Naihati,Naihati
Yamunanagar,Yamunanagar
Bidhannagar,Bidhannagar
Pallavaram,Pallavaram
Bidar,Bidar
Munger,Munger
Panchkula,Panchkula
Burhanpur,Burhanpur
Kharagpur,Kharagpur
Dindigul,Dindigul
Gandhinagar,Gandhinagar
Hospet,Hospet
Nangloi Jat,Nangloi Jat
English Bazar,English Bazar
Ongole,Ongole
Deoghar,Deoghar
Chhapra,Chhapra
Haldia,Haldia
Khandwa,Khandwa
Nandyal,Nandyal
Chittoor,Chittoor
Morena,Morena
Amroha,Amroha
Anand,Anand
Bhind,Bhind
Bhalswa Jahangir Pur,Bhalswa Jahangir Pur
Madhyamgram,Madhyamgram
Bhiwani,Bhiwani
Navi Mumbai Panvel Raigad,Navi Mumbai Panvel Raigad
Baharampur,Baharampur
Ambala,Ambala
Morvi,Morvi
Fatehpur,Fatehpur
Rae Bareli,Rae Bareli
Khora,Khora
Bhusawal,Bhusawal
Orai,Orai
Bahraich,Bahraich
Vellore,Vellore
Mahesana,Mahesana
Raiganj,Raiganj
Sirsa,Sirsa
Danapur,Danapur
Serampore,Serampore
Sultan Pur Majra,Sultan Pur Majra
Guna,Guna
Jaunpur,Jaunpur
Panvel,Panvel
Shivpuri,Shivpuri
Surendranagar Dudhrej,Surendranagar Dudhrej
Unnao,Unnao
Hugli and Chinsurah,Hugli and Chinsurah
Alappuzha,Alappuzha
Kottayam,Kottayam
Machilipatnam,Machilipatnam
Shimla,Shimla
Midnapore,Midnapore
Adoni,Adoni
Udupi,Udupi
Katihar,Katihar
Proddatur,Proddatur
Mahbubnagar,Mahbubnagar
Saharsa,Saharsa
Dibrugarh,Dibrugarh
Jorhat,Jorhat
Hazaribagh,Hazaribagh
Hindupur,Hindupur
Nagaon,Nagaon
Sasaram,Sasaram
Hajipur,Hajipur
Giridih,Giridih
Bhimavaram,Bhimavaram
Kumbakonam,Kumbakonam
Bongaigaon,Bongaigaon
Dehri,Dehri
Madanapalle,Madanapalle
Siwan,Siwan
Bettiah,Bettiah
Ramgarh,Ramgarh
Tinsukia,Tinsukia
Guntakal,Guntakal
Srikakulam,Srikakulam
Motihari,Motihari
Dharmavaram,Dharmavaram
Medininagar,Medininagar
Gudivada,Gudivada
Phagwara,Phagwara
Pudukkottai,Pudukkottai
Hosur,Hosur
Narasaraopet,Narasaraopet
Suryapet,Suryapet
Miryalaguda,Miryalaguda
Tadipatri,Tadipatri
Kavali,Kavali
Roorkee,Roorkee
Gokak,Gokak
Dimapur,Dimapur
Tiruvannamalai,Tiruvannamalai
Silchar,Silchar
Cuddalore,Cuddalore
Chikmagalur,Chikmagalur
Neyveli,Neyveli
Bhatkal,Bhatkal
Nandurbar,Nandurbar
Agartala,Agartala
Kanchipuram,Kanchipuram
Erode,Erode
Tiruppur,Tiruppur
Ooty,Ooty
Kodaikanal,Kodaikanal
Kanyakumari,Kanyakumari
Munnar,Munnar
Palakkad,Palakkad
Pathanamthitta,Pathanamthitta
Idukki,Idukki
Wayanad,Wayanad
Kannur,Kannur
Kasaragod,Kasaragod
Malappuram,Malappuram
Lakshadweep,Lakshadweep
Andaman,Andaman
Nicobar,Nicobar
