scope,feature,training_mean,training_sd,training_n
HYDERABAD,pm2_5_aqi_input,33.652600945798476,16.834596857293967,2749
HYDERABAD,pm10_aqi_input,76.24372499090579,28.677641074862933,2749
HYDERABAD,o3_8h_max,32.16624226991633,15.352161885448071,2749
HYDERABAD,temperature,26.61250606281072,3.285929775296008,2749
HYDERABAD,humidity,59.98995089123318,17.39066488231948,2749
HYDERABAD,wind_speed,2.7257101067054688,1.1605123147543586,2749
INDIA,pm2_5_aqi_input,47.24823425544438,41.72809816449187,6796
INDIA,pm10_aqi_input,99.47115950559153,67.07251229386235,6796
INDIA,o3_8h_max,43.33637433784579,34.55800819746366,6796
INDIA,temperature,27.104998038061606,4.374290121180703,6796
INDIA,humidity,64.78912840886797,19.705651564358927,6796
INDIA,wind_speed,2.495111278693349,1.024621348749703,6796
