project_station_id,date,pm2_5_aqi_input,pm2_5_subindex,pm10_aqi_input,pm10_subindex,o3_8h_max,o3_subindex,temperature,humidity,wind_speed,wind_direction,all_three_valid,aqi_uncapped,aqi_verified,dominant_pollutant,aqi_category
PROJ_002,2026-09-22,74,145,233,189,60,59,31.21,58.08,1.02,-12.2,TRUE,189,189,pm10,Moderately Polluted
PROJ_007,2026-09-22,28,47,54,53,3,3,26.72,77.83,2.68,-55.7,TRUE,53,53,pm10,Satisfactory
PROJ_019,2026-09-22,50,83,77,77,14,14,29.74,68.75,3.7,-100.8,TRUE,83,83,pm2_5,Satisfactory
PROJ_036,2026-09-22,NA,NA,NA,NA,26,26,25.94,81.33,3.02,-48.2,FALSE,NA,NA,NA,NA
PROJ_042,2026-09-22,24,40,56,55,8,8,27.8,81.58,1.93,0.2,TRUE,55,55,pm10,Satisfactory
PROJ_044,2026-09-22,18,30,41,41,22,22,26.66,76.33,3.07,-47.3,TRUE,41,41,pm10,Good
PROJ_048,2026-09-22,18,30,35,35,36,36,25.38,97.25,3.15,-93.6,TRUE,36,36,o3,Good
PROJ_050,2026-09-22,79,162,128,118,108,110,30.48,71.92,1.5,-61,TRUE,162,162,pm2_5,Moderately Polluted
PROJ_051,2026-09-22,46,76,116,110,53,52,30.42,51,1.23,-60.7,TRUE,110,110,pm10,Moderately Polluted
PROJ_063,2026-09-22,53,88,83,83,56,55,29.47,79.04,1.06,37.6,TRUE,88,88,pm2_5,Satisfactory
PROJ_092,2026-09-22,32,52,63,62,28,28,27.82,84.29,1.26,-72,TRUE,62,62,pm10,Satisfactory
PROJ_094,2026-09-22,19,32,32,32,11,11,27.81,87.08,3.4,89.5,TRUE,32,32,"pm10,pm2_5",Good
PROJ_101,2026-09-22,23,38,48,48,66,65,23.87,77.62,3.48,-81.8,TRUE,65,65,o3,Satisfactory
PROJ_133,2026-09-22,20,33,43,43,28,28,30.37,75.33,1.63,33.6,TRUE,43,43,pm10,Good
PROJ_142,2026-09-22,27,45,50,50,12,12,29.41,83.88,1.77,105.6,TRUE,50,50,pm10,Good
PROJ_144,2026-09-22,32,52,82,82,45,45,26.5,79.96,2.16,6.6,TRUE,82,82,pm10,Satisfactory
PROJ_158,2026-09-22,33,53,78,78,47,47,24.99,85.25,2.3,-87.8,TRUE,78,78,pm10,Satisfactory
PROJ_179,2026-09-22,28,47,56,55,39,39,26.85,75.62,2.74,-53.7,TRUE,55,55,pm10,Satisfactory
PROJ_180,2026-09-22,20,33,72,71,20,20,25.99,81.04,3.06,-53.1,TRUE,71,71,pm10,Satisfactory
PROJ_181,2026-09-22,51,84,77,77,25,25,26.87,76.25,2.47,-52.6,TRUE,84,84,pm2_5,Satisfactory
PROJ_186,2026-09-22,32,52,64,63,27,27,27,76.46,2.48,-56.9,TRUE,63,63,pm10,Satisfactory
PROJ_002,2026-09-23,77,155,204,169,61,60,31.56,57.17,1.16,23.5,TRUE,169,169,pm10,Moderately Polluted
PROJ_007,2026-09-23,14,23,27,27,3,3,25.79,80.58,4.33,-59.9,TRUE,27,27,pm10,Good
PROJ_019,2026-09-23,42,69,102,101,15,15,29.84,65.62,4.23,-105.5,TRUE,101,101,pm10,Moderately Polluted
PROJ_036,2026-09-23,NA,NA,NA,NA,NA,NA,25.27,83.75,4.74,-54.6,FALSE,NA,NA,NA,NA
PROJ_042,2026-09-23,22,37,37,37,16,16,28.7,74,3.67,-6.5,TRUE,37,37,"pm10,pm2_5",Good
PROJ_044,2026-09-23,7,12,19,19,23,23,25.81,80,4.66,-54.8,TRUE,23,23,o3,Good
PROJ_048,2026-09-23,5,8,16,16,39,39,25.52,96.71,3.72,-73.7,TRUE,39,39,o3,Good
PROJ_050,2026-09-23,48,79,101,100,62,61,31.23,62.38,2.48,-65.5,TRUE,100,100,pm10,Satisfactory
PROJ_051,2026-09-23,43,71,125,116,51,50,30.84,49,1.27,53.7,TRUE,116,116,pm10,Moderately Polluted
PROJ_063,2026-09-23,56,93,76,76,51,50,27.49,86.21,1.91,39.6,TRUE,93,93,pm2_5,Satisfactory
PROJ_092,2026-09-23,32,52,62,61,28,28,28.15,83.04,1.98,-47.1,TRUE,61,61,pm10,Satisfactory
PROJ_094,2026-09-23,15,25,23,23,12,12,26.61,91.96,4.15,105.8,TRUE,25,25,pm2_5,Good
PROJ_101,2026-09-23,22,37,49,49,41,41,23.32,70.83,4.82,-90.8,TRUE,49,49,pm10,Good
PROJ_133,2026-09-23,11,18,29,29,28,28,28.48,80.88,4.22,86.9,TRUE,29,29,pm10,Good
PROJ_142,2026-09-23,9,15,16,16,22,22,27.24,86.5,2.26,89.2,TRUE,22,22,o3,Good
PROJ_144,2026-09-23,34,55,81,81,40,40,26.44,81.08,2.97,5.9,TRUE,81,81,pm10,Satisfactory
PROJ_158,2026-09-23,38,62,98,98,57,56,25.55,80.79,2.87,-79.1,TRUE,98,98,pm10,Satisfactory
PROJ_179,2026-09-23,35,57,58,57,33,33,25.86,79.92,4.26,-57.3,TRUE,57,57,"pm10,pm2_5",Satisfactory
PROJ_180,2026-09-23,18,30,72,71,19,19,25.18,84.29,4.92,-54.6,TRUE,71,71,pm10,Satisfactory
PROJ_181,2026-09-23,36,59,55,54,24,24,25.99,79.67,3.95,-58,TRUE,59,59,pm2_5,Satisfactory
PROJ_186,2026-09-23,26,43,60,59,27,27,26.05,79.58,3.93,-60.9,TRUE,59,59,pm10,Satisfactory
PROJ_002,2026-09-24,41,67,120,113,40,40,30.01,63.33,1.86,121.7,TRUE,113,113,pm10,Moderately Polluted
PROJ_007,2026-09-24,21,35,39,39,3,3,25.49,81.71,4.57,-68.6,TRUE,39,39,pm10,Good
PROJ_019,2026-09-24,44,72,91,91,17,17,30.91,54.25,5.12,-120.2,TRUE,91,91,pm10,Satisfactory
PROJ_036,2026-09-24,NA,NA,NA,NA,NA,NA,24.98,84.58,4.95,-63.8,FALSE,NA,NA,NA,NA
PROJ_042,2026-09-24,10,17,22,22,17,17,28.06,74.04,4.81,-5.7,TRUE,22,22,pm10,Good
PROJ_044,2026-09-24,12,20,42,42,19,19,25.19,83.08,4.8,-63.5,TRUE,42,42,pm10,Good
PROJ_048,2026-09-24,NA,NA,24,24,32,32,25.33,96.54,6.86,-115.3,FALSE,NA,NA,NA,NA
PROJ_050,2026-09-24,58,97,166,144,44,44,31.73,59.25,2.7,-64.6,TRUE,144,144,pm10,Moderately Polluted
PROJ_051,2026-09-24,63,107,120,113,51,50,29.82,56.38,2.1,89.3,TRUE,113,113,pm10,Moderately Polluted
PROJ_063,2026-09-24,NA,NA,NA,NA,51,50,25.81,83.38,3.95,67.7,FALSE,NA,NA,NA,NA
PROJ_092,2026-09-24,37,60,73,72,28,28,27.75,86.71,2.46,-24.7,TRUE,72,72,pm10,Satisfactory
PROJ_094,2026-09-24,18,30,29,29,11,11,26.68,91.21,4.48,118.2,TRUE,30,30,pm2_5,Good
PROJ_101,2026-09-24,19,32,40,40,42,42,23.08,74,4.73,-101.5,TRUE,42,42,o3,Good
PROJ_133,2026-09-24,10,17,16,16,28,28,25.41,92.38,5.73,74.8,TRUE,28,28,o3,Good
PROJ_142,2026-09-24,20,33,43,43,14,14,29.09,82.5,1.92,95.6,TRUE,43,43,pm10,Good
PROJ_144,2026-09-24,18,30,53,52,30,30,26.48,79.75,4.04,15.7,TRUE,52,52,pm10,Satisfactory
PROJ_158,2026-09-24,42,69,134,122,34,34,25.68,79.5,3.17,-77.2,TRUE,122,122,pm10,Moderately Polluted
PROJ_179,2026-09-24,NA,NA,NA,NA,NA,NA,25.24,83.33,4.48,-67.6,FALSE,NA,NA,NA,NA
PROJ_180,2026-09-24,21,35,70,69,20,20,24.84,85.33,5.16,-64.7,TRUE,69,69,pm10,Satisfactory
PROJ_181,2026-09-24,NA,NA,NA,NA,NA,NA,25.41,82.29,4.17,-66.2,FALSE,NA,NA,NA,NA
PROJ_186,2026-09-24,33,53,63,62,21,21,25.51,82.08,4.17,-70.5,TRUE,62,62,pm10,Satisfactory
PROJ_002,2026-09-25,NA,NA,NA,NA,NA,NA,27.84,70.17,2.43,139.8,FALSE,NA,NA,NA,NA
PROJ_007,2026-09-25,NA,NA,NA,NA,NA,NA,27.07,63.33,5.33,-77.8,FALSE,NA,NA,NA,NA
PROJ_019,2026-09-25,NA,NA,NA,NA,NA,NA,31.58,56.96,4.6,-120.6,FALSE,NA,NA,NA,NA
PROJ_036,2026-09-25,NA,NA,NA,NA,NA,NA,26.71,64.38,5.92,-72.3,FALSE,NA,NA,NA,NA
PROJ_042,2026-09-25,NA,NA,NA,NA,NA,NA,26.41,78.79,5.89,-43.9,FALSE,NA,NA,NA,NA
PROJ_044,2026-09-25,NA,NA,NA,NA,NA,NA,26.88,63.5,5.63,-72.5,FALSE,NA,NA,NA,NA
PROJ_048,2026-09-25,NA,NA,NA,NA,NA,NA,27.62,83.42,7.32,-135.3,FALSE,NA,NA,NA,NA
PROJ_050,2026-09-25,NA,NA,NA,NA,NA,NA,30.89,61.12,2.88,-82.7,FALSE,NA,NA,NA,NA
PROJ_051,2026-09-25,NA,NA,NA,NA,NA,NA,27.33,67.75,2.68,82.9,FALSE,NA,NA,NA,NA
PROJ_063,2026-09-25,NA,NA,NA,NA,NA,NA,22.83,93.92,5.24,46.7,FALSE,NA,NA,NA,NA
PROJ_092,2026-09-25,NA,NA,NA,NA,NA,NA,27.66,82.88,2.44,-71.5,FALSE,NA,NA,NA,NA
PROJ_094,2026-09-25,NA,NA,NA,NA,NA,NA,27.4,86.62,4.85,126.5,FALSE,NA,NA,NA,NA
PROJ_101,2026-09-25,NA,NA,NA,NA,NA,NA,22.44,86.12,4.21,-104.5,FALSE,NA,NA,NA,NA
PROJ_133,2026-09-25,NA,NA,NA,NA,NA,NA,25.88,88.38,7.63,86.1,FALSE,NA,NA,NA,NA
PROJ_142,2026-09-25,NA,NA,NA,NA,NA,NA,28.52,83.96,1.23,-148.7,FALSE,NA,NA,NA,NA
PROJ_144,2026-09-25,NA,NA,NA,NA,NA,NA,24.84,80,5.15,-10.8,FALSE,NA,NA,NA,NA
PROJ_158,2026-09-25,NA,NA,NA,NA,NA,NA,24.86,78.92,3.84,-92.8,FALSE,NA,NA,NA,NA
PROJ_179,2026-09-25,NA,NA,NA,NA,NA,NA,26.9,64.42,5.07,-74.4,FALSE,NA,NA,NA,NA
PROJ_180,2026-09-25,NA,NA,NA,NA,NA,NA,26.68,64.54,5.91,-72.7,FALSE,NA,NA,NA,NA
PROJ_181,2026-09-25,NA,NA,NA,NA,NA,NA,26.98,63.88,4.81,-75,FALSE,NA,NA,NA,NA
PROJ_186,2026-09-25,NA,NA,NA,NA,NA,NA,27.14,64.12,4.73,-77.2,FALSE,NA,NA,NA,NA
PROJ_002,2026-09-26,15,25,74,73,18,18,25.13,74.5,2.04,37,TRUE,73,73,pm10,Satisfactory
PROJ_007,2026-09-26,25,42,47,47,3,3,25.96,69.79,4.1,-89.8,TRUE,47,47,pm10,Good
PROJ_019,2026-09-26,56,93,94,94,16,16,30.71,64.71,3.41,-133.8,TRUE,94,94,pm10,Satisfactory
PROJ_036,2026-09-26,28,47,99,99,26,26,25.56,71.29,4.14,-94.8,TRUE,99,99,pm10,Satisfactory
PROJ_042,2026-09-26,20,33,49,49,19,19,26.84,69.33,4.53,-84.1,TRUE,49,49,pm10,Good
PROJ_044,2026-09-26,13,22,24,24,20,20,25.73,70.42,4.02,-93.6,TRUE,24,24,pm10,Good
PROJ_048,2026-09-26,50,83,155,136,71,70,28.97,78.08,3,-120.1,TRUE,136,136,pm10,Moderately Polluted
PROJ_050,2026-09-26,NA,NA,NA,NA,NA,NA,29.82,64.71,3.13,-103.1,FALSE,NA,NA,NA,NA
PROJ_051,2026-09-26,25,42,80,80,50,50,26.91,67.17,1.82,0.2,TRUE,80,80,pm10,Satisfactory
PROJ_063,2026-09-26,10,17,17,17,31,31,23.95,94.54,5.84,90.3,TRUE,31,31,o3,Good
PROJ_092,2026-09-26,43,71,84,84,28,28,28.44,75.29,2.9,-95,TRUE,84,84,pm10,Satisfactory
PROJ_094,2026-09-26,25,42,45,45,12,12,28.23,84,3.39,144.6,TRUE,45,45,pm10,Good
PROJ_101,2026-09-26,20,33,46,46,46,46,23.65,72.79,2.99,-89.4,TRUE,46,46,"o3,pm10",Good
PROJ_133,2026-09-26,NA,NA,NA,NA,NA,NA,26.02,91.46,6.94,108.2,FALSE,NA,NA,NA,NA
PROJ_142,2026-09-26,24,40,46,46,13,13,29.38,78.62,1.4,-107.7,TRUE,46,46,pm10,Good
PROJ_144,2026-09-26,24,40,64,63,49,49,24.67,76.29,4.59,-68.9,TRUE,63,63,pm10,Satisfactory
PROJ_158,2026-09-26,23,38,75,74,53,52,24.8,76.92,4.16,-96,TRUE,74,74,pm10,Satisfactory
PROJ_179,2026-09-26,NA,NA,NA,NA,NA,NA,26.07,68.21,3.82,-88.3,FALSE,NA,NA,NA,NA
PROJ_180,2026-09-26,18,30,56,55,18,18,25.82,68.92,4.48,-87.2,TRUE,55,55,pm10,Satisfactory
PROJ_181,2026-09-26,13,22,47,47,18,18,26,69.62,3.64,-91.1,TRUE,47,47,pm10,Good
PROJ_186,2026-09-26,29,48,61,60,27,27,26.21,68.58,3.64,-89.7,TRUE,60,60,pm10,Satisfactory
PROJ_002,2026-09-27,11,18,41,41,25,25,24.83,79.12,1.71,27.3,TRUE,41,41,pm10,Good
PROJ_007,2026-09-27,30,50,57,56,3,3,27.04,62.46,2.23,-42.5,TRUE,56,56,pm10,Satisfactory
PROJ_019,2026-09-27,53,88,101,100,15,15,31.08,68.88,2.15,104.9,TRUE,100,100,pm10,Satisfactory
PROJ_036,2026-09-27,NA,NA,NA,NA,NA,NA,25.87,67.75,2.45,-31.2,FALSE,NA,NA,NA,NA
PROJ_042,2026-09-27,24,40,49,49,26,26,26.93,72.46,2.4,-79.4,TRUE,49,49,pm10,Good
PROJ_044,2026-09-27,12,20,18,18,19,19,26.28,65.83,2.39,-31.3,TRUE,20,20,pm2_5,Good
PROJ_048,2026-09-27,47,78,136,123,91,91,28.88,73.46,1.78,-105.7,TRUE,123,123,pm10,Moderately Polluted
PROJ_050,2026-09-27,NA,NA,NA,NA,NA,NA,29.25,66.29,2.97,-135.3,FALSE,NA,NA,NA,NA
PROJ_051,2026-09-27,23,38,79,79,46,46,27.29,70.75,1.61,-83.4,TRUE,79,79,pm10,Satisfactory
PROJ_063,2026-09-27,9,15,17,17,36,36,23.17,87.54,2.66,171.8,TRUE,36,36,o3,Good
PROJ_092,2026-09-27,40,66,78,78,28,28,28.73,71.12,1.55,-120.3,TRUE,78,78,pm10,Satisfactory
PROJ_094,2026-09-27,46,76,88,88,20,20,29.46,79.79,0.96,-170.4,TRUE,88,88,pm10,Satisfactory
PROJ_101,2026-09-27,43,71,99,99,48,48,24.59,70.79,1.49,-41.8,TRUE,99,99,pm10,Satisfactory
PROJ_133,2026-09-27,NA,NA,NA,NA,NA,NA,27.42,79.92,1.59,-101.4,FALSE,NA,NA,NA,NA
PROJ_142,2026-09-27,25,42,42,42,13,13,29.62,77.25,2.5,-108.3,TRUE,42,42,"pm10,pm2_5",Good
PROJ_144,2026-09-27,NA,NA,NA,NA,NA,NA,25.72,73.25,3.89,-95.1,FALSE,NA,NA,NA,NA
PROJ_158,2026-09-27,16,27,51,50,25,25,25.1,74.67,2.46,-95.4,TRUE,50,50,pm10,Good
PROJ_179,2026-09-27,23,38,59,58,30,30,26.87,62.42,2.29,-39.2,TRUE,58,58,pm10,Satisfactory
PROJ_180,2026-09-27,24,40,55,54,23,23,26,66.92,2.58,-38.9,TRUE,54,54,pm10,Satisfactory
PROJ_181,2026-09-27,8,13,37,37,29,29,26.96,62.88,2.07,-40.4,TRUE,37,37,pm10,Good
PROJ_186,2026-09-27,29,48,61,60,30,30,27.13,62.38,1.94,-41.3,TRUE,60,60,pm10,Satisfactory
PROJ_002,2026-09-28,22,37,60,59,17,17,24.4,84.38,1.81,-27.6,TRUE,59,59,pm10,Satisfactory
PROJ_007,2026-09-28,43,71,82,82,3,3,28.22,55.71,1.51,-58.3,TRUE,82,82,pm10,Satisfactory
PROJ_019,2026-09-28,64,110,129,119,20,20,30.93,66.42,1.68,-152.9,TRUE,119,119,pm10,Moderately Polluted
PROJ_036,2026-09-28,NA,NA,NA,NA,NA,NA,26.09,68.21,1.4,47.1,FALSE,NA,NA,NA,NA
PROJ_042,2026-09-28,28,47,59,58,32,32,26.83,73.79,1.82,-40.7,TRUE,58,58,pm10,Satisfactory
PROJ_044,2026-09-28,17,28,27,27,18,18,26.73,64.96,1.36,-5.7,TRUE,28,28,pm2_5,Good
PROJ_048,2026-09-28,48,79,128,118,77,77,28.6,81.54,1.29,-1.4,TRUE,118,118,pm10,Moderately Polluted
PROJ_050,2026-09-28,NA,NA,NA,NA,NA,NA,29.34,62.88,1.87,-125.1,FALSE,NA,NA,NA,NA
PROJ_051,2026-09-28,41,67,101,100,37,37,26.52,73.88,2.14,-96.5,TRUE,100,100,pm10,Satisfactory
PROJ_063,2026-09-28,19,32,53,52,48,48,26.77,80.5,1.23,-144.3,TRUE,52,52,pm10,Satisfactory
PROJ_092,2026-09-28,29,48,58,57,28,28,28.16,74.62,1.33,36.6,TRUE,57,57,pm10,Satisfactory
PROJ_094,2026-09-28,NA,NA,NA,NA,NA,NA,29.47,78.58,1.78,-35.7,FALSE,NA,NA,NA,NA
PROJ_101,2026-09-28,37,60,63,62,53,52,23.65,82.38,1.31,159,TRUE,62,62,pm10,Satisfactory
PROJ_133,2026-09-28,NA,NA,NA,NA,NA,NA,27.39,79.67,2.47,-104.2,FALSE,NA,NA,NA,NA
PROJ_142,2026-09-28,49,81,124,115,28,28,29.81,75.12,1.9,-113.5,TRUE,115,115,pm10,Moderately Polluted
PROJ_144,2026-09-28,35,57,90,90,45,45,25.53,74.5,2.43,-81.5,TRUE,90,90,pm10,Satisfactory
PROJ_158,2026-09-28,27,45,105,103,74,73,24.9,76.96,1.4,-97.3,TRUE,103,103,pm10,Moderately Polluted
PROJ_179,2026-09-28,NA,NA,NA,NA,26,26,27.9,57.21,1.42,-20.6,FALSE,NA,NA,NA,NA
PROJ_180,2026-09-28,21,35,62,61,22,22,26.52,64.5,1.36,-15.8,TRUE,61,61,pm10,Satisfactory
PROJ_181,2026-09-28,15,25,47,47,34,34,28.13,58,1.37,-42.7,TRUE,47,47,pm10,Good
PROJ_186,2026-09-28,NA,NA,NA,NA,29,29,28.18,57.79,1.22,-26.4,FALSE,NA,NA,NA,NA
PROJ_002,2026-09-29,39,64,110,106,31,31,25.96,76.12,2.08,-46.2,TRUE,106,106,pm10,Moderately Polluted
PROJ_007,2026-09-29,41,67,79,79,3,3,28.55,52.58,1.65,40.4,TRUE,79,79,pm10,Satisfactory
PROJ_019,2026-09-29,62,103,117,111,17,17,30.11,73.92,2.23,-155.6,TRUE,111,111,pm10,Moderately Polluted
PROJ_036,2026-09-29,NA,NA,NA,NA,NA,NA,25.98,67.62,1.86,35,FALSE,NA,NA,NA,NA
PROJ_042,2026-09-29,28,47,72,71,36,36,27.41,67.46,1.8,-39.3,TRUE,71,71,pm10,Satisfactory
PROJ_044,2026-09-29,20,33,32,32,30,30,26.83,63.08,1.74,25.3,TRUE,33,33,pm2_5,Good
PROJ_048,2026-09-29,43,71,125,116,66,65,28.58,77.5,1.25,-118.6,TRUE,116,116,pm10,Moderately Polluted
PROJ_050,2026-09-29,88,193,342,292,65,64,30.3,59.96,1.25,-122.6,TRUE,292,292,pm10,Poor
PROJ_051,2026-09-29,54,90,140,126,48,48,27.47,63.83,1.93,-48.7,TRUE,126,126,pm10,Moderately Polluted
PROJ_063,2026-09-29,34,55,94,94,51,50,27.2,79.29,2.24,-95.4,TRUE,94,94,pm10,Satisfactory
PROJ_092,2026-09-29,31,50,59,58,28,28,28.88,72.96,2.15,-1,TRUE,58,58,pm10,Satisfactory
PROJ_094,2026-09-29,65,114,130,119,32,32,29.66,75.42,1.58,-43.2,TRUE,119,119,pm10,Moderately Polluted
PROJ_101,2026-09-29,NA,NA,NA,NA,84,84,23.55,83.54,1.23,-173.3,FALSE,NA,NA,NA,NA
PROJ_133,2026-09-29,NA,NA,NA,NA,NA,NA,28.17,75.46,2.09,-79,FALSE,NA,NA,NA,NA
PROJ_142,2026-09-29,52,86,108,105,16,16,30.25,74.92,1.15,-121.5,TRUE,105,105,pm10,Moderately Polluted
PROJ_144,2026-09-29,33,53,87,87,48,48,25.79,71.33,2.04,-54.6,TRUE,87,87,pm10,Satisfactory
PROJ_158,2026-09-29,39,64,190,160,19,19,25.65,76,1.47,109,TRUE,160,160,pm10,Moderately Polluted
PROJ_179,2026-09-29,27,45,61,60,33,33,27.86,55.58,1.9,15.5,TRUE,60,60,pm10,Satisfactory
PROJ_180,2026-09-29,19,32,58,57,16,16,26.08,65.79,1.83,19.9,TRUE,57,57,pm10,Satisfactory
PROJ_181,2026-09-29,26,43,57,56,22,22,28.54,53.29,1.63,25.1,TRUE,56,56,pm10,Satisfactory
PROJ_186,2026-09-29,27,45,59,58,30,30,28.39,54.17,1.62,15.6,TRUE,58,58,pm10,Satisfactory
PROJ_002,2026-09-30,NA,NA,NA,NA,NA,NA,27.42,68.71,2.28,-54,FALSE,NA,NA,NA,NA
PROJ_007,2026-09-30,NA,NA,NA,NA,NA,NA,28.63,52.29,1.65,35.8,FALSE,NA,NA,NA,NA
PROJ_019,2026-09-30,NA,NA,NA,NA,NA,NA,30.48,73.62,1.75,-161.9,FALSE,NA,NA,NA,NA
PROJ_036,2026-09-30,NA,NA,NA,NA,NA,NA,26.26,63.71,1.63,48.6,FALSE,NA,NA,NA,NA
PROJ_042,2026-09-30,NA,NA,NA,NA,NA,NA,28.08,64.71,1.57,-28.2,FALSE,NA,NA,NA,NA
PROJ_044,2026-09-30,NA,NA,NA,NA,NA,NA,27.19,60.12,1.63,19.4,FALSE,NA,NA,NA,NA
PROJ_048,2026-09-30,NA,NA,NA,NA,NA,NA,28.92,76.25,1.52,-116.5,FALSE,NA,NA,NA,NA
PROJ_050,2026-09-30,NA,NA,NA,NA,NA,NA,30.72,54.71,1.41,-58.2,FALSE,NA,NA,NA,NA
PROJ_051,2026-09-30,NA,NA,NA,NA,NA,NA,28.49,53.88,2.05,-77.6,FALSE,NA,NA,NA,NA
PROJ_063,2026-09-30,NA,NA,NA,NA,NA,NA,27.27,77.25,1.96,-75.4,FALSE,NA,NA,NA,NA
PROJ_092,2026-09-30,NA,NA,NA,NA,NA,NA,29.04,72.67,1.21,12.9,FALSE,NA,NA,NA,NA
PROJ_094,2026-09-30,NA,NA,NA,NA,NA,NA,29.75,74.42,1.6,-94.1,FALSE,NA,NA,NA,NA
PROJ_101,2026-09-30,NA,NA,NA,NA,NA,NA,22.84,86.38,1.63,-153.9,FALSE,NA,NA,NA,NA
PROJ_133,2026-09-30,NA,NA,NA,NA,NA,NA,28.07,77.46,2.38,-107.3,FALSE,NA,NA,NA,NA
PROJ_142,2026-09-30,NA,NA,NA,NA,NA,NA,29.66,74.58,1.97,-126.6,FALSE,NA,NA,NA,NA
PROJ_144,2026-09-30,NA,NA,NA,NA,NA,NA,26.58,66.12,1.63,-40.5,FALSE,NA,NA,NA,NA
PROJ_158,2026-09-30,NA,NA,NA,NA,NA,NA,24.8,79.92,1.23,-85.4,FALSE,NA,NA,NA,NA
PROJ_179,2026-09-30,NA,NA,NA,NA,NA,NA,28.15,54.04,1.61,7.8,FALSE,NA,NA,NA,NA
PROJ_180,2026-09-30,NA,NA,NA,NA,NA,NA,26.51,61.25,1.55,11.7,FALSE,NA,NA,NA,NA
PROJ_181,2026-09-30,NA,NA,NA,NA,NA,NA,28.77,52.54,1.56,9.4,FALSE,NA,NA,NA,NA
PROJ_186,2026-09-30,NA,NA,NA,NA,NA,NA,28.63,53.38,1.49,3.5,FALSE,NA,NA,NA,NA
